track_id,song_id,artist_id,artist_name,song_title,genre,dot_match_1_song,dot_match_1_score,dot_match_2_song,dot_match_2_score,dot_match_3_song,dot_match_3_score,centered_match_1_song,centered_match_1_score,centered_match_2_song,centered_match_2_score,centered_match_3_song,centered_match_3_score,correlation_match_1_song,correlation_match_1_score,correlation_match_2_song,correlation_match_2_score,correlation_match_3_song,correlation_match_3_score,cosine_match_1_song,cosine_match_1_score,cosine_match_2_song,cosine_match_2_score,cosine_match_3_song,cosine_match_3_score,tfidf_dot_match_1_song,tfidf_dot_match_1_score,tfidf_dot_match_2_song,tfidf_dot_match_2_score,tfidf_dot_match_3_song,tfidf_dot_match_3_score,tfidf_centered_match_1_song,tfidf_centered_match_1_score,tfidf_centered_match_2_song,tfidf_centered_match_2_score,tfidf_centered_match_3_song,tfidf_centered_match_3_score,tfidf_correlation_match_1_song,tfidf_correlation_match_1_score,tfidf_correlation_match_2_song,tfidf_correlation_match_2_score,tfidf_correlation_match_3_song,tfidf_correlation_match_3_score,tfidf_cosine_match_1_song,tfidf_cosine_match_1_score,tfidf_cosine_match_2_song,tfidf_cosine_match_2_score,tfidf_cosine_match_3_song,tfidf_cosine_match_3_score
TRVYEUW128F148C08D,SOFCCWD12AF72A6BC0,ARXPPEY1187FB51DF4,Michael Jackson,All The Things You Are,blues,Lauryn Hill - Interlude 5,3570.0,Twista - I'm A Winner (Amended Album Version),2865.0,Katy Perry - Hot N Cold (Innerpartysystem Main),2436.0,Lauryn Hill - Interlude 5,3310.5599999999995,Twista - I'm A Winner (Amended Album Version),2695.4475000000034,Katy Perry - Hot N Cold (Innerpartysystem Main),2364.6187500000124,Tony Bennett - You're All The World To Me,586.9574648315192,Patricia Barber - You're The Top,581.7470900840453,Husker Du - You're A Soldier,550.9815342111564,Tony Bennett - You're All The World To Me,0.73913808345401,Patricia Barber - You're The Top,0.7316274421252662,Husker Du - You're A Soldier,0.694669413787504,Aqua - Happy Boys & Girls,108.9526603113107,Flipsyde - Angel,101.61049527314846,Cathy Dennis - Being With You,100.58760870915184,Aqua - Happy Boys & Girls,91.6896816727743,Cathy Dennis - Being With You,85.06942124454166,Michael Jackson - Baby Be Mine,81.05918663573401,Colin James - These Arms Of Mine,267.06144401070907,Big Bad Voodoo Daddy - Please Baby,227.2594360003523,Michael Jackson - Baby Be Mine,211.47184875155406,Colin James - These Arms Of Mine,0.3538237972951243,Big Bad Voodoo Daddy - Please Baby,0.3051595525279233,Michael Jackson - Baby Be Mine,0.30170735811526317
TRCXKPC128F92FD04C,SOEFNXT12AB017E829,ARZENOX1187B98A645,John Mayer,Vultures,blues,Beastie Boys - B-Boy Bouillabaisse: A.W.O.L. (2009 Digital Remaster),3132.0,Lauryn Hill - Interlude 5,3012.0,R. Kelly - I Mean (I Don't Mean It),2988.0,R. Kelly - I Mean (I Don't Mean It),2804.21499999999,Beastie Boys - B-Boy Bouillabaisse: A.W.O.L. (2009 Digital Remaster),2768.855000000022,Eminem - 8 Mile,2689.944999999965,Naked Aggression - Plastic World,525.4962565410742,Ozma - The Ups And Downs,512.9015607411953,Sage Francis - Keep Moving,490.7792287605998,Naked Aggression - Plastic World,0.6692922727596603,Ozma - The Ups And Downs,0.6557604034160445,Sage Francis - Keep Moving,0.6349611011001333,Lauryn Hill - Interlude 5,246.48258211147055,Beastie Boys - B-Boy Bouillabaisse: A.W.O.L. (2009 Digital Remaster),215.6073461275193,Binary Star - Honest Expression,200.281270949443,Matisyahu - Fire and Heights,119.36185905416235,OutKast - Mainstream,114.52732773604771,Barry White - Never Gonna Give You Up,106.12027186592812,Barry White - Never Gonna Give You Up,213.52678100804522,Matisyahu - Fire and Heights,209.26480104521494,Matisyahu - Jerusalem,203.8675861311282,Matisyahu - Fire and Heights,0.34215067325403165,Barry White - Never Gonna Give You Up,0.32940827919320403,Matisyahu - Jerusalem,0.3182902209314574
TRMMALW128F92FD049,SOVUCRS12A58A7D207,ARZENOX1187B98A645,John Mayer,Out Of My Mind,blues,Lauryn Hill - Interlude 5,4597.0,Beastie Boys - B-Boy Bouillabaisse: A.W.O.L. (2009 Digital Remaster),3722.0,Twista - I'm A Winner (Amended Album Version),3671.0,Lauryn Hill - Interlude 5,4262.119999999988,Twista - I'm A Winner (Amended Album Version),3452.1450000000336,Beastie Boys - B-Boy Bouillabaisse: A.W.O.L. (2009 Digital Remaster),3441.947499999954,Fat Joe - Preacher On A Sunday Morning,533.5458969885245,Calvin Harris - Ready For The Weekend,531.8408031602905,KATAKLYSM - Beyond Salvation,529.5959250935296,Fat Joe - Preacher On A Sunday Morning,0.6782620363865318,Calvin Harris - Ready For The Weekend,0.6750246601106777,KATAKLYSM - Beyond Salvation,0.6703596100206974,Lauryn Hill - Interlude 5,178.61903824220047,Eminem - If I Had,162.4330703476232,Beastie Boys - B-Boy Bouillabaisse: A.W.O.L. (2009 Digital Remaster),155.14230418241527,Eminem - If I Had,121.36155582512161,Lauryn Hill - Interlude 5,93.30820818553774,Nelly - Say Now,92.21686539351975,Heatmiser - Half Right,211.8548817360197,Pop Levi - Hades Lady,197.2599981869632,Camper Van Beethoven - Sad Lover's Waltz,195.31844343091365,Heatmiser - Half Right,0.2977239544664077,Eminem - If I Had,0.2921640239717053,Gary Allan - Half Of My Mistakes,0.2764968207302844
TRJWAJC128F9327C4F,SORMDVX12AB01816AA,ARLMXEA1187B9A7D04,R. Kelly,Hump Bounce,blues,Lauryn Hill - Interlude 5,5557.0,Beastie Boys - B-Boy Bouillabaisse: A.W.O.L. (2009 Digital Remaster),4567.0,Erykah Badu - I Want You,4088.0,Lauryn Hill - Interlude 5,5091.48000000001,Beastie Boys - B-Boy Bouillabaisse: A.W.O.L. (2009 Digital Remaster),4177.696250000063,Erykah Badu - I Want You,3916.908749999934,The Derek Trucks Band - All I Do,526.3367113294621,Avalon - Overjoyed,511.8159833075761,Billie Piper - Day And Night,504.54691060482816,The Derek Trucks Band - All I Do,0.667718031491555,Avalon - Overjoyed,0.6534939234987447,Billie Piper - Day And Night,0.6430239888722205,Dilated Peoples - Ear Drums Pop,207.07762687006073,Ying Yang Twins - 1st Booty On Duty,197.78061056192908,Beastie Boys - B-Boy Bouillabaisse: A.W.O.L. (2009 Digital Remaster),196.09871987916367,Dilated Peoples - Ear Drums Pop,131.61633270883777,Afroman - Let's All Get Drunk,127.10593738059657,Ying Yang Twins - 1st Booty On Duty,123.8661701681039,Bowling For Soup - Here We Go,241.13382850898316,Wade Hayes - Don't Stop,235.84414895762117,The Adicts - Disco,234.51652226210823,Bowling For Soup - Here We Go,0.3460019266546869,Wade Hayes - Don't Stop,0.3392556252649811,UB40 - Here I Am (Come And Take Me),0.3313970699904889
TRPEBTH128F9327C4D,SOYTJAC12AF729F49D,ARLMXEA1187B9A7D04,R. Kelly,Intro - The Sermon,blues,Lauryn Hill - Interlude 5,6673.0,Beastie Boys - B-Boy Bouillabaisse: A.W.O.L. (2009 Digital Remaster),5569.0,Twista - I'm A Winner (Amended Album Version),5237.0,Lauryn Hill - Interlude 5,6075.000000000047,Beastie Boys - B-Boy Bouillabaisse: A.W.O.L. (2009 Digital Remaster),5068.90625000005,Twista - I'm A Winner (Amended Album Version),4846.187500000082,Blues Traveler - Hook,594.4089980604494,G-Unit - I Don't Want To Talk About It,594.2678725975567,Beastie Boys - B-Boy Bouillabaisse: A.W.O.L. (2009 Digital Remaster),593.3477381533594,Beastie Boys - B-Boy Bouillabaisse: A.W.O.L. (2009 Digital Remaster),0.758552189169887,Blues Traveler - Hook,0.756381455883275,G-Unit - I Don't Want To Talk About It,0.7561220426091677,Lauryn Hill - Interlude 5,386.37062301779605,Michael Jackson - Man In The Mirror,294.5114529659673,Binary Star - Honest Expression,281.14173577404387,Michael Jackson - Man In The Mirror,198.78504720412715,Lauryn Hill - Interlude 5,195.92225239076672,Binary Star - Honest Expression,150.0911754892343,Jennifer Lopez - The Way It Is,226.23048056903178,Beastie Boys - Pass The Mic (Pt. 2_ Skills To Pay The Bills) (2009 Digital Remaster),216.05796444769823,Fiona Apple - Oh Well,210.8576539108219,Beastie Boys - Pass The Mic (Pt. 2_ Skills To Pay The Bills) (2009 Digital Remaster),0.35258464957091423,Lauryn Hill - Interlude 5,0.3430340905035263,Jennifer Lopez - The Way It Is,0.3382566839745338
TRNWHUD128F932E304,SOXUKQZ12AB01860EE,ARXPPEY1187FB51DF4,Michael Jackson,Call On Me,blues,Lauryn Hill - Interlude 5,8789.0,Twista - I'm A Winner (Amended Album Version),7434.0,Beastie Boys - B-Boy Bouillabaisse: A.W.O.L. (2009 Digital Remaster),7016.0,Lauryn Hill - Interlude 5,8073.239999999936,Twista - I'm A Winner (Amended Album Version),6966.227500000057,Erykah Badu - I Want You,6740.938749999877,Albert Hammond Jr - G Up,642.1696502811932,Anastacia - Club Megamix,639.0765145784453,Blues Traveler - Hook,633.2932301679722,Albert Hammond Jr - G Up,0.8100800277820065,Anastacia - Club Megamix,0.8097786208426687,Blues Traveler - Hook,0.8019385595698869,Lauryn Hill - Interlude 5,318.7886076067768,Beastie Boys - B-Boy Bouillabaisse: A.W.O.L. (2009 Digital Remaster),315.63720227537294,Ryan Leslie - Just Right,271.10241459181435,Ryan Leslie - Just Right,205.5374263589853,Omarion - I'm Gon' Change,150.90112093925777,Eternal - Oh Baby I,150.09015280814768,Ryan Leslie - Just Right,256.7247803416892,Eternal - Oh Baby I,238.17277325593204,Matt Wertz - 5:19,234.98967498577437,Ryan Leslie - Just Right,0.383527295702394,Eternal - Oh Baby I,0.36091538382648203,Matt Wertz - 5:19,0.3492689868880624
TRFGGSX128F427A723,SOIBZAN12D02191BAF,ARS8GNX1187B9B5141,The Black Keys,Oceans and Streams,blues,Lauryn Hill - Interlude 5,2328.0,Beastie Boys - B-Boy Bouillabaisse: A.W.O.L. (2009 Digital Remaster),2215.0,Eminem - 8 Mile,1918.0,Lauryn Hill - Interlude 5,2088.7999999999893,Beastie Boys - B-Boy Bouillabaisse: A.W.O.L. (2009 Digital Remaster),2014.9624999999817,Eminem - 8 Mile,1767.0375000000213,Manafest - Runaway,563.0599903756464,The Cat Empire - The Car Song,555.9287351985759,Ballboy - I Don't Have Time To Stand Here With You Fighting About The Size Of My Dick,549.1327585939218,Manafest - Runaway,0.7156599537949512,The Cat Empire - The Car Song,0.7093541132995728,Ballboy - I Don't Have Time To Stand Here With You Fighting About The Size Of My Dick,0.7006955849653108,Eminem - 8 Mile,149.5988690591318,Michael Jackson - Man In The Mirror,137.75362349191556,Wu-Tang Clan - Da Mystery Of Chessboxin',131.27990257475392,Michael Jackson - Man In The Mirror,87.07941180321006,Gabrielle - Dreams,83.45261009078996,Pennywise - Living For Today,80.02903595078503,Udo - What Can I Say,189.13449622103542,Gabrielle - Dreams,181.50341785769922,Lemar - Time To Grow,180.14085929983685,Udo - What Can I Say,0.2838778237769648,Lemar - Time To Grow,0.2829780824267779,Gabrielle - Dreams,0.2773085860343168
TRPTCMZ128F9340B09,SOLKOOO12AB018794A,ARS8GNX1187B9B5141,The Black Keys,10 A.M. Automatic,blues,Lauryn Hill - Interlude 5,1913.0,Twista - I'm A Winner (Amended Album Version),1790.0,Michael Jackson - Man In The Mirror,1585.0,Lauryn Hill - Interlude 5,1751.0800000000029,Twista - I'm A Winner (Amended Album Version),1684.1799999999969,Michael Jackson - Man In The Mirror,1446.180000000014,Warrant - Bad Tattoo,515.6890953917824,Doyle Bramhall - Dimples,489.281236806336,Ayo - Only You,483.597405377912,Warrant - Bad Tattoo,0.6552596777324119,Doyle Bramhall - Dimples,0.6187185674368255,Ayo - Only You,0.6164341452711488,Lauryn Hill - Interlude 5,151.9749950372209,OutKast - Hey Ya!,119.41702431327542,Twiztid - She Ain't Afraid,105.885959212277,OutKast - Hey Ya!,97.61469109551871,Lauryn Hill - Interlude 5,86.50047648912704,Ledisi - Alright,81.1244274361494,Fishbone - Bonin' In The Boneyard,320.976455987615,Johnny Winter - Rockin' Pneumonia,266.32025679489306,Percy Sledge - Baby Help Me,232.3897584224884,Fishbone - Bonin' In The Boneyard,0.41092873200223506,Johnny Winter - Rockin' Pneumonia,0.34532516072582653,Percy Sledge - Baby Help Me,0.3228046834011954
TRVKLGW12903CB4523,SOZCSPA12AB0185672,ARS8GNX1187B9B5141,The Black Keys,Aeroplane Blues,blues,Lauryn Hill - Interlude 5,1486.0,Beastie Boys - B-Boy Bouillabaisse: A.W.O.L. (2009 Digital Remaster),1480.0,R. Kelly - I Mean (I Don't Mean It),1471.0,R. Kelly - I Mean (I Don't Mean It),1418.0449999999864,Beastie Boys - B-Boy Bouillabaisse: A.W.O.L. (2009 Digital Remaster),1375.3650000000214,Kandi - I Wanna Know,1369.060000000009,Johnny Cash - I Don't Know Where I'm Bound,622.9129821270002,LMFAO - I Am Not A Whore,601.551088457224,Sneaky Sound System - 16,597.7615194685227,Johnny Cash - I Don't Know Where I'm Bound,0.7834660807446496,LMFAO - I Am Not A Whore,0.7553117160686514,Sneaky Sound System - 16,0.7532525144739896,The Pharcyde - Otha Fish,69.94024940338288,Eminem - 8 Mile,69.23213744542863,Beastie Boys - B-Boy Bouillabaisse: A.W.O.L. (2009 Digital Remaster),66.17074759325435,Tankard - Land Of The Free,53.29514194278783,Ziggy Marley And The Melody Makers - 13 Months Of Sunshine,49.40110303552074,The Pharcyde - Otha Fish,47.872232379480806,Ziggy Marley And The Melody Makers - 13 Months Of Sunshine,267.6149292010178,Jimmy Cliff - Sufferin' In The Land,243.56446884927016,Body Count - Masters Of Revenge,210.99034320825717,Ziggy Marley And The Melody Makers - 13 Months Of Sunshine,0.35608490895083494,Jimmy Cliff - Sufferin' In The Land,0.32122032787994115,The Cave Singers - Elephant Clouds,0.2887049104200339
TRFBNZN128F9340B0E,SONGYFE12AB018562D,ARS8GNX1187B9B5141,The Black Keys,All Hands Against His Own,blues,Lauryn Hill - Interlude 5,2681.0,Twista - I'm A Winner (Amended Album Version),1936.0,Michael Jackson - Man In The Mirror,1542.0,Lauryn Hill - Interlude 5,2362.6800000000258,Twista - I'm A Winner (Amended Album Version),1727.9674999999927,Eminem - My Darling,1312.1587499999937,Brandy - Give Me You,378.7163173620376,Leonard Cohen - The Stranger Song,377.53426215655526,Athlete - New Project,376.3795778294153,Leonard Cohen - The Stranger Song,0.4971205446381256,Brandy - Give Me You,0.4888152706435525,Athlete - New Project,0.4878990560684231,Lyfe Jennings - She Got Kids,301.635553373238,Jill Scott - Brotha,269.3721923276803,Big Brovaz - Find A Way,243.82556760932928,Lyfe Jennings - She Got Kids,252.16260325832772,Jill Scott - Brotha,248.57250050427328,Slipknot - Gehenna,216.47034784588638,Gang Of Four - Outside The Trains Don't Run On Time,368.2799580905092,Jill Scott - Brotha,351.25437826237334,Blink-182 - GO,332.428295171389,Gang Of Four - Outside The Trains Don't Run On Time,0.4779317461993666,Jill Scott - Brotha,0.4585728531941818,Blink-182 - GO,0.4407217351770494
TRBYDKJ12903CA9D33,SOTXSMC12AB0182217,ARS8GNX1187B9B5141,The Black Keys,Black Door,blues,Kandi - I Wanna Know,1868.0,Lauryn Hill - Interlude 5,1536.0,Mario Vazquez - Everytime I...,1227.0,Kandi - I Wanna Know,1826.4050000000243,Lauryn Hill - Interlude 5,1427.4400000000123,Mario Vazquez - Everytime I...,1193.812499999991,Kandi - I Wanna Know,673.0263941048687,Julia Fordham - Genius,579.999470744689,Psapp - I Want That,550.0926846953787,Kandi - I Wanna Know,0.8441646524652541,Julia Fordham - Genius,0.7291485984915439,Psapp - I Want That,0.6922102848214412,Masta Ace Incorporated - Jeep Ass Niguh,92.00491687882672,Michael Jackson - Man In The Mirror,84.50928500481145,The Donnas - Take Me To The Backseat (Album Version),68.74978008302547,Masta Ace Incorporated - Jeep Ass Niguh,72.86507206310287,Michael Jackson - Man In The Mirror,64.01861209916696,The Donnas - Take Me To The Backseat (Album Version),62.86607021353627,The Donnas - Take Me To The Backseat (Album Version),304.6223624243758,Eternal - Oh Baby I,221.73929948542687,Bad Brains - Don't Bother Me (Bad Brains),217.35071448401774,The Donnas - Take Me To The Backseat (Album Version),0.4015492970454037,Masta Ace Incorporated - Jeep Ass Niguh,0.3091774593488236,Eternal - Oh Baby I,0.30754823060929
TRWJKJK128F9338FEF,SOIFDQD12AB01822F5,ARS8GNX1187B9B5141,The Black Keys,Busted,blues,Lauryn Hill - Interlude 5,8737.0,Twista - I'm A Winner (Amended Album Version),8094.0,Erykah Badu - I Want You,6661.0,Lauryn Hill - Interlude 5,8127.960000000028,Twista - I'm A Winner (Amended Album Version),7695.972500000078,Erykah Badu - I Want You,6437.161250000072,Bow Wow - Sunshine,602.8977083463632,The Clash - 1-2 Crush On You,595.5052642723439,Hawthorne Heights - Rescue Me,585.1613815280954,Bow Wow - Sunshine,0.7627562450752137,The Clash - 1-2 Crush On You,0.7517032510777701,Hawthorne Heights - Rescue Me,0.7407423330399565,Beastie Boys - B-Boy Bouillabaisse: A.W.O.L. (2009 Digital Remaster),311.76387959080284,Lauryn Hill - Interlude 5,310.47891521588923,Onyx - Slam Harder,268.31197110334307,Keith Sweat - Caught Up,199.94949798326437,Onyx - Slam,191.6517845966325,Onyx - Slam Harder,191.6517845966325,Heideroosjes - If Trust Is Broken...,224.17887192490088,Keith Sweat - Caught Up,215.85469704592063,Bunny Wailer - Walk The Proud Land,202.923944978001,Keith Sweat - Caught Up,0.324248368434438,Heideroosjes - If Trust Is Broken...,0.31815655403347143,Jessica Simpson - These Boots Are Made For Walkin',0.298779864302754
TRUULBP12903CA9D23,SORMOIW12AB01887F0,ARS8GNX1187B9B5141,The Black Keys,Give Your Heart Away,blues,Lauryn Hill - Interlude 5,1215.0,Michael Jackson - Man In The Mirror,1196.0,Beastie Boys - B-Boy Bouillabaisse: A.W.O.L. (2009 Digital Remaster),1055.0,Michael Jackson - Man In The Mirror,1061.9124999999967,Lauryn Hill - Interlude 5,1058.6000000000067,Twista - I'm A Winner (Amended Album Version),934.787500000004,Elton John - Heart In The Right Place,435.28071129584106,Kenny Rogers - Endless love,432.2627410718065,Dru Hill - Share My World,425.8188628492347,Elton John - Heart In The Right Place,0.5617462530236114,Kenny Rogers - Endless love,0.5577415118492398,Dru Hill - Share My World,0.5532563735196885,Michael Jackson - Man In The Mirror,125.32897303728876,Brownstone - 5 Miles To Empty,91.37112785293054,Beastie Boys - B-Boy Bouillabaisse: A.W.O.L. (2009 Digital Remaster),88.45696273386201,Michael Jackson - Man In The Mirror,95.37153587585729,Brownstone - 5 Miles To Empty,74.02120375031477,Dru Hill - Share My World,66.37637930883916,Dru Hill - Share My World,236.95042283263433,Sean Lennon - One Night,236.02558634402578,Twenty 4 Seven - Take Me Away,233.90742413996014,Dru Hill - Share My World,0.3385618035136831,Kelly Clarkson - Anytime,0.33404400665249234,Sean Lennon - One Night,0.33238017564764855
TRYYJHJ128F9340B19,SOKGVJH12A58A77920,ARS8GNX1187B9B5141,The Black Keys,Grown So Ugly,blues,Lauryn Hill - Interlude 5,1853.0,Beastie Boys - B-Boy Bouillabaisse: A.W.O.L. (2009 Digital Remaster),1496.0,Eminem - My Darling,1283.0,Lauryn Hill - Interlude 5,1685.5599999999974,Beastie Boys - B-Boy Bouillabaisse: A.W.O.L. (2009 Digital Remaster),1355.9737499999803,Eminem - My Darling,1180.511249999989,Robert Johnson - 32 20 Blues,536.8706914997232,Robert Johnson - Kindhearted Woman Blues,521.2693929366532,Once Nothing - The Dust Of A Town,520.8466907664341,Robert Johnson - 32 20 Blues,0.6855150363674519,Once Nothing - The Dust Of A Town,0.6679150172978023,Jodeci - My Phone,0.6672072895572354,Lauryn Hill - Interlude 5,145.31602378060185,Snoop Dogg - Snoopafella (Edited),138.6706013132764,DJ Quik - Safe + Sound,110.3146965060428,Snoop Dogg - Snoopafella (Edited),92.57975976694176,Mississippi Fred McDowell - Louise,87.14217819303373,Lauryn Hill - Interlude 5,73.55156614266222,Elmore James - Whose Muddy Shoes,263.8512907070388,Mississippi Fred McDowell - Louise,239.44529441560292,Snoop Dogg - Snoopafella (Edited),196.6974349096782,Elmore James - Whose Muddy Shoes,0.3607213994761934,Mississippi Fred McDowell - Louise,0.3386997827673311,Snoop Dogg - Snoopafella (Edited),0.3170216853353793
TRHHJCL12903CB44B7,SOFRWHG12A58A7DF46,ARS8GNX1187B9B5141,The Black Keys,Hard Row,blues,Lauryn Hill - Interlude 5,2371.0,Twista - I'm A Winner (Amended Album Version),2137.0,Michael Jackson - Man In The Mirror,1713.0,Lauryn Hill - Interlude 5,2170.4400000000155,Twista - I'm A Winner (Amended Album Version),2005.927500000016,Michael Jackson - Man In The Mirror,1541.0524999999932,Dance Hall Crashers - Othello,489.3808592010741,Eyes Set to Kill - All You Ever Knew,486.2807134290878,The Acacia Strain - Skynet,480.90601095537903,Dance Hall Crashers - Othello,0.6276589313861644,Eyes Set to Kill - All You Ever Knew,0.621784412849926,The Acacia Strain - Skynet,0.6164340419701512,Michael Jackson - Man In The Mirror,169.6755062350144,Aceyalone - Mr. Outsider,147.2831440900591,Ty Herndon - Pray For Me,132.10855843173542,Michael Jackson - Man In The Mirror,132.10781907974965,Aceyalone - Mr. Outsider,104.20990981564923,The Jacksons - Enjoy Yourself,101.1735356626988,The Jacksons - Enjoy Yourself,307.39006610788766,Ella Fitzgerald - Let Yourself Go,257.39105542658774,Lighthouse Family - Whatever Gets You Through The Day,238.7620172588336,The Jacksons - Enjoy Yourself,0.4127939008864306,Ella Fitzgerald - Let Yourself Go,0.34947677663933147,Lighthouse Family - Whatever Gets You Through The Day,0.33571161625250073
TRWZXDS128F427A71B,SOAJJDS12A8C13A3FB,ARS8GNX1187B9B5141,The Black Keys,I Got Mine,blues,Mario Vazquez - Everytime I...,2429.0,Eminem - 8 Mile,2295.0,Erykah Badu - I Want You,2292.0,Mario Vazquez - Everytime I...,2375.0000000000514,Erykah Badu - I Want You,2227.079999999995,Eminem - 8 Mile,2183.5199999999727,Gary Moore - Ain't Nobody,558.2460156543015,Veronica Maggio - I staden växer inga blommor,552.0631856604336,Judy Garland - I Got Rhythm,546.4156669969651,Gary Moore - Ain't Nobody,0.7023112300132486,Veronica Maggio - I staden växer inga blommor,0.6898684822115774,Judy Garland - I Got Rhythm,0.6884824576413187,The Maine - You Left Me,114.37569097531079,The Simpsons - Do The Bartman,105.97978663579782,Talib Kweli - A game,103.65163091631204,The Maine - You Left Me,101.79780674934607,Nina Simone - Nobody,89.06826309370064,Ashanti - Rock Wit U (Awww Baby),82.57814316629575,Fairground Attraction - Winter Rose,301.7335940670114,Big Bad Voodoo Daddy - Please Baby,282.0736545786667,Blind Willie McTell - Rollin' Mama Blues,256.1166208568194,Fairground Attraction - Winter Rose,0.3867543745297672,Big Bad Voodoo Daddy - Please Baby,0.37032913562248576,Blind Willie McTell - Rollin' Mama Blues,0.34514032604819234
TRZDLWE12903CB44DE,SOURIRH12A58A7B408,ARS8GNX1187B9B5141,The Black Keys,If You See Me,blues,Twista - I'm A Winner (Amended Album Version),2415.0,Lauryn Hill - Interlude 5,2268.0,Erykah Badu - I Want You,2044.0,Twista - I'm A Winner (Amended Album Version),2310.382500000017,Lauryn Hill - Interlude 5,2107.920000000008,Erykah Badu - I Want You,1985.166249999985,Ann Lee - Smooth & Sweet,589.8957892138003,Hafdis Huld - Plastic Halo,587.9246023966111,Ginuwine - Only When ur Lonely,582.2284767389021,Ann Lee - Smooth & Sweet,0.7445770452629388,Hafdis Huld - Plastic Halo,0.7422477473632884,Ginuwine - Only When ur Lonely,0.7358409409036905,Michael Jackson - Man In The Mirror,115.49243408686776,Petey Pablo - Fool For Love,110.75874164326608,Redman - Soopaman Luva 3,102.29923380482181,Michael Jackson - Man In The Mirror,87.66050554101099,Katerine - Treat Me Like A Lady,79.57092162904259,Petey Pablo - Fool For Love,77.97419636557628,Katerine - Treat Me Like A Lady,256.5868948298565,Buddy Holly - Door To My Heart,250.85772219394056,Roy Orbison - Candy Man,230.80911233944215,Katerine - Treat Me Like A Lady,0.350284644653024,Buddy Holly - Door To My Heart,0.33299181842709663,Jimmy Cliff - Treat The Youths Right,0.3129583201570932
TRNZQVO128F427A71E,SOIQUSV12A8C13A402,ARS8GNX1187B9B5141,The Black Keys,Lies,blues,Lauryn Hill - Interlude 5,1825.0,Beastie Boys - B-Boy Bouillabaisse: A.W.O.L. (2009 Digital Remaster),1532.0,Twista - I'm A Winner (Amended Album Version),1506.0,Lauryn Hill - Interlude 5,1609.7199999999868,Twista - I'm A Winner (Amended Album Version),1365.307500000012,Beastie Boys - B-Boy Bouillabaisse: A.W.O.L. (2009 Digital Remaster),1351.9662500000327,Pop Will Eat Itself - I've Always Been A Coward Baby,499.38518541620726,Das Ich - Lügen Und Das Ich,496.03526111498905,Linda Ronstadt - Lies  (LP Version),486.746838709058,Pop Will Eat Itself - I've Always Been A Coward Baby,0.6401766373602283,Das Ich - Lügen Und Das Ich,0.6287694619975158,Linda Ronstadt - Lies  (LP Version),0.6225176217771732,Ja Rule - One of Us,133.94897306491725,Lauryn Hill - Interlude 5,121.85371818425682,OutKast - Hey Ya!,120.89324008646055,OutKast - Hey Ya!,88.83269876189773,Johnny Winter - Blinded By Love,85.63878207040753,Warlock - Kiss Of Death,84.91870285680248,Public Image Ltd - Where Are You?,218.594271547303,Utada - Crossover Interlude,217.49519341659888,Warlock - Kiss Of Death,216.79083469052156,Warlock - Kiss Of Death,0.3104165524557226,Ian McCulloch - Close Your Eyes,0.3053264652465491,Pop Will Eat Itself - I've Always Been A Coward Baby,0.300697743589579
TRAECHJ12903CC36DA,SOCQQSU12AB0185BF4,ARS8GNX1187B9B5141,The Black Keys,Next Girl,blues,Beastie Boys - B-Boy Bouillabaisse: A.W.O.L. (2009 Digital Remaster),2459.0,Calvin Harris - The Girls,2248.0,Eminem - 8 Mile,2121.0,Beastie Boys - B-Boy Bouillabaisse: A.W.O.L. (2009 Digital Remaster),2208.183749999966,Calvin Harris - The Girls,2161.610000000013,Eminem - 8 Mile,1931.7162499999856,Jesse Johnson - I Want My Girl,580.6649014002301,OTT - Be My Girl,533.5808029134298,The Jeff Healey Band - My Little Girl,529.0160752111913,Jesse Johnson - I Want My Girl,0.7358411173733655,OTT - Be My Girl,0.6751375721634584,The Jeff Healey Band - My Little Girl,0.6748369848356612,Twiztid - She Ain't Afraid,183.64447542779786,Beastie Boys - B-Boy Bouillabaisse: A.W.O.L. (2009 Digital Remaster),182.4997740268485,Lauryn Hill - Interlude 5,178.80420375329845,Twiztid - She Ain't Afraid,115.73692762715018,Yerba Buena - Guajira (I Love U 2 Much),108.77702327412173,Eric B. & Rakim - What's On Your Mind,102.00837395599474,Frank Sinatra - The Girl That I Marry,250.30097966232873,Paul Potts - Cavatina,236.88221089986362,Frank Sinatra - The Girl Next Door,233.43453206201653,Frank Sinatra - The Girl That I Marry,0.33575818723326717,Paul Potts - Cavatina,0.33122606885965583,Frank Sinatra - The Girl Next Door,0.32761495410447483
TRRVSIN128F9338FD5,SOSICNK12AB01876BB,ARS8GNX1187B9B5141,The Black Keys,No Fun,blues,Enrique Iglesias - Miss You,1584.0,Tracey Ullman - Breakaway,1418.0,Janis Joplin - Kozmic Blues,1222.0,Enrique Iglesias - Miss You,1525.812499999996,Tracey Ullman - Breakaway,1382.597500000019,Janis Joplin - Kozmic Blues,1162.2199999999852,The Stooges - No Fun (Remasterd LP Version),694.7692966214493,Yerba Buena - No No No,451.9417525805134,Mecano - La Estación,426.96924354480825,The Stooges - No Fun (Remasterd LP Version),0.8699962032182403,Yerba Buena - No No No,0.5712988047253571,Mecano - La Estación,0.5381112296108773,The Stooges - No Fun (Remasterd LP Version),209.6796133760853,Cyndi Lauper - Girls Just Want To Have Fun,119.62478716033554,Young Jeezy - By The Way,113.74174409470577,The Stooges - No Fun (Remasterd LP Version),201.23887292037855,Cyndi Lauper - Girls Just Want To Have Fun,108.11697829564817,Devo - Time Out For Fun,99.3916407054105,The Stooges - No Fun (Remasterd LP Version),524.6077124144565,The Presets - Kicking And Screaming,276.83196645760796,Devo - Time Out For Fun,261.2152565081727,The Stooges - No Fun (Remasterd LP Version),0.6646743300372232,The Presets - Kicking And Screaming,0.36214574970551544,Devo - Time Out For Fun,0.34947955496185706
TRYMMVG128F9340B1B,SOHKBXW12AB0185660,ARS8GNX1187B9B5141,The Black Keys,Stack Shot Billy,blues,Lauryn Hill - Interlude 5,655.0,Beastie Boys - B-Boy Bouillabaisse: A.W.O.L. (2009 Digital Remaster),542.0,The Pharcyde - Otha Fish,529.0,Lauryn Hill - Interlude 5,517.0000000000099,The Pharcyde - Otha Fish,457.2812499999957,Beastie Boys - B-Boy Bouillabaisse: A.W.O.L. (2009 Digital Remaster),426.5937499999878,George Jones - Who Shot Sam,376.0886389627456,Thursday - Unintended Long Term Effects,356.3625386393923,John Hiatt - Trudy And Dave,345.42955750162747,George Jones - Who Shot Sam,0.4892419435797377,Thursday - Unintended Long Term Effects,0.4641938517020844,John Hiatt - Trudy And Dave,0.4567400573695089,Bob Dylan - Shot Of Love,123.600528850987,Onyx - Face Down,117.5584366085778,Beastie Boys - B-Boy Bouillabaisse: A.W.O.L. (2009 Digital Remaster),116.8326028610587,Bob Dylan - Shot Of Love,104.13689007034885,Suicidal Tendencies - I Shot The Devil,100.47335542689291,Neil Young - Down By The River [Live At Massey Hall 1971],99.15525981093107,Suicidal Tendencies - I Shot The Devil,274.37202865496306,Neil Young - Down By The River [Live At Massey Hall 1971],262.9461766791254,Carbon Leaf - American Tale,248.80857541269236,Suicidal Tendencies - I Shot The Devil,0.36147734078795424,Neil Young - Down By The River [Live At Massey Hall 1971],0.3541920714938153,Bob Dylan - Shot Of Love,0.34448904537820696
TRKSEEY12903CCD312,SOTEPSZ12AB018C99D,ARS8GNX1187B9B5141,The Black Keys,Ten Cent Pistol,blues,The Corrs - Queen Of Hollywood ( LP Version ),902.0,Twiztid - She Ain't Afraid,889.0,Lauryn Hill - Interlude 5,799.0,The Corrs - Queen Of Hollywood ( LP Version ),830.3025000000015,Twiztid - She Ain't Afraid,761.5212499999901,Beastie Boys - B-Boy Bouillabaisse: A.W.O.L. (2009 Digital Remaster),607.8887500000014,The Boomtown Rats - Diamond Smiles,429.1641735785656,The Corrs - Queen Of Hollywood ( LP Version ),418.1087826967653,Tracy Byrd - Right About Now,390.56218638394216,The Boomtown Rats - Diamond Smiles,0.5586788128389328,The Corrs - Queen Of Hollywood ( LP Version ),0.5431163452312806,Tracy Byrd - Right About Now,0.5124992210182767,Beastie Boys - B-Boy Bouillabaisse: A.W.O.L. (2009 Digital Remaster),216.57804614439536,Twiztid - She Ain't Afraid,180.21644772384553,Lauryn Hill - Interlude 5,172.88896132102136,Twiztid - She Ain't Afraid,119.86128187548546,Beastie Boys - B-Boy Bouillabaisse: A.W.O.L. (2009 Digital Remaster),117.2491243458463,The Corrs - Queen Of Hollywood ( LP Version ),101.92383440935846,Marilyn Manson - Cyclops,224.60102305066158,Tracy Byrd - Right About Now,221.05407899185292,Dave Barnes - You Do The Same For Me,208.86018155867978,Tracy Byrd - Right About Now,0.3215858754059264,Alabama - Lady Down On Love,0.30384065086483375,Marilyn Manson - Cyclops,0.3016933514840455
TRFOGQC12903CA9D2E,SOTDIMP12AB01821E8,ARS8GNX1187B9B5141,The Black Keys,The Flame,blues,Lauryn Hill - Interlude 5,2219.0,Twista - I'm A Winner (Amended Album Version),1494.0,Eminem - My Darling,1236.0,Lauryn Hill - Interlude 5,2044.199999999985,Twista - I'm A Winner (Amended Album Version),1379.762499999997,Danity Kane - Hold Me Down (Album Version),1144.0124999999969,Midtown - Knew It All Along (Acoustic),490.6493648663839,Digital Underground - Sex Packets (LP Version),490.159159092889,Lauryn Hill - Interlude 5,488.223291984572,Digital Underground - Sex Packets (LP Version),0.6299231171848717,Lauryn Hill - Interlude 5,0.6291489352766583,Midtown - Knew It All Along (Acoustic),0.6268797913336144,Lauryn Hill - Interlude 5,107.75685593204494,Beastie Boys - B-Boy Bouillabaisse: A.W.O.L. (2009 Digital Remaster),97.97994526950497,GG Allin - Kissing The Flames,90.6085081613586,GG Allin - Kissing The Flames,83.06239656341626,ERIC SARDINAS - Flames of Love,80.31252382288791,Tina Turner - All The Woman (Recorded Live In London '99),73.84296272867931,ERIC SARDINAS - Flames of Love,305.7674251592247,GG Allin - Kissing The Flames,299.5245843798309,Dinah Washington - Wheel Of Fortune,264.68355034607214,ERIC SARDINAS - Flames of Love,0.40740267927254575,GG Allin - Kissing The Flames,0.39458570458723463,Dinah Washington - Wheel Of Fortune,0.3559311966752845
TREVCQU12903CCD318,SOGECRB12AB018C9AB,ARS8GNX1187B9B5141,The Black Keys,These Days,blues,Lauryn Hill - Interlude 5,2558.0,Beastie Boys - B-Boy Bouillabaisse: A.W.O.L. (2009 Digital Remaster),2148.0,Erykah Badu - I Want You,1884.0,Lauryn Hill - Interlude 5,2276.479999999968,Beastie Boys - B-Boy Bouillabaisse: A.W.O.L. (2009 Digital Remaster),1912.5712500000088,Erykah Badu - I Want You,1780.53375000001,Gregg Allman - These Days,526.2065948070042,Hot Water Music - The Sense,491.294418661998,Rhymefest - These Days,481.2925699747733,Gregg Allman - These Days,0.670605161857436,Hot Water Music - The Sense,0.6307612191887608,Rhymefest - These Days,0.6219959378222331,Lauryn Hill - Interlude 5,221.23296922537736,Beastie Boys - B-Boy Bouillabaisse: A.W.O.L. (2009 Digital Remaster),184.2004357965758,The Brand New Heavies - Last to Know,173.6388072573337,The Brand New Heavies - Last to Know,132.85249816841522,Lauryn Hill - Interlude 5,107.968899029917,Michael Jackson - Man In The Mirror,92.741933852712,The Brand New Heavies - Last to Know,217.32345925012805,Rich Mullins - The Howling,208.15068931660514,Zimmers Hole - Death To The Dodgers Of Soap,201.8235399735802,The Brand New Heavies - Last to Know,0.32736101450688254,Rich Mullins - The Howling,0.32222864354274466,Josh Groban - Vincent (Starry_ Starry Night) (Album Version),0.29429713963293
TRFLJNE12903CB44F1,SOBJBEU12AF729D526,ARS8GNX1187B9B5141,The Black Keys,When The Lights Go Out,blues,Lauryn Hill - Interlude 5,2209.0,Twista - I'm A Winner (Amended Album Version),1781.0,Erykah Badu - I Want You,1457.0,Lauryn Hill - Interlude 5,1995.559999999998,Twista - I'm A Winner (Amended Album Version),1641.5099999999916,Erykah Badu - I Want You,1378.5550000000069,Donnie - Do You Know?,452.20978076602825,Shannon McNally - Down And Dirty,451.91496835991785,Bon Jovi - Superman Tonight,448.19476982759966,Shannon McNally - Down And Dirty,0.5795693115308373,Donnie - Do You Know?,0.5781506783083159,Bon Jovi - Superman Tonight,0.5774632974445119,Beastie Boys - B-Boy Bouillabaisse: A.W.O.L. (2009 Digital Remaster),117.88441118364432,Lauryn Hill - Interlude 5,116.29627701855419,R. Kelly - I Mean (I Don't Mean It),98.74623614769386,R. Kelly - I Mean (I Don't Mean It),70.35455889130766,Natalie Cole - Your Eyes,68.56146454221982,Ledisi - Alright,62.48943859173681,Regina Belle - Just Don't Want To Be Lonely,246.22331089959232,Cake - Alpha Beta Parking Lot,207.87678412958897,Disco - Enemmän,207.75749534419586,Regina Belle - Just Don't Want To Be Lonely,0.33483532495307416,Chemlab - Force Quit,0.2912415674337766,Ian McCulloch - Playgrounds And City Parks,0.28843303371699863
TRQNNKX12903CB44CA,SOCULJG12A8AE4714D,ARS8GNX1187B9B5141,The Black Keys,Have Love Will Travel,blues,Erykah Badu - I Want You,2215.0,Lauryn Hill - Interlude 5,2205.0,Twista - I'm A Winner (Amended Album Version),2108.0,Erykah Badu - I Want You,2115.5912499999645,Lauryn Hill - Interlude 5,1934.519999999988,Twista - I'm A Winner (Amended Album Version),1931.232499999957,Lisa Stansfield - Somewhere In Time,527.8130589850624,Burden Of A Day - My Forfeit,494.62379422891246,Bronski Beat - I Feel Love,493.1887346873991,Lisa Stansfield - Somewhere In Time,0.6698115401794407,Burden Of A Day - My Forfeit,0.6271956421817664,Rufus Wainwright - Baby,0.6264826776685397,KMD - Plumskinzz (Loose Hoe_ God & Cupid),193.3056443326474,Onyx - Slam Harder,189.28379570452975,Onyx - Slam,189.28379570452975,Onyx - Slam,148.39767935782757,Onyx - Slam Harder,148.39767935782757,KMD - Plumskinzz (Loose Hoe_ God & Cupid),146.4627000100897,The Dells - I Miss You,320.0461293517101,Shania Twain - I'm Not In The Mood (To Say No)!,282.5053901589318,Bob Marley & The Wailers - Reggae On Broadway,273.66235010961174,The Dells - I Miss You,0.43114750643440714,Shania Twain - I'm Not In The Mood (To Say No)!,0.38186699761741727,Bob Marley & The Wailers - Reggae On Broadway,0.3683795151604291
TRKNKGC128F42A746A,SOUZEJD12D021B5336,AR20CFC1187B98A25D,Ray Charles,C.C. Rider,blues,Lauryn Hill - Interlude 5,7547.0,Twista - I'm A Winner (Amended Album Version),6158.0,Eminem - My Darling,5473.0,Lauryn Hill - Interlude 5,6974.759999999988,Twista - I'm A Winner (Amended Album Version),5784.022499999999,Erykah Badu - I Want You,5127.686250000011,Harry Belafonte - Angelina,562.4140837659137,Jeff Timmons - Can't You See,558.2239850107206,Shannon McNally - Down And Dirty,554.991482443821,Harry Belafonte - Angelina,0.713714348878679,Jeff Timmons - Can't You See,0.7060401258180394,Shannon McNally - Down And Dirty,0.7038096574177413,Beastie Boys - B-Boy Bouillabaisse: A.W.O.L. (2009 Digital Remaster),206.36385099392734,Savatage - The Hourglass,192.4842799510692,Twista - Overdose (Album Version),191.3112035944382,Duran Duran - All Along The Water,154.45926458710008,Madness - Forever Young,116.62788454219776,Johnny Winter - Blinded By Love,114.98700065409263,Duran Duran - All Along The Water,246.46462096757588,Fats Domino - Careless Love,240.35864514570594,Richard Hawley - Coming Home (Live At Sheffield City Hall),214.74675224897928,Duran Duran - All Along The Water,0.34063634228869344,Fats Domino - Careless Love,0.32623604489266544,Molly Hatchet - The Price You Pay,0.30953327770931865
TRWEHQE128F935A2D6,SOKQSDH12AB0188B1A,AR20CFC1187B98A25D,Ray Charles,I Got a Woman,blues,Beastie Boys - B-Boy Bouillabaisse: A.W.O.L. (2009 Digital Remaster),2251.0,Lauryn Hill - Interlude 5,2160.0,Twiztid - She Ain't Afraid,2066.0,Beastie Boys - B-Boy Bouillabaisse: A.W.O.L. (2009 Digital Remaster),1961.7150000000008,Twiztid - She Ain't Afraid,1864.605000000015,Eminem - 8 Mile,1823.6850000000288,The Pharcyde - Passin' Me By,486.9848900178851,Josh Turner - Haywire,483.0400354605675,Gentleman - Empress,482.4632611838732,The Pharcyde - Passin' Me By,0.6271014613120457,Gentleman - Empress,0.6211101328495388,Josh Turner - Haywire,0.6205870537019557,Beastie Boys - B-Boy Bouillabaisse: A.W.O.L. (2009 Digital Remaster),221.39316875832864,Shaggy - Luv Me Up,179.6494375605286,Four Tops - Ain't No Woman (Like The One I've Got),172.7205792633681,Gary Moore - Only Fool In Town (2002 Digital Remaster),146.70558180752738,Four Tops - Ain't No Woman (Like The One I've Got),136.90436132028012,Shaggy - Luv Me Up,126.29967509948351,Gary Moore - Only Fool In Town (2002 Digital Remaster),320.83259744882287,The Fabulous Thunderbirds - Full-Time Lover,275.05145626513513,Ohio Players - It's All Over,267.06928503494686,Gary Moore - Only Fool In Town (2002 Digital Remaster),0.4316836006551534,The Fabulous Thunderbirds - Full-Time Lover,0.3798647058354822,Ohio Players - It's All Over,0.3717320833065939
TRPMJOK128F92F317A,SOQWJXH12AAF3B5B0F,AR20CFC1187B98A25D,Ray Charles,The Sun's Gonna Shine Again,blues,Lauryn Hill - Interlude 5,2103.0,Beastie Boys - B-Boy Bouillabaisse: A.W.O.L. (2009 Digital Remaster),1440.0,Twista - I'm A Winner (Amended Album Version),1435.0,Lauryn Hill - Interlude 5,1904.2799999999816,Twista - I'm A Winner (Amended Album Version),1305.1300000000017,Erykah Badu - I Want You,1277.964999999991,Skip James - Devil Got My Woman,442.1008505205445,Robben Ford - The Way You Treated Me (You're Gonna Be Sorry),434.7757898439353,Lauryn Hill - Interlude 1,423.65278003228485,Skip James - Devil Got My Woman,0.5696912691762414,Robben Ford - The Way You Treated Me (You're Gonna Be Sorry),0.5577570277273353,Lauryn Hill - Interlude 1,0.5491798622456296,Hayseed Dixie - Black Dog,138.57148134751674,Warren G - Keepin' It Strong,128.00857569441874,Ja Rule - One of Us,124.81005158477608,Hayseed Dixie - Black Dog,117.38697410620996,Simian Mobile Disco - I BELIEVE,96.87632773803233,Pepper - Davey Jones Locker,90.21257896454955,Hayseed Dixie - Black Dog,240.34667981504236,Simian Mobile Disco - I BELIEVE,239.35808776416658,The Kingston Trio - When The Saints Go Marching In,223.1211341575591,Hayseed Dixie - Black Dog,0.3357026124527508,Simian Mobile Disco - I BELIEVE,0.3323088721027488,The Kingston Trio - When The Saints Go Marching In,0.3040397804141396
TRGXECP12903CDDC43,SOCLEEQ12D021B23E0,AR20CFC1187B98A25D,Ray Charles,Losing Hand,blues,Lauryn Hill - Interlude 5,3227.0,Twista - I'm A Winner (Amended Album Version),2963.0,Erykah Badu - I Want You,2841.0,Lauryn Hill - Interlude 5,2991.4799999999955,Twista - I'm A Winner (Amended Album Version),2809.079999999963,Erykah Badu - I Want You,2754.4399999999578,Wild Strawberries - Heroine,599.2334969746132,LL Cool J - Lollipop,598.4609903571851,Rufus Wainwright - Baby,591.8006697877038,LL Cool J - Lollipop,0.7561962839199741,Wild Strawberries - Heroine,0.756067027843703,Rufus Wainwright - Baby,0.747349575969435,Lauryn Hill - Interlude 5,150.9591179839856,Keith Sweat - Caught Up,148.83732808756906,Beastie Boys - B-Boy Bouillabaisse: A.W.O.L. (2009 Digital Remaster),116.07342223157131,Keith Sweat - Caught Up,119.87110520591037,The Emotions - I Don't Wanna Lose Your Love,95.56190394712885,Amerie - Higher,86.34461554632242,Keith Sweat - Caught Up,228.80825389915896,The Emotions - I Don't Wanna Lose Your Love,218.1259722363084,Amerie - Higher,210.20720060354336,Keith Sweat - Caught Up,0.32916984909027497,The Emotions - I Don't Wanna Lose Your Love,0.3111146676583439,Amerie - Higher,0.30393881079582513
TREQYGT128E07859FA,SOZOJBP12A6701E425,ARV9LSS1187B98C471,Blake Shelton,Nobody But Me (Album Version),blues,Lauryn Hill - Interlude 5,4601.0,Twista - I'm A Winner (Amended Album Version),3701.0,Erykah Badu - I Want You,3608.0,Lauryn Hill - Interlude 5,4194.35999999999,Erykah Badu - I Want You,3458.54874999998,Twista - I'm A Winner (Amended Album Version),3435.2475000000254,Webb Pierce - I Ain't Never,560.1114121103868,En Vogue - Love Don't Love You (LP Version),553.2601315827872,Ray Charles - Let's Go,549.8992718921373,Webb Pierce - I Ain't Never,0.7093228630758824,En Vogue - Love Don't Love You (LP Version),0.700632809590511,Ray Charles - Let's Go,0.6958892324018713,Lauryn Hill - Interlude 5,188.7276344189633,Beastie Boys - B-Boy Bouillabaisse: A.W.O.L. (2009 Digital Remaster),165.68065722584467,Adina Howard - Nasty Grind,161.6104201861799,Adina Howard - Nasty Grind,140.3844370933567,Blind Willie McTell - Come On Around To My House Mama,115.31203193753007,Ledisi - Joy,99.26430475193155,Adina Howard - Nasty Grind,288.3611835472167,Tina Dico - Nobody's Man,263.41084569070046,Ohio Players - It's All Over,250.35418231103927,Adina Howard - Nasty Grind,0.3934478501806994,Tina Dico - Nobody's Man,0.3618780086241203,Ohio Players - It's All Over,0.3470702918465386
TROFEVE12903CD8AAA,SONQLUB12D02199FCD,AR66H0N1187B9AE91E,Etta James,A Sunday Kind of Love,blues,Lauryn Hill - Interlude 5,2268.0,Beastie Boys - B-Boy Bouillabaisse: A.W.O.L. (2009 Digital Remaster),2092.0,Eminem - 8 Mile,1772.0,Lauryn Hill - Interlude 5,2010.399999999968,Beastie Boys - B-Boy Bouillabaisse: A.W.O.L. (2009 Digital Remaster),1876.574999999989,Eminem - 8 Mile,1609.424999999967,Astrud Gilberto - And Roses And Roses,511.0285989947735,Melissa Etheridge - Fearless Love,499.4766570158853,W.A.S.P. - Fistful Of Diamonds,496.3492153664431,Astrud Gilberto - And Roses And Roses,0.6520805604100922,Melissa Etheridge - Fearless Love,0.6374657574594913,W.A.S.P. - Fistful Of Diamonds,0.6311391808738567,Big Brovaz - Find A Way,211.9636901044183,Mariah Carey - Sprung,198.23838974841968,Lyfe Jennings - She Got Kids,190.85303739883008,Mariah Carey - Sprung,174.28905973443912,Big Brovaz - Find A Way,160.67117285084237,Fats Domino - I'm Ready,157.40307624706082,Mariah Carey - Sprung,294.07676458873465,T.Rex - London Boys,291.0849850364598,Reel Big Fish - I'm Cool,263.86866106987304,Mariah Carey - Sprung,0.3979870165881974,T.Rex - London Boys,0.3828997838040731,Reel Big Fish - I'm Cool,0.357378210530358
TRCFPJF128F428A872,SOKCCML12D021B0FC6,AR66H0N1187B9AE91E,Etta James,I Just Want To Make Love To You,blues,Lauryn Hill - Interlude 5,7889.0,Twista - I'm A Winner (Amended Album Version),7104.0,Erykah Badu - I Want You,6291.0,Lauryn Hill - Interlude 5,7489.720000000016,Twista - I'm A Winner (Amended Album Version),6843.057499999944,Erykah Badu - I Want You,6144.253750000031,Willie Dixon - I Just Want To Make Love To You,685.802209844109,Jesse Johnson - Love Struck,663.5837395550865,Jon Secada - Want You_ Miss You_ Love You,637.6431075324779,Willie Dixon - I Just Want To Make Love To You,0.8602212578815764,Jesse Johnson - Love Struck,0.8335277879280489,Jon Secada - Want You_ Miss You_ Love You,0.8014557433217919,Lauryn Hill - Interlude 5,150.22731499091103,Incognito - Blue (I'm Still Here With You),130.73627575323727,Shaggy - Luv Me Up,125.88843649885,Incognito - Blue (I'm Still Here With You),109.71351555173067,Willie Dixon - I Just Want To Make Love To You,109.27370127728626,Keith Sweat - Give Me What I Want (LP Version),96.86111242812768,Willie Dixon - I Just Want To Make Love To You,556.8369348112914,Tristan Prettyman - You Got Me,276.5092421709448,Keith Sweat - Give Me What I Want (LP Version),264.3944382768,Willie Dixon - I Just Want To Make Love To You,0.7093138579497326,Tristan Prettyman - You Got Me,0.38218123753604194,Keith Sweat - Give Me What I Want (LP Version),0.3675719117976542
TRBFTHL128C7196B42,SODJRCC12D02192374,AR66H0N1187B9AE91E,Etta James,My Dearest Darling,blues,Lauryn Hill - Interlude 5,1609.0,Twista - I'm A Winner (Amended Album Version),1603.0,Eminem - My Darling,1567.0,Twista - I'm A Winner (Amended Album Version),1501.9900000000207,Eminem - My Darling,1472.3949999999838,Lauryn Hill - Interlude 5,1454.4400000000148,Kenny Rogers - Endless love,559.1784882578421,Angie Stone - Snowflakes,552.0563026755981,Mint Condition - Breakin' My Heart (Pretty Brown Eyes),549.5844359101801,Kenny Rogers - Endless love,0.7090147186016058,Angie Stone - Snowflakes,0.7016972764662263,Mint Condition - Breakin' My Heart (Pretty Brown Eyes),0.6981418553632347,Eminem - My Darling,152.51649691909785,Martin Jondo - Hold You,101.44192931450263,Natalie Cole - Your Eyes,92.88704938162867,Eminem - My Darling,110.92504260754234,Martin Jondo - Hold You,79.80765596908603,Sonya Kitchell - Too Beautiful,78.78734157635645,UB40 - Come Back Darling,310.5997110814889,Johnny Nash - Stir It Up,305.8344088383743,Percy Sledge - My Special Prayer,292.81869283737217,UB40 - Come Back Darling,0.4076260866728643,Johnny Nash - Stir It Up,0.4053314550560442,Percy Sledge - My Special Prayer,0.3896993340669455
TRFEGGQ128E07898AA,SOMPSXS12D021B12D7,AR66H0N1187B9AE91E,Etta James,W.O.M.A.N.,blues,Lauryn Hill - Interlude 5,2237.0,Electrelane - Cut And Run,1879.0,Twista - I'm A Winner (Amended Album Version),1744.0,Lauryn Hill - Interlude 5,2012.52000000002,Electrelane - Cut And Run,1826.84499999998,Twista - I'm A Winner (Amended Album Version),1597.2950000000092,Pretty Maids - Perfect Stranger,588.2163276261922,The Darkness - Givin' Up (Clean Version),585.0625852415899,Little Anthony & The Imperials - Shimmy_ Shimmy_ Ko-Ko-Bop (Single Version),580.6637882686782,Pretty Maids - Perfect Stranger,0.7408304133687239,The Darkness - Givin' Up (Clean Version),0.7350005406724144,Little Anthony & The Imperials - Shimmy_ Shimmy_ Ko-Ko-Bop (Single Version),0.7317444599241864,Gyptian - Take My Money,152.32534121660066,The Isley Brothers - Touch Me,138.06478868617634,Shania Twain - Man! I Feel Like A Woman!,132.01513515969464,Gyptian - Take My Money,123.12247527475706,Shania Twain - Man! I Feel Like A Woman!,112.9233803879358,Bette Midler - I'm A Woman,105.87676733217451,Nine Inch Nails - The Great Collapse,323.4695388855442,Bette Midler - I'm A Woman,314.3314772530015,Eric Clapton - Kind Hearted Woman Blues (Album Version),302.1586404446788,Bette Midler - I'm A Woman,0.4224368904492078,Nine Inch Nails - The Great Collapse,0.41368330201328496,Eric Clapton - Kind Hearted Woman Blues (Album Version),0.40427036347076034
TRDDDDX128E0793212,SOIOOIR12A58A7EBB8,ARLAUED1187B9ACEAF,Eric Clapton,Alberta,blues,Lauryn Hill - Interlude 5,1647.0,Twista - I'm A Winner (Amended Album Version),1532.0,Eminem - My Darling,1249.0,Lauryn Hill - Interlude 5,1496.1200000000008,Twista - I'm A Winner (Amended Album Version),1433.394999999999,Eminem - My Darling,1156.647500000004,Bay City Rollers - Lovely To See You,493.6006168086052,Shannon McNally - Down And Dirty,490.6117321069721,Jennifer Lopez - Theme From Mahagony (Do You Know Where You're Going To),486.90018040579054,Bay City Rollers - Lovely To See You,0.626346080342961,Shannon McNally - Down And Dirty,0.623717588308047,Jennifer Lopez - Theme From Mahagony (Do You Know Where You're Going To),0.6182644199064222,Brian McKnight - Try Our Love Again,96.33294195918275,Connie Smith - Ain't Had No Lovin',84.89185849967309,Eminem - 8 Mile,81.96100040334667,Brian McKnight - Try Our Love Again,82.77794197766382,Connie Smith - Ain't Had No Lovin',76.75653251846859,Brian McKnight - Been So Long,69.66304519432556,Connie Smith - Ain't Had No Lovin',299.8570225474571,Brian McKnight - Been So Long,281.6358223784211,Brian McKnight - Try Our Love Again,262.2261235860692,Connie Smith - Ain't Had No Lovin',0.39845904902159585,Brian McKnight - Been So Long,0.38161751897302937,Brian McKnight - Try Our Love Again,0.3599418499251933
TRWBAGY128F93034BF,SOXIVQT12AB0181061,ARLAUED1187B9ACEAF,Eric Clapton,Before You Accuse Me (Take A Look At Yourself),blues,Lauryn Hill - Interlude 5,1431.0,Eminem - My Darling,1312.0,Beastie Boys - B-Boy Bouillabaisse: A.W.O.L. (2009 Digital Remaster),1285.0,Lauryn Hill - Interlude 5,1254.3600000000165,Eminem - My Darling,1203.879999999987,Twista - I'm A Winner (Amended Album Version),1163.560000000011,Bo Diddley - Before You Accuse Me,704.0183436683078,Fat Joe - Preacher On A Sunday Morning,490.5529471477545,Joss Stone - You Had Me (Live),483.8062829828663,Bo Diddley - Before You Accuse Me,0.885745926261553,Fat Joe - Preacher On A Sunday Morning,0.6330220103140114,Joss Stone - You Had Me (Live),0.6217482026427427,Bo Diddley - Before You Accuse Me,195.34258570626298,Beastie Boys - B-Boy Bouillabaisse: A.W.O.L. (2009 Digital Remaster),134.73643097070268,Lauryn Hill - Interlude 5,119.33567925290177,Bo Diddley - Before You Accuse Me,184.0972106297373,Clipse - Dirty Money,77.55217521317718,Nelly - Splurge,77.06239535948293,Bo Diddley - Before You Accuse Me,656.7424947476171,Rancid - Up To No Good,245.9108562293906,Metallic Falcons - four hearts,206.11728194524005,Bo Diddley - Before You Accuse Me,0.8294753528199509,Rancid - Up To No Good,0.3396377737200749,Gretchen Wilson - If You Want A Mother,0.2841979941080508
TRLWIBC128E0792E2C,SORMUAO12A6D4F9262,ARLAUED1187B9ACEAF,Eric Clapton,Early In The Morning,blues,Lauryn Hill - Interlude 5,2719.0,Beastie Boys - B-Boy Bouillabaisse: A.W.O.L. (2009 Digital Remaster),2110.0,Danity Kane - Hold Me Down (Album Version),1773.0,Lauryn Hill - Interlude 5,2428.2799999999743,Beastie Boys - B-Boy Bouillabaisse: A.W.O.L. (2009 Digital Remaster),1866.877500000012,Danity Kane - Hold Me Down (Album Version),1638.3049999999682,Seventh Day Slumber - Broken Buildings,461.5142268249208,Gil Scott-Heron - Me And The Devil,460.4198865974439,Opeth - The Moor,449.5536821942637,Gil Scott-Heron - Me And The Devil,0.5968675616148561,Seventh Day Slumber - Broken Buildings,0.5930414797492458,Opeth - The Moor,0.5812763812852317,Beastie Boys - B-Boy Bouillabaisse: A.W.O.L. (2009 Digital Remaster),177.3253408017631,Brand Nubian - All For One (Explicit) (2006 Remastered LP Version),135.4114122843105,Eric B. & Rakim - What's On Your Mind,126.98308675170355,The Isley Brothers - Lay Lady Lay,88.35088124679984,Usher - Roni,86.9697727425815,Tyrese - Morning After,83.27039549980393,Fleetwood Mac - Allow Me One More Show,223.71967386303385,Townes Van Zandt - If I Needed You,213.7830135133988,Tab Benoit - Shining Moon,211.65405969537088,Fleetwood Mac - Allow Me One More Show,0.3173628368895969,Townes Van Zandt - If I Needed You,0.300876624066005,Tab Benoit - Shining Moon,0.2952230874794379
TRAZQIG128F146372E,SOFZYKR12A6D4F72A5,ARLAUED1187B9ACEAF,Eric Clapton,Floating Bridge,blues,Lauryn Hill - Interlude 5,2423.0,Beastie Boys - B-Boy Bouillabaisse: A.W.O.L. (2009 Digital Remaster),2285.0,Eminem - 8 Mile,1863.0,Lauryn Hill - Interlude 5,2134.120000000012,Beastie Boys - B-Boy Bouillabaisse: A.W.O.L. (2009 Digital Remaster),2043.4162500000164,Eminem - 8 Mile,1680.6837500000263,Lupe Fiasco - Hurt Me Soul (Explicit Album Version),519.9366625293469,Jackie Greene - About Cell Block #9,510.0961438616429,Onyx - Feel Me,509.9320634392725,Lupe Fiasco - Hurt Me Soul (Explicit Album Version),0.6664681902367555,Onyx - Feel Me,0.656911610446021,Jackie Greene - About Cell Block #9,0.653763644614063,Beastie Boys - B-Boy Bouillabaisse: A.W.O.L. (2009 Digital Remaster),176.5857883088816,Lauryn Hill - Interlude 5,167.98133773368295,Aaron Carter - That's How I Beat Shaq,161.74117807433456,Aaron Carter - That's How I Beat Shaq,108.035339707482,Blind Willie Johnson - If I Had My Way I'd Tear This Building Down,102.6245742673843,Billy Paul - Your Song,94.5260193850864,The Allman Brothers Band - Stormy Monday,229.57541120880492,John Lee Hooker - Down At The Landing,194.69990642824763,Anatomy Of A Ghost - Since Yesterday,186.2769079051897,The Allman Brothers Band - Stormy Monday,0.31500095678640405,Anatomy Of A Ghost - Since Yesterday,0.2763772706992261,John Lee Hooker - Down At The Landing,0.2760864804031255
TRQUJCP128F4238206,SOICNJH12A81C22263,ARLAUED1187B9ACEAF,Eric Clapton,Kind Hearted Woman Blues (Album Version),blues,Lauryn Hill - Interlude 5,1804.0,Beastie Boys - B-Boy Bouillabaisse: A.W.O.L. (2009 Digital Remaster),1711.0,Twista - I'm A Winner (Amended Album Version),1577.0,Lauryn Hill - Interlude 5,1601.599999999993,Beastie Boys - B-Boy Bouillabaisse: A.W.O.L. (2009 Digital Remaster),1541.737499999986,Erykah Badu - I Want You,1478.6125000000072,Robert Johnson - Kindhearted Woman Blues,756.741499324474,Jonny Lang - Breakin Me,549.0151198456348,The Mick Fleetwood Blues Band - Black Magic Woman,547.0966097126582,Robert Johnson - Kindhearted Woman Blues,0.9482073883144873,Jonny Lang - Breakin Me,0.7003492917357614,Anastacia - Club Megamix,0.6961442495270542,Robert Johnson - Kindhearted Woman Blues,160.17813471173756,Ryan Leslie - Just Right,110.67423059962272,Lauryn Hill - Interlude 5,106.07046847951308,Robert Johnson - Kindhearted Woman Blues,151.2307745991491,Ryan Leslie - Just Right,86.97199144370578,Ashanti - Rock Wit U (Awww Baby),85.95762610852292,Robert Johnson - Kindhearted Woman Blues,733.0175002117722,Ten Years After - Woman Trouble,332.6391035652879,Etta James - W.O.M.A.N.,302.1586404446788,Robert Johnson - Kindhearted Woman Blues,0.9205114386740807,Ten Years After - Woman Trouble,0.44344685886782426,Etta James - W.O.M.A.N.,0.40427036347076034
TRIDJMD128E078B984,SOWGAGY12A6701F305,ARN0YZ71187B9BA57B,Michael Bublé,That's All (Album Version),classical,Lauryn Hill - Interlude 5,4289.0,Twista - I'm A Winner (Amended Album Version),2974.0,Michael Jackson - Man In The Mirror,2837.0,Lauryn Hill - Interlude 5,4020.359999999989,Twista - I'm A Winner (Amended Album Version),2798.434999999993,Michael Jackson - Man In The Mirror,2606.684999999993,Hindi Zahra - Fascination (Album Version),623.2466384703748,Mayday Parade - One Man Drinking Games,581.4912978659122,KC And The Sunshine Band - All My Love,580.8476244250596,Hindi Zahra - Fascination (Album Version),0.7865780716762889,Mayday Parade - One Man Drinking Games,0.7373932721322488,KC And The Sunshine Band - All My Love,0.7342440698752284,Lauryn Hill - Interlude 5,119.45376472370819,Savatage - The Hourglass,112.46379417760905,Beastie Boys - B-Boy Bouillabaisse: A.W.O.L. (2009 Digital Remaster),110.19498330600292,S Club - Straight From The Heart,81.60658141026606,Michelle Williams - Till The End Of The World,77.31206338821147,Jon Secada - Take Me,73.21293886868543,S Club - Straight From The Heart,250.43053329498522,Paul Anka - Love Me Warm And Tender,239.4950477920795,Webb Pierce - Even Tho',237.48873651133465,S Club - Straight From The Heart,0.36127858567168114,Webb Pierce - Even Tho',0.3378973580477659,Paul Anka - Love Me Warm And Tender,0.33456942975035703
TRYRCXF128F424183D,SOWXYFO12A8AE46AD3,ARGVJPK1187B9909EA,Josh Groban,America (Revised Live Version),classical,Lauryn Hill - Interlude 5,2325.0,Beastie Boys - B-Boy Bouillabaisse: A.W.O.L. (2009 Digital Remaster),2240.0,Eminem - 8 Mile,1876.0,Lauryn Hill - Interlude 5,2085.79999999999,Beastie Boys - B-Boy Bouillabaisse: A.W.O.L. (2009 Digital Remaster),2039.9624999999885,Eminem - 8 Mile,1725.037500000019,Simon & Garfunkel - America,795.5629173652126,Brand Nubian - All For One (Explicit) (2006 Remastered LP Version),589.7538639051389,The Streets - The Irony Of It All (Album Version),578.4048120104387,Simon & Garfunkel - America,0.9947246396459664,Brand Nubian - All For One (Explicit) (2006 Remastered LP Version),0.7508391938954497,The Streets - The Irony Of It All (Album Version),0.7387241738395302,Beastie Boys - B-Boy Bouillabaisse: A.W.O.L. (2009 Digital Remaster),216.26779078657194,Simon & Garfunkel - America,196.05663187288664,Lauryn Hill - Interlude 5,179.91127711739475,Simon & Garfunkel - America,180.76983965180386,Beastie Boys - B-Boy Bouillabaisse: A.W.O.L. (2009 Digital Remaster),112.82051008554986,Leonard Cohen - Death Of A Ladies' Man,94.95474109547949,Simon & Garfunkel - America,793.9975225324889,Leonard Cohen - Death Of A Ladies' Man,236.64811168335862,Geggy Tah - I Forgot,233.08032201097782,Simon & Garfunkel - America,0.9930742512462812,Leonard Cohen - Death Of A Ladies' Man,0.3623117521888438,Geggy Tah - I Forgot,0.3477847176137586
TRDQLTF128E0787809,SODUTDM12A67020476,ARGVJPK1187B9909EA,Josh Groban,Broken Vow (Album Version),classical,Lauryn Hill - Interlude 5,4866.0,Twista - I'm A Winner (Amended Album Version),4115.0,Erykah Badu - I Want You,3892.0,Lauryn Hill - Interlude 5,4527.440000000061,Twista - I'm A Winner (Amended Album Version),3893.7399999999416,Erykah Badu - I Want You,3767.569999999913,G4 - Broken Vow,799.266848578558,Alexandra Burke - Overcome,648.7964455330684,Mario Vazquez - Everytime I...,638.2096930915632,G4 - Broken Vow,0.9991177766257916,Alexandra Burke - Overcome,0.8176179338967285,Il Divo - Mama,0.8027262142956695,G4 - Broken Vow,283.26176445407975,Beastie Boys - B-Boy Bouillabaisse: A.W.O.L. (2009 Digital Remaster),227.82807632109305,Lauryn Hill - Interlude 5,226.00654715112327,G4 - Broken Vow,258.6089620627695,The Brand New Heavies - Last to Know,107.08468103731727,Savatage - The Hourglass,106.37943213064263,G4 - Broken Vow,795.1797793044523,Westlife - More Than Words,228.4488176042395,Seventh Day Slumber - Broken Buildings,213.54176186607623,G4 - Broken Vow,0.9944948253315911,Westlife - More Than Words,0.33854617338873794,David Wilcox - Invisible Shield,0.3311355816254642
TRUAAEQ128F423C52D,SOGDUMI12A8AE45417,ARGVJPK1187B9909EA,Josh Groban,Gira Con Me Questa Notte (Album Version),classical,Abba - Move On,1407.0,Horace Andy - Horse With No Name,1321.0,Gemelli Diversi - Istruzioni Per L'(Ill)uso,1148.0,Abba - Move On,1362.5212500000246,Horace Andy - Horse With No Name,1280.979999999999,Gemelli Diversi - Istruzioni Per L'(Ill)uso,1122.0087499999863,Gemelli Diversi - Istruzioni Per L'(Ill)uso,600.9847033311743,Vittorio Grigolo - Roma Sogna,590.9348646208668,Paolo Conte - Nord,590.7245129992606,Gemelli Diversi - Istruzioni Per L'(Ill)uso,0.75529830179037,Vittorio Grigolo - Roma Sogna,0.7421281052485834,Paolo Conte - Nord,0.7413877951825896,Gemelli Diversi - Istruzioni Per L'(Ill)uso,502.3446325274821,Fabrizio De Andrè - Sinan Capudan Pascià,425.0526736911639,Flaminio Maphia - Quelli Che,403.0330808204647,Gemelli Diversi - Istruzioni Per L'(Ill)uso,485.9388699542281,Fabrizio De Andrè - Sinan Capudan Pascià,406.7061851946011,Flaminio Maphia - Quelli Che,387.6760716706039,Paul Potts - Piano (Memory),603.0262372591421,Lara Fabian - Caruso,584.7892454759864,Sergio Cammariere - La Canzone Dell' Impossibile,579.636896796664,Paul Potts - Piano (Memory),0.7586782853418743,Lara Fabian - Caruso,0.7360809436011486,Sergio Cammariere - La Canzone Dell' Impossibile,0.7301924554454451
TRYGDNA128E078780C,SOWLNSE12A67020479,ARGVJPK1187B9909EA,Josh Groban,Hymne A L'Amour (Album Version),classical,Tryo - Yakamonéyé,923.0,Fonky Family - L'Amour Du Risque,917.0,Sniper - Panam All Star,906.0,Tryo - Yakamonéyé,882.7100000000034,Fonky Family - L'Amour Du Risque,879.5999999999904,Sniper - Panam All Star,856.3599999999992,Amandine Bourgeois - L'Homme De La Situation,612.9206990891446,Zazie - Tomber Le Masque,594.7963169549125,Lokua Kanza - A Tes Côtés,568.7667465094961,Amandine Bourgeois - L'Homme De La Situation,0.7702577482588894,Zazie - Tomber Le Masque,0.7484485448986042,Lokua Kanza - A Tes Côtés,0.7160180143380986,Sniper - Panam All Star,583.6038496216968,Tryo - Yakamonéyé,578.8538584738045,Fonky Family - Sans Rémission,557.0187128098565,Tryo - Yakamonéyé,546.5137109850663,Sniper - Panam All Star,544.1125327929498,Fonky Family - Sans Rémission,523.9602237801167,Amandine Bourgeois - L'Homme De La Situation,560.2713170019478,Lokua Kanza - A Tes Côtés,554.6932084484703,Grégory Lemarchal - Mon Ange,545.2682693626463,Amandine Bourgeois - L'Homme De La Situation,0.7083673747139935,Lokua Kanza - A Tes Côtés,0.7005620920030614,Grégory Lemarchal - Mon Ange,0.6891230873666018
TRDFTPP128F427550C,SOWOPHG12A8C13DB44,ARGVJPK1187B9909EA,Josh Groban,It Came Upon A Midnight Clear (Album Version),classical,The Streets - Weak Become Heroes,1169.0,Travis - Sing,949.0,Jenny Lewis - Sing A Song,862.0,The Streets - Weak Become Heroes,1085.4812500000123,Travis - Sing,924.5625000000044,Jenny Lewis - Sing A Song,836.2687499999977,Travis - Sing,434.4413810529748,Barry Manilow - Sing It,358.8083485081544,Cinderella Effect - Israel,317.9434438852599,Travis - Sing,0.5495001711304566,Barry Manilow - Sing It,0.4577213922476441,Cinderella Effect - Israel,0.4097102465597109,Flipsyde - Angel,208.75611914581907,Haste The Day - Chorus Of Angels,201.45265804122465,Jon Anderson - My Sweet Jane,169.14204665517784,Flipsyde - Angel,179.3755808082495,Haste The Day - Chorus Of Angels,178.97322803178582,Jon Anderson - My Sweet Jane,144.86461616750785,The Waterboys - The Crash Of Angel Wings,313.499448437082,Brooks & Dunn - You're My Angel,306.8625923310855,Flipsyde - Angel,262.09594222935635,The Waterboys - The Crash Of Angel Wings,0.41016872355538464,Brooks & Dunn - You're My Angel,0.4011534755404811,Flipsyde - Angel,0.3562663194612973
TRRBWRX128F423C535,SOBFGZA12A8AE4542A,ARGVJPK1187B9909EA,Josh Groban,Let Me Fall (From Cirque du Soleil) (Album Version),classical,Lauryn Hill - Interlude 5,2200.0,Eminem - 8 Mile,2187.0,Beastie Boys - B-Boy Bouillabaisse: A.W.O.L. (2009 Digital Remaster),2172.0,Eminem - 8 Mile,2030.2312500000369,Mario Vazquez - Everytime I...,2024.0624999999784,Beastie Boys - B-Boy Bouillabaisse: A.W.O.L. (2009 Digital Remaster),1964.268749999984,JET - Let Me Out,529.4328600910405,Robbie Williams - Come Take Me Over,516.7018029963301,Charley Pride - Let The Chips Fall,511.64216903842873,JET - Let Me Out,0.6734951718494046,Robbie Williams - Come Take Me Over,0.6575239358312595,Charley Pride - Let The Chips Fall,0.6524274900988363,Company Flow - The Fire In Which You Burn (feat. J-Treds & The Brewin From The Juggaknots),102.26492903598651,Newton Faulkner - Dream Catch Me,96.90794807856007,Momus - Closer To You,96.80205866378388,Newton Faulkner - Dream Catch Me,78.69575838595321,SUPREME BEINGS OF LEISURE - Catch Me,78.56694095653336,Charley Pride - Let The Chips Fall,74.3153626263662,SUPREME BEINGS OF LEISURE - Catch Me,271.7987442861583,Charley Pride - Let The Chips Fall,249.01292712408238,Ruben Studdard - If Only For One Night,216.43993743132074,SUPREME BEINGS OF LEISURE - Catch Me,0.36687840564135715,Charley Pride - Let The Chips Fall,0.3474101998169983,Ruben Studdard - If Only For One Night,0.3068955281658607
TRJSTLV128F4241832,SOHCDYF12A58A7C604,ARGVJPK1187B9909EA,Josh Groban,Mi Mancherai (Il Postino) (Revised Live Version),classical,Shaggy - Luv Me Up,663.0,Fabrizio De Andrè - Sinan Capudan Pascià,500.0,Jowell & Randy - Te Ando Buscando,478.0,Shaggy - Luv Me Up,621.1099999999877,Fabrizio De Andrè - Sinan Capudan Pascià,483.7749999999895,Jowell & Randy - Te Ando Buscando,459.0462499999962,Il Divo - Adagio,567.7146285500792,Il Divo - Musica,552.0675980614527,Vinicio Capossela - Il Pugile Sentimentale ( Live ),536.9512772501939,Il Divo - Adagio,0.7146649400837465,Il Divo - Musica,0.6953392321425388,Vinicio Capossela - Il Pugile Sentimentale ( Live ),0.6764594891773381,Flaminio Maphia - Quelli Che,327.60768308953675,Fabrizio De Andrè - Sinan Capudan Pascià,320.94618488536554,Caparezza - Limiti,316.83522817528967,Flaminio Maphia - Quelli Che,314.90680521507517,Fabrizio De Andrè - Sinan Capudan Pascià,305.7728846973969,Caparezza - Limiti,304.8140806915528,Il Divo - Come Primavera,584.0307620720376,Vinicio Capossela - Il Pugile Sentimentale ( Live ),573.0994365290247,Andrea Bocelli - Semplicemente (Canto Per Te),562.0557415540529,Il Divo - Come Primavera,0.7351143383532529,Vinicio Capossela - Il Pugile Sentimentale ( Live ),0.7225305362850327,Andrea Bocelli - Semplicemente (Canto Per Te),0.7095144601757208
TRBRHPE128E0787803,SOJCMKN12A67020471,ARGVJPK1187B9909EA,Josh Groban,My Confession (Album Version),classical,Beastie Boys - B-Boy Bouillabaisse: A.W.O.L. (2009 Digital Remaster),3830.0,Eminem - 8 Mile,3532.0,Lauryn Hill - Interlude 5,3498.0,Beastie Boys - B-Boy Bouillabaisse: A.W.O.L. (2009 Digital Remaster),3546.8700000000813,Mario Vazquez - Everytime I...,3329.499999999988,Eminem - 8 Mile,3318.3299999999504,The Distillers - I Understand,626.3379968105704,Common - Book Of Life,607.4095066227686,Ben Folds Five - Don't Change Your Plans,607.3520489037811,The Distillers - I Understand,0.7893759960732115,Common - Book Of Life,0.7679380626950867,Ben Folds Five - Don't Change Your Plans,0.7678209252492962,Lauryn Hill - Interlude 5,176.3373980504818,Michael Jackson - Man In The Mirror,149.65581176903606,Beastie Boys - B-Boy Bouillabaisse: A.W.O.L. (2009 Digital Remaster),135.81328076552364,Martina McBride - Blessed,103.3511713798225,Michael Jackson - Man In The Mirror,95.41170788687016,Axel Rudi Pell - Beautiful Day,88.71732017389415,Martina McBride - Blessed,226.63019554817032,Axel Rudi Pell - Beautiful Day,221.02704532397897,Hot Chip - Careful,214.85109230607205,Martina McBride - Blessed,0.328182885281443,Axel Rudi Pell - Beautiful Day,0.32648205098086164,Hot Chip - Careful,0.31263739710257943
TRLJSTZ128F4241831,SOTEXNI12A8AE46AAE,ARGVJPK1187B9909EA,Josh Groban,Oceano (Revised Live Version),classical,Flaminio Maphia - Quelli Che,765.0,Fabrizio De Andrè - Sinan Capudan Pascià,631.0,Gemelli Diversi - Istruzioni Per L'(Ill)uso,587.0,Flaminio Maphia - Quelli Che,748.7575000000322,Fabrizio De Andrè - Sinan Capudan Pascià,610.9249999999978,Gemelli Diversi - Istruzioni Per L'(Ill)uso,565.1912500000167,Bluvertigo - Niente Per Scontato,653.532331634908,Paul Potts - Mamma,634.7868677342623,Paul Potts - Bellamore,604.8656642804076,Bluvertigo - Niente Per Scontato,0.8193238354908697,Paul Potts - Mamma,0.7964779230746887,Paul Potts - Bellamore,0.7583766446398089,Flaminio Maphia - Quelli Che,505.17712155067426,Caparezza - Limiti,502.9224929114248,Caparezza - Gli Insetti Del Podere,501.0320465017283,Flaminio Maphia - Quelli Che,488.30137435169377,Caparezza - Limiti,486.94990834031023,Caparezza - Gli Insetti Del Podere,484.3930009776576,Bluvertigo - Niente Per Scontato,663.4409592374487,Paul Potts - Mamma,662.1829068324776,Giusy Ferreri - La Scala (The Ladder),654.2653190117903,Bluvertigo - Niente Per Scontato,0.8322304092818276,Paul Potts - Mamma,0.8311166699120334,Giusy Ferreri - La Scala (The Ladder),0.8204634178767165
TRGURIJ128E078780B,SORUSFO12A67020478,ARGVJPK1187B9909EA,Josh Groban,Remember When It Rained (Album Version),classical,Lauryn Hill - Interlude 5,1644.0,Michael Jackson - Man In The Mirror,1486.0,Beastie Boys - B-Boy Bouillabaisse: A.W.O.L. (2009 Digital Remaster),1450.0,Lauryn Hill - Interlude 5,1430.560000000018,Michael Jackson - Man In The Mirror,1303.0100000000002,Beastie Boys - B-Boy Bouillabaisse: A.W.O.L. (2009 Digital Remaster),1271.504999999983,Josh Groban - Remember When It Rained (Revised Live Version),800.0,Copeland - The Day I Lost My Voice (The Suitcase Song),427.90130506522905,Steely Dan - I Can't Function,385.054106870216,Josh Groban - Remember When It Rained (Revised Live Version),1.0000000000000002,Copeland - The Day I Lost My Voice (The Suitcase Song),0.5532172062804781,Steely Dan - I Can't Function,0.5002960267694229,Josh Groban - Remember When It Rained (Revised Live Version),328.52953890073,Michael Jackson - Man In The Mirror,206.99040348991923,Fun Lovin' Criminals - Blues For Suckers,165.97650630573193,Josh Groban - Remember When It Rained (Revised Live Version),316.31739785146885,Michael Jackson - Man In The Mirror,161.7347370851548,Fun Lovin' Criminals - Blues For Suckers,139.69735994578866,Josh Groban - Remember When It Rained (Revised Live Version),800.0000000000001,Sentidos Opuestos - Oh Na Na Na,335.46159148768004,Kayah - Dla Niego,334.51405800164173,Josh Groban - Remember When It Rained (Revised Live Version),1.0,Sentidos Opuestos - Oh Na Na Na,0.4217809096262355,Kayah - Dla Niego,0.42025374173299673
TRYKKOX128F4241839,SOEIAOV12A8AE46AC4,ARGVJPK1187B9909EA,Josh Groban,Remember When It Rained (Revised Live Version),classical,Lauryn Hill - Interlude 5,1644.0,Michael Jackson - Man In The Mirror,1486.0,Beastie Boys - B-Boy Bouillabaisse: A.W.O.L. (2009 Digital Remaster),1450.0,Lauryn Hill - Interlude 5,1430.560000000018,Michael Jackson - Man In The Mirror,1303.0100000000002,Beastie Boys - B-Boy Bouillabaisse: A.W.O.L. (2009 Digital Remaster),1271.504999999983,Josh Groban - Remember When It Rained (Album Version),800.0,Copeland - The Day I Lost My Voice (The Suitcase Song),427.90130506522905,Steely Dan - I Can't Function,385.054106870216,Josh Groban - Remember When It Rained (Album Version),1.0000000000000002,Copeland - The Day I Lost My Voice (The Suitcase Song),0.5532172062804781,Steely Dan - I Can't Function,0.5002960267694229,Josh Groban - Remember When It Rained (Album Version),328.52953890073,Michael Jackson - Man In The Mirror,206.99040348991923,Fun Lovin' Criminals - Blues For Suckers,165.97650630573193,Josh Groban - Remember When It Rained (Album Version),316.31739785146885,Michael Jackson - Man In The Mirror,161.7347370851548,Fun Lovin' Criminals - Blues For Suckers,139.69735994578866,Josh Groban - Remember When It Rained (Album Version),800.0000000000001,Sentidos Opuestos - Oh Na Na Na,335.46159148768004,Kayah - Dla Niego,334.51405800164173,Josh Groban - Remember When It Rained (Album Version),1.0,Sentidos Opuestos - Oh Na Na Na,0.4217809096262355,Kayah - Dla Niego,0.42025374173299673
TRUVBEG128F92F0B48,SORJUAX12AB017CB28,ARGVJPK1187B9909EA,Josh Groban,Smile,classical,Lauryn Hill - Interlude 5,2716.0,Twista - I'm A Winner (Amended Album Version),2258.0,Michael Jackson - Man In The Mirror,1797.0,Lauryn Hill - Interlude 5,2454.71999999999,Twista - I'm A Winner (Amended Album Version),2087.245000000004,Pain of Salvation - Spitfall,1666.3299999999936,a1 - Learn To Fly,542.8506706332248,Pain of Salvation - Spitfall,521.6836195572926,B.B. King - Jack_ You're Dead!,504.32163840423647,a1 - Learn To Fly,0.6907654148388254,Pain of Salvation - Spitfall,0.6683181023375242,B.B. King - Jack_ You're Dead!,0.6437249161036644,Gabrielle - Don't Need The Sun To Shine (To Make Me Smile),145.15776604992658,Jonny Lang - My Love Remains,138.86501861671127,Beastie Boys - B-Boy Bouillabaisse: A.W.O.L. (2009 Digital Remaster),136.47778513528607,Gabrielle - Don't Need The Sun To Shine (To Make Me Smile),116.94195701625762,Jonny Lang - My Love Remains,111.94055424029794,Jamiroquai - Corner Of The Earth,88.22808243545936,Jonny Lang - My Love Remains,285.50005028505853,Mary Black - By The Time It Gets Dark,217.0919627357938,Stoa - I Wish You Could Smile,214.14189302732547,Jonny Lang - My Love Remains,0.4047722432508722,Gabrielle - Don't Need The Sun To Shine (To Make Me Smile),0.3109259241429827,Mary Black - By The Time It Gets Dark,0.30989230675971347
TRJBNZG128EF35A1AA,SOMYGPN12A6D4F7E28,ARGVJPK1187B9909EA,Josh Groban,Solo Por Ti (Album Version),classical,Abba - Move On,1405.0,Horace Andy - Horse With No Name,1331.0,Violadores del Verso - Dale tiempo al rumor,798.0,Abba - Move On,1367.6787500000253,Horace Andy - Horse With No Name,1297.4200000000335,Violadores del Verso - Dale tiempo al rumor,751.7362499999867,Fey - Solo Por Bailar,503.710616060259,Sebastien Tellier - League Chicanos,500.0522498835508,Buena Vista Social Club - De Camino a la Vereda,492.50888002636265,Fey - Solo Por Bailar,0.6368036318282508,Sebastien Tellier - League Chicanos,0.6311773477025603,Buena Vista Social Club - De Camino a la Vereda,0.6214542589736745,Violadores del Verso - Dale tiempo al rumor,392.588026229006,Willie Colon - Gitana,351.81233316600094,Frank Reyes - Que Voy A hacer Sin Tí,350.44668088111337,Violadores del Verso - Dale tiempo al rumor,355.1705321033725,Frank Reyes - Que Voy A hacer Sin Tí,327.50560016253803,Willie Colon - Gitana,323.04107576641593,Puerto Rican Power - Solo Con Un Beso,464.47898088929077,Carlos Baute - En nuestro aniversario,463.9362982367709,Frank Reyes - Que Voy A hacer Sin Tí,456.54045124004523,Puerto Rican Power - Solo Con Un Beso,0.594283876824688,Carlos Baute - En nuestro aniversario,0.5925813477690747,Frank Reyes - Que Voy A hacer Sin Tí,0.586012132370911
TRPJAPP128EF35A1AC,SOAGVMD12A6D4F7E2A,ARGVJPK1187B9909EA,Josh Groban,Un Giorno Per Noi (Album Version),classical,The Pharcyde - Otha Fish,378.0,Abba - Move On,373.0,Fabrizio De Andrè - Sinan Capudan Pascià,368.0,Fabrizio De Andrè - Sinan Capudan Pascià,358.3750000000039,Abba - Move On,355.1062499999924,The Pharcyde - Otha Fish,344.5312500000081,Sergio Cammariere - Oggi,574.1877479551105,Frankie HI-NRG MC - Sana E Robusta,531.6924451703821,Andrea Bocelli - L'Attesa,521.3402561683515,Sergio Cammariere - Oggi,0.72109294214476,Frankie HI-NRG MC - Sana E Robusta,0.6687940083445564,Andrea Bocelli - L'Attesa,0.6560733875680482,Vinicio Capossela - L'uomo vivo (inno al gioia),275.67711037985055,Bluvertigo - Niente Per Scontato,270.324839472387,Edoardo Bennato - In Fila Per Tre,251.9165495851255,Vinicio Capossela - L'uomo vivo (inno al gioia),269.3448067455294,Bluvertigo - Niente Per Scontato,265.62257163763314,Edoardo Bennato - In Fila Per Tre,245.93515036205244,Bluvertigo - Niente Per Scontato,600.812530348793,RyanDan - Dentro Me,591.6749963907782,Luciano Pavarotti - Che Gelida Manina,587.5296713725304,Bluvertigo - Niente Per Scontato,0.754107003853643,RyanDan - Dentro Me,0.7428934301459661,Luciano Pavarotti - Che Gelida Manina,0.7378066331103266
TRUDTXB128F423C537,SOGQZMP12A8AE4542F,ARGVJPK1187B9909EA,Josh Groban,Vincent (Starry_ Starry Night) (Album Version),classical,Lauryn Hill - Interlude 5,4657.0,Beastie Boys - B-Boy Bouillabaisse: A.W.O.L. (2009 Digital Remaster),2949.0,Eminem - My Darling,2831.0,Lauryn Hill - Interlude 5,4276.119999999979,Beastie Boys - B-Boy Bouillabaisse: A.W.O.L. (2009 Digital Remaster),2630.4787500000098,Eminem - My Darling,2597.866249999988,Damien Dempsey - Colony,534.5255069770194,HELLYEAH - Nausea,529.7369281055649,Lauryn Hill - Interlude 5,527.1160787263188,Damien Dempsey - Colony,0.6861895412846089,Lauryn Hill - Interlude 5,0.6777439830339153,HELLYEAH - Nausea,0.6775570930475653,Lauryn Hill - Interlude 5,259.06083403024076,Beastie Boys - B-Boy Bouillabaisse: A.W.O.L. (2009 Digital Remaster),237.35486247709758,Dilated Peoples - Expansion Team Theme,176.68048507476206,Lauryn Hill - Interlude 5,118.56935720476231,Dilated Peoples - Expansion Team Theme,115.21237337278704,Rick Astley - I'll Never Set You Free,97.86267247632293,Steve Lukather - Never Ending Nights,201.83901826401058,Kenny Loggins - Set It Free,201.78047436367618,Seventh Day Slumber - Broken Buildings,198.8197684986131,Steve Lukather - Never Ending Nights,0.307990567518976,Kenny Loggins - Set It Free,0.3046266061566936,Seventh Day Slumber - Broken Buildings,0.29893632809630505
TRMVVDP128E0787806,SOTQRPK12A67020473,ARGVJPK1187B9909EA,Josh Groban,When You Say You Love Me (Album Version),classical,Lauryn Hill - Interlude 5,7162.0,Twista - I'm A Winner (Amended Album Version),6206.0,Erykah Badu - I Want You,4726.0,Lauryn Hill - Interlude 5,6701.999999999936,Twista - I'm A Winner (Amended Album Version),5905.3749999999545,Erykah Badu - I Want You,4556.937499999961,Lyle Lovett - North Dakota,635.9517766634965,Liz Phair - Go On Ahead,633.2444983464096,Monica - Hurts The Most,630.6868276900431,Lyle Lovett - North Dakota,0.80153950644782,Liz Phair - Go On Ahead,0.7994179058074643,Monica - Hurts The Most,0.7970711675926523,Lauryn Hill - Interlude 5,211.77155537632612,Beastie Boys - B-Boy Bouillabaisse: A.W.O.L. (2009 Digital Remaster),206.14594134522517,Eminem - 8 Mile,172.05563362327646,T Bone Burnett - I'm Going On A Long Journey Never To Return,117.99698869192696,Belinda Carlisle - Heaven Is A Place On Earth,102.38373263470177,Abba - Move On,98.99046484791833,Ferry Corsten - It's Time,230.66442586777794,New Order - Bizarre Love Triangle,228.7714170822483,Deep Dish - Say Hello (Angello & Ingrosso Remix),225.34811943050642,New Order - Bizarre Love Triangle,0.34152524325833455,Ferry Corsten - It's Time,0.33564985230548966,Britney Spears - When Your Eyes Say It,0.33236975100985583
TRIEQWR128E078780D,SOULFRO12A6702047A,ARGVJPK1187B9909EA,Josh Groban,You Raise Me Up (Album Version),classical,Lauryn Hill - Interlude 5,4545.0,Twista - I'm A Winner (Amended Album Version),4530.0,Beastie Boys - B-Boy Bouillabaisse: A.W.O.L. (2009 Digital Remaster),3980.0,Twista - I'm A Winner (Amended Album Version),4302.727499999977,Lauryn Hill - Interlude 5,4197.239999999949,Beastie Boys - B-Boy Bouillabaisse: A.W.O.L. (2009 Digital Remaster),3689.176249999996,Russell Watson - You Raise Me Up,795.9288922026676,David Crowder*Band - All Around Me,563.5050911785975,All Time Low - Therapy,558.0027052030133,Russell Watson - You Raise Me Up,0.9950341894694664,David Crowder*Band - All Around Me,0.7121688843972471,All Time Low - Therapy,0.7066703124759901,Russell Watson - You Raise Me Up,288.0138629613063,The Pharcyde - Otha Fish,143.359690105341,Warren G - Keepin' It Strong,133.76281629984396,Russell Watson - You Raise Me Up,277.7356657466184,Nina Simone - Nobody,112.5593820348532,Eighteen Visions - Bleed By Yourself,103.64308499652691,Russell Watson - You Raise Me Up,798.6889092716356,Suicide Commando - Raise Your God,290.94402804034524,Katatonia - This Punishment,290.8816463914107,Russell Watson - You Raise Me Up,0.9984130353078998,Katatonia - This Punishment,0.38305360747223294,Suicide Commando - Raise Your God,0.37407872391898683
TRBEYYM128F1493C56,SOKMZQL12A58A76B19,ARGVJPK1187B9909EA,Josh Groban,Believe (Album Version),classical,Lauryn Hill - Interlude 5,2718.0,Twista - I'm A Winner (Amended Album Version),2074.0,Michael Jackson - Man In The Mirror,1737.0,Lauryn Hill - Interlude 5,2427.2799999999884,Twista - I'm A Winner (Amended Album Version),1884.0050000000003,MIMS - Move (If You Wanna),1541.8075000000083,Beverley Craven - Phoenix From The Fire,489.43821176750254,Cilla Black - Alfie,483.6527068958065,Pain of Salvation - Spitfall,463.1949426331191,Beverley Craven - Phoenix From The Fire,0.626074851774407,Cilla Black - Alfie,0.6253044259172873,Pain of Salvation - Spitfall,0.6002286115458932,Beastie Boys - B-Boy Bouillabaisse: A.W.O.L. (2009 Digital Remaster),185.71197021597956,Lauryn Hill - Interlude 5,157.45476121832004,Matisyahu - Close My Eyes,142.28365057870803,Tammy Wynette - I Believe,91.47997229100426,Between The Buried And Me - Ants Of The Sky,91.1856150549676,Yellowcard - Believe,90.56743817505124,Andrea Bocelli - I Believe,241.58823957712414,Garbage - Stupid Girl,227.9015871197108,Jamie Cullum - Where Is Your Heart At?,226.8501630541648,Andrea Bocelli - I Believe,0.3570413040392023,Jamie Cullum - Where Is Your Heart At?,0.3311603921864337,Vern Gosdin - Do You Believe Me Now,0.3264480967833296
TRPITXR128F427FA1B,SOEEMLZ12A8C136C5C,ARH861H1187B9B799E,Johnny Cash,Away In A Manger,classical,Lauryn Hill - Interlude 5,824.0,Beastie Boys - B-Boy Bouillabaisse: A.W.O.L. (2009 Digital Remaster),787.0,Eminem - 8 Mile,604.0,Lauryn Hill - Interlude 5,669.4400000000123,Beastie Boys - B-Boy Bouillabaisse: A.W.O.L. (2009 Digital Remaster),657.7450000000002,Eminem - 8 Mile,506.45499999999794,Kenny G - Away In A Manger,788.1556894201677,Johnny Cash - Daddy Sang Bass,377.410145905242,Current 93 - Raio No Terrasu (Jesus Wept),369.08725125550177,Kenny G - Away In A Manger,0.985919404567984,Johnny Cash - Daddy Sang Bass,0.4987614038327086,Fiddler's Green - Matty Groves,0.4796064053266118,Kenny G - Away In A Manger,250.8750151378946,Ja Rule - One of Us,141.06905466886687,Savatage - The Hourglass,134.79324967747198,Kenny G - Away In A Manger,239.27754956931128,Momus - Little Lord Obedience,109.46616872334968,Current 93 - Raio No Terrasu (Jesus Wept),103.13700245703758,Kenny G - Away In A Manger,777.3489936457166,Current 93 - Raio No Terrasu (Jesus Wept),334.33874781201786,Momus - Little Lord Obedience,266.65988941535204,Kenny G - Away In A Manger,0.9729581386973988,Current 93 - Raio No Terrasu (Jesus Wept),0.4343769607501048,Momus - Little Lord Obedience,0.3655171004479236
TRGFMUJ128F423C52F,SOKABLD12D021991AC,ARGVJPK1187B9909EA,Josh Groban,Cinema Paradiso (Se) (Album Version),classical,Gemelli Diversi - Istruzioni Per L'(Ill)uso,311.0,Flaminio Maphia - Quelli Che,305.0,Fabrizio De Andrè - Sinan Capudan Pascià,305.0,Gemelli Diversi - Istruzioni Per L'(Ill)uso,300.5437500000013,Flaminio Maphia - Quelli Che,297.2124999999958,Fabrizio De Andrè - Sinan Capudan Pascià,295.3750000000045,Il Divo - La Promesa,633.5668164849893,Vittorio Grigolo - Se Tu Non Sei Lei,582.0328899442493,Sergio Cammariere - Oggi,550.3388988044951,Il Divo - La Promesa,0.7954084308108675,Vittorio Grigolo - Se Tu Non Sei Lei,0.7318229110975953,Sergio Cammariere - Oggi,0.693043075881872,Gemelli Diversi - Istruzioni Per L'(Ill)uso,292.55200316419916,Flaminio Maphia - Quelli Che,287.81813331820035,Caparezza - Gli Insetti Del Podere,272.3865257045401,Gemelli Diversi - Istruzioni Per L'(Ill)uso,282.62848272554965,Flaminio Maphia - Quelli Che,278.52898302758666,Caparezza - Gli Insetti Del Podere,263.2276663815686,Sergio Cammariere - Oggi,642.3126951305204,Il Divo - La Promesa,607.0821835786317,Andrea Bocelli - L'Attesa,604.8109293461702,Sergio Cammariere - Oggi,0.8063033392396602,Il Divo - La Promesa,0.7630867127253085,Andrea Bocelli - L'Attesa,0.7604026952063446
TRGVTSO12903CABC19,SOPPSEF12AB018ADD4,ARFM3UU1187B994C88,David Crowder*Band,All Around Me,classical,Lauryn Hill - Interlude 5,5833.0,Twista - I'm A Winner (Amended Album Version),5385.0,Beastie Boys - B-Boy Bouillabaisse: A.W.O.L. (2009 Digital Remaster),5004.0,Lauryn Hill - Interlude 5,5441.08,Twista - I'm A Winner (Amended Album Version),5128.867499999945,Erykah Badu - I Want You,4734.958750000005,Godsmack - Asleep,685.3659491423813,Room Eleven - Bitch,643.0998714282962,The Acacia Strain - Kraken,639.4280201025276,Godsmack - Asleep,0.8592162924345821,Room Eleven - Bitch,0.8086388634157978,The Acacia Strain - Kraken,0.8051199261958836,Recoil - Curse,150.0878883838765,The Cat Empire - Days Like These,147.14342353393056,Lauryn Hill - Interlude 5,141.87515698815633,Hayley Westenra - My Heart Belongs To You,103.35247029560358,Lo Fidelity Allstars - Will I Get Out Of Jail,93.80835107984925,The Cat Empire - Days Like These,92.9422169526864,Refused - Rather Be Dead,251.2021301515042,Godsmack - Asleep,245.08909585533092,Lo Fidelity Allstars - Will I Get Out Of Jail,239.28663270431505,Lo Fidelity Allstars - Will I Get Out Of Jail,0.3451370795156781,Godsmack - Asleep,0.33851282654245823,Hayley Westenra - My Heart Belongs To You,0.33509738810095413
TRJGMSL128F4230A6C,SOWYWPP12A81C20850,ARPBTRI1187FB52457,The Game,Black Opera,classical,Lauryn Hill - Interlude 5,15262.0,Twista - I'm A Winner (Amended Album Version),14936.0,Erykah Badu - I Want You,11789.0,Twista - I'm A Winner (Amended Album Version),14243.359999999868,Lauryn Hill - Interlude 5,14202.160000000084,Erykah Badu - I Want You,11399.479999999974,Clawfinger - Revenge,635.141341545174,Wu-Tang Clan - Brooklyn Zoo,633.0237900989151,Level 42 - To Be With You Again,625.8953417019442,Clawfinger - Revenge,0.8012772171146152,Wu-Tang Clan - Brooklyn Zoo,0.8002431245726551,Level 42 - To Be With You Again,0.7898154388967737,Twista - Overdose (Album Version),687.7508086500249,Ying Yang Twins - 1st Booty On Duty,684.2599473475988,Kurupt - Ho's A Housewife,610.747145934175,Ying Yang Twins - 1st Booty On Duty,490.80031024550595,Kurupt - Ho's A Housewife,434.49857794147863,Twista - Overdose (Album Version),432.23499200906565,Kurupt - Ho's A Housewife,328.6036626122383,N.W.A. - The Dayz Of Wayback,312.6998133085079,Immortal Technique - Crossing the Boundary,309.6916436866992,Kurupt - Ho's A Housewife,0.4948281281469182,Immortal Technique - Crossing the Boundary,0.47962279698105464,N.W.A. - The Dayz Of Wayback,0.4713212849461285
TRBGUUE128F1494FB6,SOGDJWU12A58A7DA10,ARJA1841187FB3A029,David Bowie,Baal's Hymn,classical,Lauryn Hill - Interlude 5,2626.0,Beastie Boys - B-Boy Bouillabaisse: A.W.O.L. (2009 Digital Remaster),2184.0,Vanilla Ice - Ice Is Workin' It,1936.0,Lauryn Hill - Interlude 5,2162.3200000000147,Beastie Boys - B-Boy Bouillabaisse: A.W.O.L. (2009 Digital Remaster),1796.2350000000192,Vanilla Ice - Ice Is Workin' It,1716.7599999999943,King Geedorah - The Fine Print,487.3459455534714,MC Paul Barman - Anarchist Bookstore part 1,476.53552813132495,Sopor Aeternus & The Ensemble Of Shadows - Architecture II,470.6252418953366,King Geedorah - The Fine Print,0.6432554026190045,MC Paul Barman - Anarchist Bookstore part 1,0.6272950822072653,Sopor Aeternus & The Ensemble Of Shadows - Architecture II,0.6132052770450744,Lauryn Hill - Interlude 5,343.51869717791146,Beastie Boys - B-Boy Bouillabaisse: A.W.O.L. (2009 Digital Remaster),307.8906117427846,Savatage - The Hourglass,287.5764415564449,Dar Williams - Mortal City,145.38309374256727,Savatage - The Hourglass,138.98249771467704,Gang Starr - The Illest Brother,136.87025724466503,Anti-Flag - Captain Anarchy,206.83663187126533,Johnny Cash - A Thing Called Love,206.82452525325368,Charlotte Church - Joy To The World,205.94794274883296,Johnny Cash - A Thing Called Love,0.3372507483242537,Gang Starr - The Illest Brother,0.331250960225196,Dar Williams - Mortal City,0.32813822348517885
TREPYPE128F92EB38C,SOBAQGA12AB017C9F2,ARNJ9LU1187B9A56A6,Il Divo,Adagio,classical,Gemelli Diversi - Istruzioni Per L'(Ill)uso,545.0,Flaminio Maphia - Quelli Che,487.0,Fabrizio De Andrè - Sinan Capudan Pascià,476.0,Gemelli Diversi - Istruzioni Per L'(Ill)uso,527.6725000000083,Flaminio Maphia - Quelli Che,474.0950000000007,Fabrizio De Andrè - Sinan Capudan Pascià,460.05000000001496,Il Divo - Musica,732.8597747921544,Amici Forever - Adagio,726.430366854123,Paul Potts - Mamma,635.640385355784,Il Divo - Musica,0.9176725071835744,Amici Forever - Adagio,0.9098364354359196,Paul Potts - Mamma,0.7979626251385126,Flaminio Maphia - Quelli Che,420.9002890166624,Gemelli Diversi - Istruzioni Per L'(Ill)uso,414.226989038552,Caparezza - Gli Insetti Del Podere,401.7147575642364,Flaminio Maphia - Quelli Che,407.0216310273031,Gemelli Diversi - Istruzioni Per L'(Ill)uso,399.4005364665098,Caparezza - Gli Insetti Del Podere,388.0307636423554,Il Divo - Musica,758.7866916647886,Amici Forever - Adagio,757.9931499842367,Gianmaria Testa - Il meglio di te,651.1677013574857,Il Divo - Musica,0.9495538935594571,Amici Forever - Adagio,0.9485967275660532,Gianmaria Testa - Il meglio di te,0.8174680091975923
TRGZRPJ128F92EF7E2,SOJBCHJ12A8C140942,ARNJ9LU1187B9A56A6,Il Divo,Adeste Fideles,classical,Vanilla Ice - It's A Party,666.0,Black Eyed Peas - Tell Your Momma Come,391.0,João Gilberto - Aguas De Marco,372.0,Vanilla Ice - It's A Party,636.5124999999833,Black Eyed Peas - Tell Your Momma Come,373.1062499999893,João Gilberto - Aguas De Marco,361.67500000000473,Markus Krunegård - Maria & Jag,389.4919183537081,Rory Gallagher - Out On The Western Plain,339.6391082026432,Siouxsie And The Banshees - Belladonna,337.6467448484987,Markus Krunegård - Maria & Jag,0.4901978306930429,Rory Gallagher - Out On The Western Plain,0.4324602385462706,Siouxsie And The Banshees - Belladonna,0.4299960289311808,Paul Potts - O Holy Night,111.14911072312441,Il Divo - O Holy Night,81.37853168105342,João Gilberto - Aguas De Marco,80.11810015952226,Paul Potts - O Holy Night,104.62511712139937,João Gilberto - Aguas De Marco,76.82102951305089,Il Divo - O Holy Night,76.8076172100181,Paul Potts - O Holy Night,401.84244287208804,Il Divo - O Holy Night,341.84259840995776,School Food Punishment - Flow,321.7226369289486,Paul Potts - O Holy Night,0.5116039351176067,Il Divo - O Holy Night,0.43921405242392725,School Food Punishment - Flow,0.40637947858635187
TRGXTYR128F42ACF5F,SOJILSK12A8C13F427,ARNJ9LU1187B9A56A6,Il Divo,All By Myself (Solo Otra Vez),classical,Los Van Van - El Negro Está Cocinando,666.0,Willie Colon - Gitana,657.0,Horace Andy - Horse With No Name,653.0,Los Van Van - El Negro Está Cocinando,635.3625000000037,Willie Colon - Gitana,621.7400000000043,Horace Andy - Horse With No Name,613.4399999999921,Il Divo - La Vida Sin Amor,473.1435346293372,Cristian Castro - Mi Vida Sin Tu Amor,435.7091833429616,Rey Ruiz - Mienteme Otra Véz,400.3415508243949,Il Divo - La Vida Sin Amor,0.5988617490341908,Cristian Castro - Mi Vida Sin Tu Amor,0.5525911709742081,Rey Ruiz - Mienteme Otra Véz,0.5104334508883596,Gilberto Santa Rosa - Amor Mio No Te Vayas,419.34522950610284,Rey Ruiz - Mienteme Otra Véz,353.7870159401862,Reik - Sin Conocerte,344.6275885184892,Gilberto Santa Rosa - Amor Mio No Te Vayas,401.6248635970396,Rey Ruiz - Mienteme Otra Véz,333.55688853586895,Reik - Sin Conocerte,322.81539383127307,Gilberto Santa Rosa - Amor Mio No Te Vayas,534.184058960133,Genitallica - Otra Vez,424.59968905633986,Reik - Sin Conocerte,410.03483766786576,Gilberto Santa Rosa - Amor Mio No Te Vayas,0.675668642108389,Genitallica - Otra Vez,0.540504319140318,Reik - Sin Conocerte,0.5260470687471666
TRVXXVG128F933AB88,SOHGPTR12AB01874F5,ARNJ9LU1187B9A56A6,Il Divo,Amazing Grace,classical,Lauryn Hill - Interlude 5,2069.0,Beastie Boys - B-Boy Bouillabaisse: A.W.O.L. (2009 Digital Remaster),1701.0,Nelly - Splurge,1376.0,Lauryn Hill - Interlude 5,1844.52000000002,Beastie Boys - B-Boy Bouillabaisse: A.W.O.L. (2009 Digital Remaster),1513.272500000019,Nelly - Splurge,1264.2174999999722,Hayley Westenra - Amazing Grace,748.1888328908178,RKL - Heavily Sedated,513.6778613242215,Robben Ford & The Blue Line - Rugged Road,509.2528564966898,Hayley Westenra - Amazing Grace,0.9385832358180596,RKL - Heavily Sedated,0.660524748914091,Robben Ford & The Blue Line - Rugged Road,0.654630010608049,Hayley Westenra - Amazing Grace,215.94708186534606,Recoil - Curse,152.05320916885196,Ja Rule - One of Us,132.96295656278676,Hayley Westenra - Amazing Grace,201.40664132226095,Recoil - Curse,89.31108762707443,Greg Laswell - How The Day Sounds,77.8634365185934,Hayley Westenra - Amazing Grace,743.6889339246197,Michael McDonald - Peace,246.69386650871505,Snog - Playstation Blues,224.99873766671521,Hayley Westenra - Amazing Grace,0.9340011811011578,Michael McDonald - Peace,0.35547724710242484,Snog - Playstation Blues,0.30922473420429997
TRLFGML128F92EB391,SOMZKFD12AB017CA0C,ARNJ9LU1187B9A56A6,Il Divo,Angelina,classical,Violadores del Verso - Dale tiempo al rumor,1313.0,Violadores del Verso - Cantando,1097.0,Los Van Van - El Negro Está Cocinando,944.0,Violadores del Verso - Dale tiempo al rumor,1255.962499999988,Violadores del Verso - Cantando,1046.7125000000085,Los Van Van - El Negro Está Cocinando,911.9375000000103,Héroes del Silencio - El Camino Del Exceso,551.932168851998,El sueño de Morfeo - Sonrisa especial,511.12570112921486,Nach Scratch - Abre tu puerta (y cruza el universo),506.6656048192252,Héroes del Silencio - El Camino Del Exceso,0.6951570020964439,El sueño de Morfeo - Sonrisa especial,0.6471482610213863,Nach Scratch - Abre tu puerta (y cruza el universo),0.6427812990411076,Violadores del Verso - Cantando,542.5164713796885,Violadores del Verso - Dale tiempo al rumor,483.2703856131881,Daddy Yankee - Todos Quieren A Raymond,414.5250755432951,Violadores del Verso - Cantando,496.46389214091477,Violadores del Verso - Dale tiempo al rumor,436.00094227887803,Daddy Yankee - Todos Quieren A Raymond,370.2410589184128,Violadores del Verso - Cantando,486.63445397314365,El sueño de Morfeo - Sonrisa especial,475.2685738426064,Nach Scratch - Abre tu puerta (y cruza el universo),450.67977411107677,Violadores del Verso - Cantando,0.6268493454940526,El sueño de Morfeo - Sonrisa especial,0.6068640446098289,Nach Scratch - Abre tu puerta (y cruza el universo),0.5832852012365168
TRVFSWI128F42ACE94,SOJZKPG12A8C13F9E0,ARNJ9LU1187B9A56A6,Il Divo,Ave Maria,classical,Abba - Move On,468.0,Horace Andy - Horse With No Name,434.0,Gemelli Diversi - Istruzioni Per L'(Ill)uso,407.0,Abba - Move On,450.1062499999924,Horace Andy - Horse With No Name,417.9000000000028,Gemelli Diversi - Istruzioni Per L'(Ill)uso,396.54375000000783,Vittorio Grigolo - Roma Sogna,626.75761677367,Il Divo - La Promesa,621.2349928028051,Frankie HI-NRG MC - Fili,588.9766192233653,Vittorio Grigolo - Roma Sogna,0.786174672285308,Il Divo - La Promesa,0.7797835311013779,Frankie HI-NRG MC - Fili,0.7397016455482035,Gemelli Diversi - Istruzioni Per L'(Ill)uso,313.7455844525342,Flaminio Maphia - Quelli Che,297.99541299054926,Fabrizio De Andrè - Sinan Capudan Pascià,287.06763727584075,Gemelli Diversi - Istruzioni Per L'(Ill)uso,303.8844637475988,Flaminio Maphia - Quelli Che,288.7646734734213,Fabrizio De Andrè - Sinan Capudan Pascià,276.0399915465646,Il Divo - Come Primavera,642.3087912519516,Frankie HI-NRG MC - Fili,614.5716958758329,Vittorio Grigolo - Roma Sogna,610.697320669241,Il Divo - Come Primavera,0.8058842547566607,Frankie HI-NRG MC - Fili,0.7718412323565418,Vittorio Grigolo - Roma Sogna,0.7669142320225958
TRMKTUF128F42BC140,SOLHDOP12A8C13FB24,ARNJ9LU1187B9A56A6,Il Divo,Caruso,classical,Gemelli Diversi - Istruzioni Per L'(Ill)uso,690.0,Fabrizio De Andrè - Sinan Capudan Pascià,518.0,Abba - Move On,507.0,Gemelli Diversi - Istruzioni Per L'(Ill)uso,674.4649999999996,Fabrizio De Andrè - Sinan Capudan Pascià,503.70000000000255,Abba - Move On,480.414999999988,Lara Fabian - Caruso,734.389096792664,Gemelli Diversi - Istruzioni Per L'(Ill)uso,661.3586854114183,Sergio Cammariere - La Canzone Dell' Impossibile,641.607967803676,Lara Fabian - Caruso,0.9193250772511166,Gemelli Diversi - Istruzioni Per L'(Ill)uso,0.8298857841304109,Sergio Cammariere - La Canzone Dell' Impossibile,0.8055613588617299,Gemelli Diversi - Istruzioni Per L'(Ill)uso,461.3588160450517,Fabrizio De Andrè - Sinan Capudan Pascià,423.0641758440241,Caparezza - Gli Insetti Del Podere,389.68639642008304,Gemelli Diversi - Istruzioni Per L'(Ill)uso,447.95142720044066,Fabrizio De Andrè - Sinan Capudan Pascià,408.0707548367235,Caparezza - Gli Insetti Del Podere,377.3121196626341,Lara Fabian - Caruso,760.4569140526194,Sergio Cammariere - La Canzone Dell' Impossibile,635.660290305074,Russell Watson - Nessun dorma!,632.1939808161765,Lara Fabian - Caruso,0.9514628332432753,Sergio Cammariere - La Canzone Dell' Impossibile,0.7985664860660134,Russell Watson - Nessun dorma!,0.7928912576875771
TRXNYOZ128F42BC146,SOBTJJR12A8C13FB29,ARNJ9LU1187B9A56A6,Il Divo,Come Primavera,classical,Abba - Move On,1560.0,Horace Andy - Horse With No Name,1442.0,Desmond Dekker - Mother Nature,760.0,Abba - Move On,1537.5049999999874,Horace Andy - Horse With No Name,1421.7600000000043,Desmond Dekker - Mother Nature,751.9699999999804,Emma Shapplin - Spente Le Stelle,637.8301613281134,Gemelli Diversi - Istruzioni Per L'(Ill)uso,603.3338637917701,Vittorio Grigolo - Roma Sogna,577.9358613039601,Emma Shapplin - Spente Le Stelle,0.7995198612873297,Gemelli Diversi - Istruzioni Per L'(Ill)uso,0.7571808488447995,Vittorio Grigolo - Roma Sogna,0.725573753806455,Gemelli Diversi - Istruzioni Per L'(Ill)uso,356.149776752191,Flaminio Maphia - Quelli Che,317.3821197523324,Fabrizio De Andrè - Sinan Capudan Pascià,284.77293807275754,Gemelli Diversi - Istruzioni Per L'(Ill)uso,345.6822136437888,Flaminio Maphia - Quelli Che,307.58370521873894,Caparezza - Limiti,273.7971365875848,Il Divo - Ave Maria,642.3087912519516,Raf - Passeggeri Distratti,604.3017838889091,Paul Potts - Tristesse,603.3748357880404,Il Divo - Ave Maria,0.8058842547566607,Raf - Passeggeri Distratti,0.7597131133676573,Paul Potts - Tristesse,0.757470650815233
TRYFLQK128F92EF7F1,SOOVZJZ12A8C1399B9,ARNJ9LU1187B9A56A6,Il Divo,Dentro Un Altro Si,classical,Flaminio Maphia - Quelli Che,353.0,Gemelli Diversi - Istruzioni Per L'(Ill)uso,344.0,Fabrizio De Andrè - Sinan Capudan Pascià,308.0,Flaminio Maphia - Quelli Che,342.32000000000164,Gemelli Diversi - Istruzioni Per L'(Ill)uso,329.65999999999514,Fabrizio De Andrè - Sinan Capudan Pascià,294.8000000000043,Marlene Kuntz - L'Abbraccio,557.781405256535,Le Luci Della Centrale Elettrica - Per combattere l'acne,529.3783228300264,Josh Groban - Oceano (Revised Live Version),529.1580103013904,Marlene Kuntz - L'Abbraccio,0.7027642214999338,Le Luci Della Centrale Elettrica - Per combattere l'acne,0.6676322629936194,Josh Groban - Oceano (Revised Live Version),0.6669873915233538,Caparezza - Gli Insetti Del Podere,417.6166282561685,Flaminio Maphia - Quelli Che,409.36167074307855,Caparezza - Limiti,375.03179361115286,Caparezza - Gli Insetti Del Podere,403.720418171496,Flaminio Maphia - Quelli Che,395.2677776725141,Caparezza - Limiti,361.6921828459593,Josh Groban - Oceano (Revised Live Version),594.8335551463136,Le Luci Della Centrale Elettrica - Per combattere l'acne,591.7166280410618,Caparezza - L'Età Dei Figuranti,588.7192784539324,Josh Groban - Oceano (Revised Live Version),0.7487291386000311,Le Luci Della Centrale Elettrica - Per combattere l'acne,0.7449116797707365,Caparezza - L'Età Dei Figuranti,0.741945280711472
TRRWCOL128F42AD05D,SOOZNYR12A8C13D9F7,ARNJ9LU1187B9A56A6,Il Divo,En Aranjuez Con Tu Amor,classical,Violadores del Verso - Dale tiempo al rumor,1672.0,Violadores del Verso - Cantando,1408.0,Victor Manuelle - Lloré Lloré,1254.0,Violadores del Verso - Dale tiempo al rumor,1601.653749999978,Violadores del Verso - Cantando,1345.9787499999984,Victor Manuelle - Lloré Lloré,1217.0925000000022,Amici Forever - Aranjuez Ma Pensee,745.6918578823488,Joan Manuel Serrat - Mediterraneo,595.0227262058017,Juanes - Tu Y Yo,581.5302761264018,Amici Forever - Aranjuez Ma Pensee,0.9335646034372748,Joan Manuel Serrat - Mediterraneo,0.750269999800567,Juanes - Tu Y Yo,0.7335263532500625,Violadores del Verso - Cantando,512.5586910582268,Violadores del Verso - Dale tiempo al rumor,499.1665681661326,Violadores del Verso - La ciudad nunca duerme,468.9625232232559,Violadores del Verso - Cantando,465.2848920584839,Violadores del Verso - Dale tiempo al rumor,450.64363633575596,Violadores del Verso - La ciudad nunca duerme,427.8977092860037,Amici Forever - Aranjuez Ma Pensee,714.5284158504633,Loquillo Y Los Trogloditas - Hermanos de sangre (Rulot 05),475.39969214734566,Jorge Drexler - No te creas,472.6448318134676,Amici Forever - Aranjuez Ma Pensee,0.895877075340782,Loquillo Y Los Trogloditas - Hermanos de sangre (Rulot 05),0.6044984317695127,Jorge Drexler - No te creas,0.6020459800450251
TRVRPTI128F92EB390,SOCREBZ12AB017CA05,ARNJ9LU1187B9A56A6,Il Divo,Enamorado,classical,Violadores del Verso - Dale tiempo al rumor,563.0,Johnny Prez - Te Vuelvo Loca,560.0,Willie Colon - Gitana,524.0,Johnny Prez - Te Vuelvo Loca,540.6799999999974,Violadores del Verso - Dale tiempo al rumor,532.5800000000022,Willie Colon - Gitana,504.32000000000346,Maelo Ruiz - Te Amo,477.7514705722861,Monica Naranjo - Mi Vida Por Un Hombre,474.5678266132223,Terranova - De Oro,466.424958758326,Maelo Ruiz - Te Amo,0.6048569845242214,Monica Naranjo - Mi Vida Por Un Hombre,0.600584856955925,Terranova - De Oro,0.5906755821949019,Violadores del Verso - Dale tiempo al rumor,366.1651750689193,Camila - Alejate De Mi,345.99549634595604,Daddy Yankee - Como Y Vete,304.99759333091436,Violadores del Verso - Dale tiempo al rumor,336.7142571789413,Camila - Alejate De Mi,332.27723442458444,Daddy Yankee - Como Y Vete,282.0553226780507,Camila - Alejate De Mi,562.3292875656437,Illya Kuryaki And The Valderramas - Virgen De Riña,490.73840963611,Juanes - Volcan,448.9919542955657,Camila - Alejate De Mi,0.7107875507710657,Illya Kuryaki And The Valderramas - Virgen De Riña,0.6226048291070387,Juanes - Volcan,0.5730133744700155
TRGRNWU128F42AE46D,SOLRRGS12A8C13FD5A,ARNJ9LU1187B9A56A6,Il Divo,Esisti Dentro Me,classical,Elvis Crespo - Tu Sonrisa,541.0,Daddy Yankee - Como Y Vete,456.0,RBD - Tu Amor (Hecho En Madrid),431.0,Elvis Crespo - Tu Sonrisa,532.6149999999993,Daddy Yankee - Como Y Vete,434.9300000000008,RBD - Tu Amor (Hecho En Madrid),412.2949999999999,Elvis Crespo - Tu Sonrisa,586.7645836735289,Luis Miguel - Tú Sólo Tú,553.047536176238,Vittorio Grigolo - Tu Sei,538.2107613846364,Elvis Crespo - Tu Sonrisa,0.7364983154558858,Luis Miguel - Tú Sólo Tú,0.6946636272626638,Vittorio Grigolo - Tu Sei,0.6764893218882425,Gemelli Diversi - Istruzioni Per L'(Ill)uso,310.7679735405636,Flaminio Maphia - Quelli Che,287.8358880707291,Tiziano Ferro - Salutandotiaffogo,256.2504323045662,Gemelli Diversi - Istruzioni Per L'(Ill)uso,300.8401121584224,Flaminio Maphia - Quelli Che,278.5426743354252,Tiziano Ferro - Salutandotiaffogo,249.8251063943287,Paul Potts - Ognuno Soffre,660.4239136856551,Vittorio Grigolo - Se Tu Non Sei Lei,620.711512204525,Il Divo - Ave Maria,602.4098575392849,Paul Potts - Ognuno Soffre,0.8284388412919859,Vittorio Grigolo - Se Tu Non Sei Lei,0.7796971778030175,Il Divo - Ave Maria,0.7566493140514317
TRNXWLK128F92EC9A7,SOVINFL12A8C139286,ARNJ9LU1187B9A56A6,Il Divo,Everytime I Look At You,classical,Lauryn Hill - Interlude 5,4220.0,Beastie Boys - B-Boy Bouillabaisse: A.W.O.L. (2009 Digital Remaster),3609.0,Twista - I'm A Winner (Amended Album Version),3545.0,Lauryn Hill - Interlude 5,3898.000000000071,Beastie Boys - B-Boy Bouillabaisse: A.W.O.L. (2009 Digital Remaster),3339.71875000008,Twista - I'm A Winner (Amended Album Version),3334.5624999999777,G4 - Broken Vow,622.0139934676865,Josh Groban - Broken Vow (Album Version),621.8259987507868,Kenny Rogers - Endless love,606.282348033159,G4 - Broken Vow,0.785685329769337,Josh Groban - Broken Vow (Album Version),0.7854657595066026,The Puppini Sisters - I Will Survive,0.7666164037456286,Momus - Closer To You,161.44235232998565,Lauryn Hill - Interlude 5,160.75790968720753,Beastie Boys - B-Boy Bouillabaisse: A.W.O.L. (2009 Digital Remaster),155.26505906441216,Keith Anderson - Lost In This Moment,113.15064907184049,Delta Goodrem - My Big Mistake,112.82084395629089,T Bone Burnett - I'm Going On A Long Journey Never To Return,102.1248778344229,Snog - Playstation Blues,296.31606502530974,Agnostic Front - Blinded,239.48984020929737,Delta Goodrem - My Big Mistake,236.01171138335397,Snog - Playstation Blues,0.39349988388659773,Delta Goodrem - My Big Mistake,0.34213112327750295,Keith Anderson - Lost In This Moment,0.3367555464302271
TRITOVK128F92EC9A0,SOCVWFF12A8C13B6EE,ARNJ9LU1187B9A56A6,Il Divo,Feelings,classical,Dean Martin - I've Grown Accustomed To Her Face,806.0,Us3 - Can U Feel It?,617.0,Gemelli Diversi - Istruzioni Per L'(Ill)uso,589.0,Dean Martin - I've Grown Accustomed To Her Face,782.0525000000071,Us3 - Can U Feel It?,576.9587500000092,Gemelli Diversi - Istruzioni Per L'(Ill)uso,558.2287499999983,Amari - 30 Anni Che Non Ci Vediamo,444.1114683724959,Bluvertigo - Niente Per Scontato,409.2627488173957,Dean Martin - I've Grown Accustomed To Her Face,405.7852764134188,Amari - 30 Anni Che Non Ci Vediamo,0.561627704599423,Bluvertigo - Niente Per Scontato,0.5183294265427325,Dean Martin - I've Grown Accustomed To Her Face,0.5147679216268106,Caparezza - Gli Insetti Del Podere,477.3675756669865,Vinicio Capossela - L'uomo vivo (inno al gioia),431.12224890715817,Flaminio Maphia - Quelli Che,419.075647526204,Caparezza - Gli Insetti Del Podere,460.8105809000984,Vinicio Capossela - L'uomo vivo (inno al gioia),417.5297535777098,Caparezza - Limiti,402.9126136223816,Bluvertigo - Niente Per Scontato,562.8518610829486,Andrea Bocelli - Semplicemente (Canto Per Te),545.8425197237084,Caparezza - L'Età Dei Figuranti,540.9225843355572,Bluvertigo - Niente Per Scontato,0.708661097462886,Andrea Bocelli - Semplicemente (Canto Per Te),0.6892520915120304,Caparezza - L'Età Dei Figuranti,0.6832580129184859
TRRLVOI128F92EB38D,SOKINKK12AB017C9F6,ARNJ9LU1187B9A56A6,Il Divo,Hallelujah (Aleluya),classical,Violadores del Verso - Dale tiempo al rumor,1339.0,Violadores del Verso - Cantando,1195.0,Victor Manuelle - Lloré Lloré,1005.0,Violadores del Verso - Dale tiempo al rumor,1293.369999999988,Violadores del Verso - Cantando,1154.7699999999954,Victor Manuelle - Lloré Lloré,981.060000000011,La Oreja de Van Gogh - El 28,642.1733067329845,Grupo Niche - Buenaventura Y Caney,630.3132566552273,Violadores del Verso - Cantando,627.124961654746,La Oreja de Van Gogh - El 28,0.8069257041942584,Grupo Niche - Buenaventura Y Caney,0.7925756164222795,Violadores del Verso - Cantando,0.7887020809143154,Violadores del Verso - Cantando,442.42954341653694,Violadores del Verso - Dale tiempo al rumor,426.4551386241692,Violadores del Verso - No Paseis Por Alto A Los Genios,350.4793606139207,Violadores del Verso - Cantando,409.6352898123713,Violadores del Verso - Dale tiempo al rumor,392.7943504977199,Violadores del Verso - No Paseis Por Alto A Los Genios,326.26095904955406,Grupo Niche - Buenaventura Y Caney,560.3908724249363,Love Of Lesbian - El ectoplasta,502.6242724481765,Jerry Rivera - Amores Como El Nuestro,500.44872971409694,Grupo Niche - Buenaventura Y Caney,0.7099472325851968,Love Of Lesbian - El ectoplasta,0.6402591632599266,Jerry Rivera - Amores Como El Nuestro,0.6371966969579441
TRHPPNF128F42ACFA9,SOCXAJQ12A8C13FD4E,ARNJ9LU1187B9A56A6,Il Divo,Hasta Mi Final,classical,Violadores del Verso - Dale tiempo al rumor,637.0,Johnny Prez - Te Vuelvo Loca,496.0,Violadores del Verso - Cantando,495.0,Violadores del Verso - Dale tiempo al rumor,601.5099999999986,Johnny Prez - Te Vuelvo Loca,473.45999999999736,Violadores del Verso - Cantando,463.7099999999933,Maelo Ruiz - Te Amo,596.2988584106173,Terranova - De Oro,573.7014004256322,Ana Gabriel - Clemencia,570.1688125071936,Maelo Ruiz - Te Amo,0.7518165289526645,Terranova - De Oro,0.7238348508329221,Ana Gabriel - Clemencia,0.7194831280019712,Violadores del Verso - Dale tiempo al rumor,385.36028354875555,Violadores del Verso - Cantando,369.88529602038074,Daddy Yankee - Todos Quieren A Raymond,307.4861003635419,Violadores del Verso - Dale tiempo al rumor,346.7033140587749,Violadores del Verso - Cantando,332.22347846994523,Tranzas - Mañana que más da,280.9564335778755,KALIMBA - Llorar duele mas,510.9105683847608,Joe Arroyo - Tal Para Cual,505.93845017083174,Café Quijano - Vete De Mi,483.02565943409087,KALIMBA - Llorar duele mas,0.651388284577954,Joe Arroyo - Tal Para Cual,0.6460608867967967,Aventura - Todavía Me Amas,0.6186148978088802
TRUXYDP128F93234BD,SOYGKHG12AB01804C8,ARS54I31187FB46721,Taylor Swift,Crazier,country,Lauryn Hill - Interlude 5,5210.0,Twista - I'm A Winner (Amended Album Version),4547.0,Danity Kane - Hold Me Down (Album Version),3817.0,Lauryn Hill - Interlude 5,4876.959999999972,Twista - I'm A Winner (Amended Album Version),4329.347500000036,Danity Kane - Hold Me Down (Album Version),3662.697500000032,Amerie - Higher,657.5123233013431,Chely Wright - Between A Mother And A Child,635.7446871449364,Clint Black - You Made Me Feel,634.959366860353,Amerie - Higher,0.8285183629788707,Chely Wright - Between A Mother And A Child,0.802752120542994,Clint Black - You Made Me Feel,0.8016222610211802,Lauryn Hill - Interlude 5,182.31688892175325,Beastie Boys - B-Boy Bouillabaisse: A.W.O.L. (2009 Digital Remaster),160.93417208613567,Matisyahu - Close My Eyes,156.42991874311556,Matisyahu - Close My Eyes,91.40308114779558,Paul Anka - The Way You Make Me Feel,90.11999299943358,Joni Mitchell - Paprika Plains  (Remix),86.7344297811504,Plan B - Love Goes Down,226.88742157630077,Clint Black - You Made Me Feel,215.2692402752304,Midtown - Manhattan,207.12374312264058,Plan B - Love Goes Down,0.3326170073835958,Clint Black - You Made Me Feel,0.32105866716517273,Powerman 5000 - Watch The Sky For Me,0.3003972154864645
TRKVVVK12903CB592C,SODUDUN12AB018CCAB,ARS54I31187FB46721,Taylor Swift,Fifteen,country,Lauryn Hill - Interlude 5,9661.0,Twista - I'm A Winner (Amended Album Version),7351.0,Eminem - My Darling,6194.0,Lauryn Hill - Interlude 5,9009.639999999918,Twista - I'm A Winner (Amended Album Version),6925.314999999991,Eminem - My Darling,5795.307500000006,Damian Marley - In 2 Deep,629.8944383143272,HELLYEAH - Nausea,620.4830076870445,Junior Boys - Double Shadow,612.3730693216619,Damian Marley - In 2 Deep,0.7915295297454146,HELLYEAH - Nausea,0.7846891050344484,Alison Krauss / Union Station - The Lucky One,0.7736999489115346,Lauryn Hill - Interlude 5,409.9845464048189,Beastie Boys - B-Boy Bouillabaisse: A.W.O.L. (2009 Digital Remaster),336.7766458828055,Snoop Dogg - Snoopafella (Edited),267.15906286880636,Lauryn Hill - Interlude 5,195.45181019785488,Gang Starr - The Illest Brother,140.82557640599828,Michael Jackson - Man In The Mirror,130.20462948855484,Fantasia - Bump What Your Friends Say,175.36773489948106,Harry Connick_ Jr. - Someday,174.7995319630725,Me First And The Gimme Gimmes - Rainbow Connection,174.08763351223084,Lauryn Hill - Interlude 5,0.34709387157986504,Gang Starr - The Illest Brother,0.33065517678164397,King Tee - Act A Fool,0.32554532356558447
TRUVVME12903CBA350,SORRBVQ12A58A7AA33,ARS54I31187FB46721,Taylor Swift,Change,country,Lauryn Hill - Interlude 5,4066.0,Vanilla Ice - Ice Is Workin' It,2498.0,Daft Punk - Touch It / Technologic,2455.0,Lauryn Hill - Interlude 5,3602.32000000001,Vanilla Ice - Ice Is Workin' It,2278.759999999993,Daft Punk - Touch It / Technologic,2271.9850000000133,Ella Fitzgerald - Manhattan,551.7133317543543,Modern Life Is War - Destination: Death or Better Days,542.7853067881838,Dean Martin - Side By Side,521.8747243090522,Ella Fitzgerald - Manhattan,0.7060299871271949,Modern Life Is War - Destination: Death or Better Days,0.6951206402644413,Dead Kennedys - Kinky Sex Makes the World Go 'Round,0.6751143643931528,Lauryn Hill - Interlude 5,336.6116280069092,Binary Star - Indy 500,226.5926489440802,Beastie Boys - B-Boy Bouillabaisse: A.W.O.L. (2009 Digital Remaster),223.64766871746042,Lauryn Hill - Interlude 5,163.12408406153034,Binary Star - Indy 500,130.66032898387886,The Cat Empire - Days Like These,126.32219982687388,Ayreon - Prologue,208.05459698285398,Steel Pulse - Handsworth Revolution,195.5620832227136,The Cat Empire - Days Like These,188.6731305448224,The Cat Empire - Days Like These,0.33466923504823176,Lauryn Hill - Interlude 5,0.31848655432494966,Steel Pulse - Handsworth Revolution,0.3085955354100417
TRZGWCY12903CEF521,SOVMMRT12D021B2E6E,ARHATLI1187FB52C76,Toby Keith,You Can't Read My Mind,country,Lauryn Hill - Interlude 5,5014.0,Beastie Boys - B-Boy Bouillabaisse: A.W.O.L. (2009 Digital Remaster),3924.0,Twista - I'm A Winner (Amended Album Version),3840.0,Lauryn Hill - Interlude 5,4552.159999999974,Twista - I'm A Winner (Amended Album Version),3538.172500000016,Beastie Boys - B-Boy Bouillabaisse: A.W.O.L. (2009 Digital Remaster),3537.7737499999585,Anastacia - Club Megamix,617.2277732848058,Amanda Jenssen - Don't Worry,598.9018283608166,New Order - Bizarre Love Triangle,583.8798296679821,Anastacia - Club Megamix,0.7850343722677622,Amanda Jenssen - Don't Worry,0.7600207058389225,New Order - Bizarre Love Triangle,0.7419302606018228,Beastie Boys - B-Boy Bouillabaisse: A.W.O.L. (2009 Digital Remaster),300.95607568290416,Lauryn Hill - Interlude 5,245.60440143769395,Eminem - 8 Mile,195.6065354232655,Beastie Boys - B-Boy Bouillabaisse: A.W.O.L. (2009 Digital Remaster),150.33854616275727,Daryl Hall - Help Me Find A Way To Your Heart,111.73240231942093,Mutya Buena - Not Your Baby,110.42369224731702,Mutya Buena - Not Your Baby,226.2385799416263,B.B. King - All Over Again,219.6964976396718,Colbie Caillat - Midnight Bottle,216.00029373724496,Mutya Buena - Not Your Baby,0.3449416952596124,Dance Hall Crashers - DHC,0.32800405915850256,Daryl Hall - Help Me Find A Way To Your Heart,0.32789803124502837
TRMAVQT128F4270DBF,SOLJTVT12A58A79F96,ARH861H1187B9B799E,Johnny Cash,Man In White,country,Lauryn Hill - Interlude 5,6988.0,Beastie Boys - B-Boy Bouillabaisse: A.W.O.L. (2009 Digital Remaster),6505.0,Eminem - 8 Mile,4945.0,Lauryn Hill - Interlude 5,6259.359999999927,Beastie Boys - B-Boy Bouillabaisse: A.W.O.L. (2009 Digital Remaster),5895.655000000043,Eminem - 8 Mile,4485.145000000074,Faron Young - Riverboat,617.290613812805,Snoop Dogg - Snoopafella (Edited),610.3688322905705,John Denver - El Paso,608.659307705565,Faron Young - Riverboat,0.7816857758870969,Snoop Dogg - Snoopafella (Edited),0.7777342903652562,John Denver - El Paso,0.7755227431363245,Beastie Boys - B-Boy Bouillabaisse: A.W.O.L. (2009 Digital Remaster),455.19074079626074,Lauryn Hill - Interlude 5,405.66073117575,Savatage - The Hourglass,394.74121215390045,Savatage - The Hourglass,198.55659199501915,Snoop Dogg - Snoopafella (Edited),189.11916357372957,Dar Williams - Mortal City,176.90198341192323,The Psychedelic Furs - Flowers,219.26673194730483,Hank Williams - I Saw the Light,210.47972953341625,Brooks & Dunn - Born And Raised In Black And White,206.16432601321966,Snoop Dogg - Snoopafella (Edited),0.3583026038801619,Savatage - The Hourglass,0.34918453350868656,Billy Gilman - Oklahoma,0.3422686604569138
TRWVEDL128F4293EA3,SOOVRMN12AF72A0933,AR7ZFLN1187FB4830A,Rascal Flatts,Holes,country,Lauryn Hill - Interlude 5,4084.0,Beastie Boys - B-Boy Bouillabaisse: A.W.O.L. (2009 Digital Remaster),3243.0,Twista - I'm A Winner (Amended Album Version),3005.0,Lauryn Hill - Interlude 5,3758.319999999969,Beastie Boys - B-Boy Bouillabaisse: A.W.O.L. (2009 Digital Remaster),2970.64125000001,Twista - I'm A Winner (Amended Album Version),2792.157500000037,Joni Mitchell - Lesson In Survival  (LP Version),572.6673826960271,RKL - Heavily Sedated,562.1712781667105,Beastie Boys - B-Boy Bouillabaisse: A.W.O.L. (2009 Digital Remaster),560.5178071703172,Joni Mitchell - Lesson In Survival  (LP Version),0.7300440017706726,RKL - Heavily Sedated,0.7170517807545665,Beastie Boys - B-Boy Bouillabaisse: A.W.O.L. (2009 Digital Remaster),0.7168010021690715,Lauryn Hill - Interlude 5,213.60421931584898,Beastie Boys - B-Boy Bouillabaisse: A.W.O.L. (2009 Digital Remaster),163.4150845835972,Twista - Overdose (Album Version),156.02555071912312,Lauryn Hill - Interlude 5,95.0491390423223,Dr. Alban - One Love,81.41983169553001,KRS-One - The Truth,79.59476887533211,Violet Indiana - Safe Word,212.49675903677002,Ulver - The Truth,201.98717974178646,Nick Lowe - Indian Queens,184.57540732241446,Violet Indiana - Safe Word,0.29836589361675714,Nick Lowe - Indian Queens,0.2801293017790271,Ulver - The Truth,0.27706952796538936
TRTVVYX128F9328DBA,SOMKEYV12AF72A20B2,ARFL99B1187B9A2A45,Sugarland,Baby Girl,country,Lauryn Hill - Interlude 5,5955.0,Beastie Boys - B-Boy Bouillabaisse: A.W.O.L. (2009 Digital Remaster),5550.0,Twista - I'm A Winner (Amended Album Version),4906.0,Lauryn Hill - Interlude 5,5270.519999999959,Beastie Boys - B-Boy Bouillabaisse: A.W.O.L. (2009 Digital Remaster),4977.585000000028,Twista - I'm A Winner (Amended Album Version),4458.670000000064,Michael Bublé - Stuck In The Middle With You (Non-Album Track),599.451873892264,Gary Allan - Promise Broken,594.4856002164547,A Tribe Called Quest - Hot Sex,583.8394012197537,Michael Bublé - Stuck In The Middle With You (Non-Album Track),0.7615568958346628,Gary Allan - Promise Broken,0.7558746520014389,A Tribe Called Quest - Hot Sex,0.7468510971169703,Beastie Boys - B-Boy Bouillabaisse: A.W.O.L. (2009 Digital Remaster),348.11252549882136,Momus - Closer To You,283.4860337578714,Lauryn Hill - Interlude 5,281.7611900889582,Barry White - Never Gonna Give You Up,161.52612483076632,Momus - Closer To You,155.83715636400828,The Dramatics - Be My Girl,148.77596602420851,Barry White - Never Gonna Give You Up,224.23328449272364,Dusty Springfield - Send It To Me,222.85121433875318,Lonestar - Please Come Home For Christmas,221.30063751235912,Barry White - Never Gonna Give You Up,0.3493052721536808,Dusty Springfield - Send It To Me,0.33644702760734546,Lonestar - Please Come Home For Christmas,0.3287982772594875
TRTGPPK128F1459DD4,SOIHEED12A6D4F5E36,AR4DW2Q1187FB44DB6,Billy Currington,Growin' Up Down There,country,Lauryn Hill - Interlude 5,2515.0,Beastie Boys - B-Boy Bouillabaisse: A.W.O.L. (2009 Digital Remaster),2423.0,Twista - I'm A Winner (Amended Album Version),1961.0,Lauryn Hill - Interlude 5,2152.519999999986,Beastie Boys - B-Boy Bouillabaisse: A.W.O.L. (2009 Digital Remaster),2119.8662500000087,Twista - I'm A Winner (Amended Album Version),1724.1075000000324,The Streets - The Irony Of It All (Album Version),473.58354466362965,N-Dubz - Sex,468.2693254561092,Westlife - That's Life,462.7583306078527,The Streets - The Irony Of It All (Album Version),0.6201209486854647,N-Dubz - Sex,0.6136865487323041,Lil Wyte - Ten Toes Tall,0.6060691722277157,Lauryn Hill - Interlude 5,230.9852492155006,Beastie Boys - B-Boy Bouillabaisse: A.W.O.L. (2009 Digital Remaster),219.71417677651385,Savatage - The Hourglass,213.5853659217754,Lost Boyz - Summer Time,104.22273270201329,Savatage - The Hourglass,103.9918247305571,"Digable Planets - Pacifics (Sdtrk ""N.Y. Is Red Hot"")",102.58353526603489,Confederate Railroad - Summer In Dixie (Remastered Album Version),200.060064429701,Julie Ruin - Aerobicide,198.64234371907077,Alexandra Burke - Dumb,196.20403357252363,Alexandra Burke - Dumb,0.3026770690857638,Confederate Railroad - Summer In Dixie (Remastered Album Version),0.2995683872052706,Dido - Summer,0.28649341817726515
TRHUIRM128F426BFD5,SOMDWHQ12A6D4F5E30,AR4DW2Q1187FB44DB6,Billy Currington,Hangin' Around,country,Lauryn Hill - Interlude 5,5022.0,Twista - I'm A Winner (Amended Album Version),4542.0,Erykah Badu - I Want You,3645.0,Lauryn Hill - Interlude 5,4707.360000000015,Twista - I'm A Winner (Amended Album Version),4336.372500000017,Erykah Badu - I Want You,3529.3612499999604,Kevin Devine - Fever Moon,620.2825056187785,The Corrs - Irresistible ( LP Version ),605.1318766579637,Ricky Skaggs - I Wouldn't Change You If I Could,595.6786556062603,Kevin Devine - Fever Moon,0.7820229244846428,The Corrs - Irresistible ( LP Version ),0.7622138448986552,Ricky Skaggs - I Wouldn't Change You If I Could,0.7510067808107522,Beastie Boys - B-Boy Bouillabaisse: A.W.O.L. (2009 Digital Remaster),167.1469018091852,Lauryn Hill - Interlude 5,135.2182718810092,The Streets - Weak Become Heroes,130.34035286224668,Billie Piper - Day And Night,87.95152828107925,Aaron Neville - Don't Fall Apart On Me Tonight,87.72394875947926,The Streets - Weak Become Heroes,81.89966798736624,Blacklisted - Wish,248.8722542681022,The Coral - I Forgot My Name,240.89611431150536,Incognito - Chase The Clouds Away,225.20623738203003,Blacklisted - Wish,0.34300327061903746,The Coral - I Forgot My Name,0.31480246372992504,Incognito - Chase The Clouds Away,0.31313701606742667
TRJNTQQ128F426BFD0,SOVXWMI12A8C13B667,AR4DW2Q1187FB44DB6,Billy Currington,Here I Am,country,Lauryn Hill - Interlude 5,3109.0,Beastie Boys - B-Boy Bouillabaisse: A.W.O.L. (2009 Digital Remaster),2835.0,Twista - I'm A Winner (Amended Album Version),2564.0,Lauryn Hill - Interlude 5,2781.479999999999,Beastie Boys - B-Boy Bouillabaisse: A.W.O.L. (2009 Digital Remaster),2561.1025000000145,Twista - I'm A Winner (Amended Album Version),2349.9550000000377,Aesop Rock - Shovel,522.3135237229999,Michael Bublé - Stuck In The Middle With You (Non-Album Track),518.3943159114904,Momus - Closer To You,513.1293571300539,Aesop Rock - Shovel,0.6728972979458699,Michael Bublé - Stuck In The Middle With You (Non-Album Track),0.6639332944888543,Momus - Closer To You,0.660941877842382,Beastie Boys - B-Boy Bouillabaisse: A.W.O.L. (2009 Digital Remaster),188.40898327801474,Lauryn Hill - Interlude 5,164.901256719453,Petey Pablo - Fool For Love,155.7748860423444,Houston - Twizala,113.44745575293322,Jackson 5 - Lookin' Through The Windows,109.02549903562313,G-Unit - Beg For Mercy,100.74968320908607,Remy Shand - Looking Back On Vanity,238.97120690220513,Jackson 5 - Lookin' Through The Windows,207.61926998386525,Houston - Twizala,200.92700226237386,Remy Shand - Looking Back On Vanity,0.3370294899017328,Houston - Twizala,0.2933864906158084,Jackson 5 - Lookin' Through The Windows,0.29285580025123875
TRZJCNT128F426BFCC,SOWNWBW12A8C13B65E,AR4DW2Q1187FB44DB6,Billy Currington,She's Got A Way With Me,country,Lauryn Hill - Interlude 5,2809.0,Beastie Boys - B-Boy Bouillabaisse: A.W.O.L. (2009 Digital Remaster),2606.0,Twiztid - She Ain't Afraid,2436.0,Lauryn Hill - Interlude 5,2468.600000000001,Beastie Boys - B-Boy Bouillabaisse: A.W.O.L. (2009 Digital Remaster),2321.331249999987,Young Jeezy - By The Way,2251.1624999999945,Josh Turner - Haywire,540.7233099097506,Atmosphere - Hair,533.3544780076146,James Taylor - Something In The Way She Moves,518.1699414529833,Josh Turner - Haywire,0.6877574022043238,Atmosphere - Hair,0.6805413610899474,James Taylor - Something In The Way She Moves,0.661205222193382,Beastie Boys - B-Boy Bouillabaisse: A.W.O.L. (2009 Digital Remaster),182.59790793888988,Lauryn Hill - Interlude 5,177.99800098426263,Twiztid - She Ain't Afraid,169.3601540537673,Barry White - Never Gonna Give You Up,110.44821639319795,The Corrs - Queen Of Hollywood ( LP Version ),103.53107144846832,Twiztid - She Ain't Afraid,101.79663034724328,Clint Black - Half The Man,335.6420224730739,Barry White - Never Gonna Give You Up,267.9540948424181,Teenage Bottlerocket - She's Not the One,250.9633523796106,Clint Black - Half The Man,0.45421533006061204,Barry White - Never Gonna Give You Up,0.387443626318947,Johnny Cash - A Thing Called Love,0.35437639552200606
TRPZEWS128F92F585E,SOOSFVL12AB018253F,AR4DW2Q1187FB44DB6,Billy Currington,That's How Country Boys Roll,country,Lauryn Hill - Interlude 5,3190.0,Michael Jackson - Man In The Mirror,2087.0,Beastie Boys - B-Boy Bouillabaisse: A.W.O.L. (2009 Digital Remaster),2038.0,Lauryn Hill - Interlude 5,2840.3999999999487,Michael Jackson - Man In The Mirror,1787.275000000013,Beastie Boys - B-Boy Bouillabaisse: A.W.O.L. (2009 Digital Remaster),1745.6374999999978,The Dubliners - The Molly Maguires,519.5541897209725,Dropkick Murphys - Good Rats (Live),512.9132516498369,Valient Thorr - False Profits,487.4897544895471,The Dubliners - The Molly Maguires,0.6627476516448516,Dropkick Murphys - Good Rats (Live),0.657535505639407,Valient Thorr - False Profits,0.6270120708038567,Beastie Boys - B-Boy Bouillabaisse: A.W.O.L. (2009 Digital Remaster),213.69381587585534,Lauryn Hill - Interlude 5,176.62935323212346,Savatage - The Hourglass,175.1364841970619,Nivea - Indian Dance,136.28059776265928,Alabama - Roll On (Eighteen Wheeler),129.1305749568702,Ferlin Husky - Convoy,112.38948003607044,Lyle Lovett - North Dakota,211.14828530012306,Alabama - Roll On (Eighteen Wheeler),207.66667815906027,Nivea - Indian Dance,205.54430840448282,Lyle Lovett - North Dakota,0.3092469605338192,Alabama - Roll On (Eighteen Wheeler),0.30853908992188234,Nivea - Indian Dance,0.3049238535446386
TRYPBLE128F1459DD1,SOKHXYG12A6D4F5E33,AR4DW2Q1187FB44DB6,Billy Currington,Where The Girls Are,country,Lauryn Hill - Interlude 5,3566.0,Beastie Boys - B-Boy Bouillabaisse: A.W.O.L. (2009 Digital Remaster),2353.0,Eminem - My Darling,1938.0,Lauryn Hill - Interlude 5,3227.440000000016,Beastie Boys - B-Boy Bouillabaisse: A.W.O.L. (2009 Digital Remaster),2069.869999999983,Eminem - My Darling,1730.769999999982,Public Image Ltd - Where Are You?,488.82624422501976,Antimatter - Legions,458.617296699992,Leo Sayer - Wondering Where The Lions Are,458.1409996244241,Public Image Ltd - Where Are You?,0.615703793608475,Antimatter - Legions,0.5868124042218467,Leo Sayer - Wondering Where The Lions Are,0.5845351665659776,Beastie Boys - B-Boy Bouillabaisse: A.W.O.L. (2009 Digital Remaster),223.2602455142744,Eminem - 8 Mile,178.56151843098573,Murs - The Dance,162.8368094179767,Cyndi Lauper - Girls Just Want To Have Fun,133.23009257033664,Kurtis Blow - AJ Scratch,104.02517938415386,Beastie Boys - B-Boy Bouillabaisse: A.W.O.L. (2009 Digital Remaster),102.38035487311724,Cyndi Lauper - Girls Just Want To Have Fun,245.0321087988473,Greg Laswell - Girls Just Want To Have Fun (Demo),237.7767482874879,Jamie Cullum - Music Is Through,186.88312621018898,Cyndi Lauper - Girls Just Want To Have Fun,0.33926047013349814,Greg Laswell - Girls Just Want To Have Fun (Demo),0.3317790515139425,Thomas Dolby - Screen Kiss,0.28235398613387386
TRKVITQ128F4271B31,SOVALXP12D021B3DA8,ARH861H1187B9B799E,Johnny Cash,Daddy Sang Bass,country,Lauryn Hill - Interlude 5,2915.0,Beastie Boys - B-Boy Bouillabaisse: A.W.O.L. (2009 Digital Remaster),2559.0,The Pharcyde - Otha Fish,2200.0,Lauryn Hill - Interlude 5,2534.119999999976,Beastie Boys - B-Boy Bouillabaisse: A.W.O.L. (2009 Digital Remaster),2240.478750000018,The Pharcyde - Otha Fish,2002.056250000008,Pentangle - Will the Circle Be Unbroken?,508.464668539302,Opera IX - Immortal Chant,476.2300421900797,Bruce Springsteen - Brothers Under The Bridges ('83),469.9451601929653,Pentangle - Will the Circle Be Unbroken?,0.6466624512983471,Opera IX - Immortal Chant,0.6124981666150326,Bruce Springsteen - Brothers Under The Bridges ('83),0.6116343519536278,Lauryn Hill - Interlude 5,215.58942424447557,Eminem - 8 Mile,212.1360779133861,Dolly Parton - Daddy's Moonshine Still,210.99818876469516,Dolly Parton - Daddy's Moonshine Still,157.93806223009338,Merle Haggard - Daddy Frank,141.7652278356089,Triumvirat - Sing Me A Song (Non Album Track),136.41565897157085,Cross Canadian Ragweed - Lawrence,294.6631844394855,Merle Haggard - Daddy Frank,262.9094473369747,Lefty Frizzell - Mom And Dad's Waltz,254.37838467819674,Cross Canadian Ragweed - Lawrence,0.4112183181366746,Merle Haggard - Daddy Frank,0.3757294420746338,Dolly Parton - Daddy's Moonshine Still,0.3621773734842599
TRGZDBB128F4270A4C,SOLWDNH12D021B2402,ARH861H1187B9B799E,Johnny Cash,I Don't Know Where I'm Bound,country,Beastie Boys - B-Boy Bouillabaisse: A.W.O.L. (2009 Digital Remaster),4199.0,Eminem - 8 Mile,4173.0,R. Kelly - I Mean (I Don't Mean It),3998.0,Eminem - 8 Mile,3966.297500000022,Beastie Boys - B-Boy Bouillabaisse: A.W.O.L. (2009 Digital Remaster),3925.102500000018,R. Kelly - I Mean (I Don't Mean It),3859.38249999998,LMFAO - I Am Not A Whore,649.4792967605939,Sylver - Fallin',642.1376602445753,Sneaky Sound System - 16,629.4634468128701,LMFAO - I Am Not A Whore,0.8141630205966732,Sylver - Fallin',0.8067178260046389,Sneaky Sound System - 16,0.7922371132428139,Beastie Boys - B-Boy Bouillabaisse: A.W.O.L. (2009 Digital Remaster),145.0428722499425,Louis Logic - Dos Factotum,139.1921460875548,Lauryn Hill - Interlude 5,137.2166285735369,Louis Logic - Dos Factotum,96.54921239683466,Anastacia - Club Megamix,75.78502087680984,Soulfly - One Nation (Album Version),71.70796723101515,Soulfly - One Nation (Album Version),194.99281223341387,Darden Smith - Swept Away,192.23390786551326,Louis Logic - Dos Factotum,191.1185304529304,Louis Logic - Dos Factotum,0.30956487502080254,Soulfly - One Nation (Album Version),0.29681916430823546,Bessie Smith - Back water blues,0.292787024103905
TRMBNRH12903D02C23,SOWLYYP12D0219044F,ARH861H1187B9B799E,Johnny Cash,I Was There When It Happened,country,Lauryn Hill - Interlude 5,4157.0,Beastie Boys - B-Boy Bouillabaisse: A.W.O.L. (2009 Digital Remaster),3696.0,Eminem - 8 Mile,3431.0,Lauryn Hill - Interlude 5,3789.000000000028,Beastie Boys - B-Boy Bouillabaisse: A.W.O.L. (2009 Digital Remaster),3388.2499999999827,Eminem - 8 Mile,3198.7499999999222,Common - Book Of Life,586.8821092584816,Bananarama - Lovebite,585.7737820230759,Lupe Fiasco - Hurt Me Soul (Explicit Album Version),578.6801058320731,Common - Book Of Life,0.7439474803569341,Bananarama - Lovebite,0.7432422527106193,Lupe Fiasco - Hurt Me Soul (Explicit Album Version),0.7350361130647047,Lauryn Hill - Interlude 5,214.5820156334791,DJ Quik - Safe + Sound,185.26762036818934,Beastie Boys - B-Boy Bouillabaisse: A.W.O.L. (2009 Digital Remaster),180.71470294080513,Lauryn Hill - Oh Jerusalem,109.9162169033639,Nothingface - Villains (Full-Length),109.19329766781158,DJ Quik - Safe + Sound,102.79290462021542,Nothingface - Villains (Full-Length),243.96813290561423,Iron Maiden - Lord Of The Flies (Live In Dortmund),200.43523995501354,Ginuwine - Ginuwine 4 ur Mind,192.97294799059205,Nothingface - Villains (Full-Length),0.3509954489749915,Iron Maiden - Lord Of The Flies (Live In Dortmund),0.29077330918098715,Ginuwine - Ginuwine 4 ur Mind,0.28331447893098677
TRBXYKU128F427915D,SOEXZQP12D021B0F1D,ARH861H1187B9B799E,Johnny Cash,The Big Battle,country,Lauryn Hill - Interlude 5,3952.0,Beastie Boys - B-Boy Bouillabaisse: A.W.O.L. (2009 Digital Remaster),3028.0,Eminem - My Darling,2502.0,Lauryn Hill - Interlude 5,3539.8399999999847,Beastie Boys - B-Boy Bouillabaisse: A.W.O.L. (2009 Digital Remaster),2683.320000000021,Eminem - My Darling,2249.720000000026,Solefald - Loki Trickster God,550.9447687403225,KRS ONE - I'm On The Mic,544.4514729975762,Snow Patrol - The Lightning Strike,540.2512584883202,Solefald - Loki Trickster God,0.7077191201951414,KRS ONE - I'm On The Mic,0.7025329622074038,Snow Patrol - The Lightning Strike,0.6990435157457604,Beastie Boys - B-Boy Bouillabaisse: A.W.O.L. (2009 Digital Remaster),270.3282777701163,Twista - Overdose (Album Version),225.05753182727614,Lauryn Hill - Interlude 5,218.61112830058386,Gang Starr - The Illest Brother,122.25611915211944,Esham - Killin' Spree,118.83668221443476,Fugees (Tranzlator Crew) - Temple,116.92405899043642,Esham - Killin' Spree,202.42560072890805,Bellamy Brothers - Livin In The West,194.83328167555564,Jolie Holland - Mexico City,186.81189168301643,Esham - Killin' Spree,0.3297682978272405,Gang Starr - The Illest Brother,0.32385036717896515,John Denver - El Paso,0.31884748398723656
TRFRXGD128F42717FF,SOHCAKG12A8BED7973,ARH861H1187B9B799E,Johnny Cash,A Thing Called Love,country,Lauryn Hill - Interlude 5,2983.0,Michael Jackson - Man In The Mirror,2310.0,Beastie Boys - B-Boy Bouillabaisse: A.W.O.L. (2009 Digital Remaster),2168.0,Lauryn Hill - Interlude 5,2611.3200000000065,Michael Jackson - Man In The Mirror,1991.345000000012,Beastie Boys - B-Boy Bouillabaisse: A.W.O.L. (2009 Digital Remaster),1857.1725000000165,Pete Murray - My Time,484.517900295456,Reckless Kelly - Broken Heart,481.09327606535055,Aesop Rock - Mars Attacks,481.0802004358367,Aesop Rock - Mars Attacks,0.6354993566190082,Company Flow - The Fire In Which You Burn (feat. J-Treds & The Brewin From The Juggaknots),0.628286960495905,Pete Murray - My Time,0.6243052045826373,Lauryn Hill - Interlude 5,248.28833863966614,Beastie Boys - B-Boy Bouillabaisse: A.W.O.L. (2009 Digital Remaster),237.95063910669444,Savatage - The Hourglass,233.65802014299558,Michael Jackson - Man In The Mirror,132.3748667828969,Savatage - The Hourglass,127.15498598207223,Jay-Z - Soon You'll Understand,124.06667826223168,Billy Currington - She's Got A Way With Me,237.27971781600678,David Bowie - Baal's Hymn,206.82452525325368,Erasure - Intro: Guess I'm Into Feeling,202.27122090461282,Billy Currington - She's Got A Way With Me,0.35437639552200606,David Bowie - Baal's Hymn,0.3372507483242537,Dixie Chicks - Travelin' Soldier,0.3213837186629252
TRYIYFG128F42603CC,SOOUGLY12A8BEE954A,ARH861H1187B9B799E,Johnny Cash,You Dreamer You,country,Lauryn Hill - Interlude 5,4434.0,Twista - I'm A Winner (Amended Album Version),3783.0,Erykah Badu - I Want You,3295.0,Lauryn Hill - Interlude 5,4102.799999999995,Twista - I'm A Winner (Amended Album Version),3566.5500000000343,Erykah Badu - I Want You,3173.274999999985,Heavenly - Tool,582.9084687356777,Jay-Jay Johanson - I fantasize of you,577.6960439067615,Hello Saferide - Get Sick Soon,573.4144626548804,Heavenly - Tool,0.73902950200792,Jay-Jay Johanson - I fantasize of you,0.732366781996161,Hello Saferide - Get Sick Soon,0.7259206311014332,Beastie Boys - B-Boy Bouillabaisse: A.W.O.L. (2009 Digital Remaster),199.2383605249176,Joe Bonamassa - Asking Around For You,178.29634168948667,Recoil - Curse,164.9573694047797,Joe Bonamassa - Asking Around For You,152.4763306031704,Josh Groban - It Came Upon A Midnight Clear (Album Version),111.29365312984918,Flipsyde - Angel,106.59811783763772,Joe Bonamassa - Asking Around For You,293.9328531719138,Brooks & Dunn - You're My Angel,242.32596388216587,Josh Groban - It Came Upon A Midnight Clear (Album Version),238.14919787381058,Joe Bonamassa - Asking Around For You,0.40424445851667185,Gatsbys American Dream - Just Like Heaven,0.34700290624351504,Brooks & Dunn - You're My Angel,0.33581097563075996
TRQHDNY128F92E3A01,SOOFVUE12AB017B824,ARH861H1187B9B799E,Johnny Cash,I Walk The Line,country,Lauryn Hill - Interlude 5,3771.0,Twista - I'm A Winner (Amended Album Version),3353.0,Beastie Boys - B-Boy Bouillabaisse: A.W.O.L. (2009 Digital Remaster),3267.0,Lauryn Hill - Interlude 5,3471.079999999969,Twista - I'm A Winner (Amended Album Version),3156.9925000000426,Beastie Boys - B-Boy Bouillabaisse: A.W.O.L. (2009 Digital Remaster),3016.18374999995,Brian McKnight - Holdin' On [Missin' U] (Album Version),591.2005763294809,Ben Folds Five - Don't Change Your Plans,585.1347956424454,Mario Vazquez - Everytime I...,583.3432088985599,Brian McKnight - Holdin' On [Missin' U] (Album Version),0.7462065159147478,Ben Folds Five - Don't Change Your Plans,0.7415873503133033,Clint Black - Killin' Time,0.7375417500873664,Beastie Boys - B-Boy Bouillabaisse: A.W.O.L. (2009 Digital Remaster),173.62382778394092,Lauryn Hill - Interlude 5,166.09966077463937,DMX - Keep Your Shit The Hardest,161.21030356660367,DMX - Keep Your Shit The Hardest,99.38274330338463,Demi Lovato - Until You're Mine,93.1190083970799,Dilated Peoples - Expansion Team Theme,84.66437318140484,Tony Bennett - Close Your Eyes,228.6444915255141,Demi Lovato - Until You're Mine,214.09118436106098,Big Bad Voodoo Daddy - Still In Love With You,212.19039149116304,Demi Lovato - Until You're Mine,0.31569894011106964,Tony Bennett - Close Your Eyes,0.3137518930310808,Big Bad Voodoo Daddy - Still In Love With You,0.30756731962177414
TRGCHXM128F429CBB9,SOKDAHN12A8C13F938,ARH861H1187B9B799E,Johnny Cash,Life's Railway To Heaven,country,Lauryn Hill - Interlude 5,629.0,Michael Jackson - Man In The Mirror,486.0,The Pharcyde - Otha Fish,459.0,Lauryn Hill - Interlude 5,535.1599999999986,The Pharcyde - Otha Fish,410.231249999999,Michael Jackson - Man In The Mirror,405.5475000000006,Andrea Bocelli - The Lords Prayer,408.6572762327449,Amici Forever - The Prayer,383.3275861424361,Pain of Salvation - Kingdom of Loss,345.5403485043597,Andrea Bocelli - The Lords Prayer,0.5290289628252949,Amici Forever - The Prayer,0.4998512568760779,Pain of Salvation - Kingdom of Loss,0.4571726706119074,Flipsyde - Angel,100.1675296251813,Lauryn Hill - Interlude 5,77.66254968343667,Will.I.Am - She's A Star,76.47905120582985,Flipsyde - Angel,83.33733481557042,Gentleman - Different Places,61.29414717546404,Will.I.Am - She's A Star,59.087252234476054,Disgorge - Parallels Of Infinite Torture,249.19023157369818,Flipsyde - Angel,227.53663974179446,Scapegoat - Monster,204.6022230880325,Disgorge - Parallels Of Infinite Torture,0.33055710283050305,Flipsyde - Angel,0.31887852130213556,Scapegoat - Monster,0.2843473589168619
TRSJGNV128F92F4124,SODVCJH12AF72A4A08,AR3ETJY1187B98ED15,Darius Rucker,If I Had Wings,country,Beastie Boys - B-Boy Bouillabaisse: A.W.O.L. (2009 Digital Remaster),3022.0,Lauryn Hill - Interlude 5,3006.0,Eminem - 8 Mile,2863.0,Beastie Boys - B-Boy Bouillabaisse: A.W.O.L. (2009 Digital Remaster),2755.796249999937,Mario Vazquez - Everytime I...,2714.687500000027,Lauryn Hill - Interlude 5,2687.679999999993,Unsung Zeros - Intermission,606.8380372384142,Manafest - Runaway,574.9209817244981,Alice Peacock - Here I Go Again,563.8902867577964,Unsung Zeros - Intermission,0.7678579905899893,Manafest - Runaway,0.7288463950344173,Alice Peacock - Here I Go Again,0.7147333221352921,Lauryn Hill - Interlude 5,179.3083374111093,Beastie Boys - B-Boy Bouillabaisse: A.W.O.L. (2009 Digital Remaster),155.14811139945803,Savatage - The Hourglass,149.93279645940535,Jazzamor - fly,107.43955725605637,Will.I.Am - The Traveling Song,88.78218005740396,Kurt Elling - Resolution,88.34823158962833,Jazzamor - fly,239.44181546234063,Percy Sledge - My Special Prayer,219.63291115921135,Newcleus - Why,204.95461581918866,Jazzamor - fly,0.3455919225360202,Percy Sledge - My Special Prayer,0.31082275711930335,Newcleus - Why,0.30364994125848593
TRHTOYT128F429FEF4,SOVZHIK12A8C1349BD,ARNNM56119B86686EA,Luke Bryan,Pray About Everything,country,Mindless Self Indulgence - Never Wanted to Dance,2125.0,Lauryn Hill - Interlude 5,2120.0,R. Kelly - I Mean (I Don't Mean It),1998.0,Mindless Self Indulgence - Never Wanted to Dance,2026.0649999999907,R. Kelly - I Mean (I Don't Mean It),1851.5950000000128,Lauryn Hill - Interlude 5,1774.07999999998,Diamond Rio - One More Day,493.823061101554,Savoy Brown - Stay While The Night Is Young,442.5791470046232,Chicago - Life It What It Is (Remastered LP Version),419.6028277172986,Diamond Rio - One More Day,0.6298372370782167,Savoy Brown - Stay While The Night Is Young,0.5729797706813592,Chicago - Life It What It Is (Remastered LP Version),0.5480171904245404,Savatage - The Hourglass,200.0261879089735,Alicia Keys - Tell You Something (Nana's Reprise),170.8521545208948,Nelly - Splurge,167.5267428168558,Billy Ray Cyrus - Crazy 'Bout You Baby,132.40106540917446,Curtis Mayfield - Don't Worry (ReMastered),131.47391810262465,Will.I.Am - Fantastic,128.96636889759617,Curtis Mayfield - Don't Worry (ReMastered),255.20622573339577,Carolyn Dawn Johnson - One Day Closer to You,237.51130840195074,RJD2 - Work It Out,227.71687674120392,Curtis Mayfield - Don't Worry (ReMastered),0.34939133661333743,Carolyn Dawn Johnson - One Day Closer to You,0.3368733379676445,Billy Ray Cyrus - Crazy 'Bout You Baby,0.31804438422789333
TRCFFVR128F145D6DF,SOYPMDY12A6D4F77DE,AR95IYB1187FB3FE0B,Keith Urban,Your Everything,country,Lauryn Hill - Interlude 5,6064.0,Beastie Boys - B-Boy Bouillabaisse: A.W.O.L. (2009 Digital Remaster),4590.0,Twista - I'm A Winner (Amended Album Version),4571.0,Lauryn Hill - Interlude 5,5618.719999999955,Twista - I'm A Winner (Amended Album Version),4279.994999999931,Beastie Boys - B-Boy Bouillabaisse: A.W.O.L. (2009 Digital Remaster),4217.622499999958,The Dells - It's All Up To You,608.9007592307098,Amici Forever - Whisper of Angels,558.567307635695,Momus - Closer To You,555.3518143432761,The Dells - It's All Up To You,0.7678901566477074,Momus - Closer To You,0.7059135987895176,Amici Forever - Whisper of Angels,0.7057303429263277,Lauryn Hill - Interlude 5,191.1397482177889,Beastie Boys - B-Boy Bouillabaisse: A.W.O.L. (2009 Digital Remaster),181.75734056733904,Savatage - The Hourglass,181.602205914536,MIMS - Move (If You Wanna),100.56766280116805,Savatage - The Hourglass,100.53725202455831,Michael Jackson - Man In The Mirror,97.9239041748817,Paul Potts - La Prima Volta (First Time Ever I Saw Your Face),260.1596429420231,Maximilian Hecker - Snow,218.5541104788222,HorrorPops - Trapped,202.96875947920023,Paul Potts - La Prima Volta (First Time Ever I Saw Your Face),0.36244535229494357,Maximilian Hecker - Snow,0.30476868092721277,HorrorPops - Trapped,0.29701139312826524
TRQSGEL128F4242DFC,SOAXCEO12CF5F873BF,ARHATLI1187FB52C76,Toby Keith,A Little Too Late,country,Lauryn Hill - Interlude 5,2668.0,Michael Jackson - Man In The Mirror,1994.0,Rufio - Over It (Acoustic),1876.0,Lauryn Hill - Interlude 5,2257.6799999999885,Rufio - Over It (Acoustic),1736.903749999974,Michael Jackson - Man In The Mirror,1642.2174999999936,Smokie - Little Lucy,402.1521623563463,Zeromancer - My Little Tragedy,373.81272788502014,Little Walter - Too Late,335.20902541365683,Smokie - Little Lucy,0.5202315706346798,Zeromancer - My Little Tragedy,0.4830425829033105,Little Walter - Too Late,0.4334356373459171,Eminem - 8 Mile,220.52370643940537,Lauryn Hill - Interlude 5,209.90836873216517,Beastie Boys - B-Boy Bouillabaisse: A.W.O.L. (2009 Digital Remaster),209.50425835086995,Little Walter - Too Late,125.89934085434138,Sophie Milman - Undun,117.32240443901026,Keri Noble - Piece Of My Heart,116.04346111831691,Little Walter - Too Late,301.35321432123766,The Quireboys - Misled,228.53055036463573,SOJA - Here I Am,220.16343656005083,Little Walter - Too Late,0.398312103602652,The Quireboys - Misled,0.3336761038888032,SOJA - Here I Am,0.32397848979837846
TRAIMRN128E0791E72,SOAOYPN12CF52D3231,ARHATLI1187FB52C76,Toby Keith,Who's Your Daddy?,country,Lauryn Hill - Interlude 5,3735.0,Twista - I'm A Winner (Amended Album Version),3243.0,Eminem - My Darling,3238.0,Lauryn Hill - Interlude 5,3357.8000000000293,Marques Houston - Cancel (Album Version),3008.618749999994,Eminem - My Darling,3007.118750000015,Aretha Franklin - Who's Zoomin' Who?,517.547690191703,Marques Houston - Cancel (Album Version),497.3775235338313,Dar Williams - Your Fire Your Soul,483.4258503009292,Aretha Franklin - Who's Zoomin' Who?,0.654082332274138,Marques Houston - Cancel (Album Version),0.6313135852066396,Dar Williams - Your Fire Your Soul,0.6166592570147155,Eminem - 8 Mile,197.09691477411837,Beastie Boys - B-Boy Bouillabaisse: A.W.O.L. (2009 Digital Remaster),185.51757217305092,Lauryn Hill - Interlude 5,183.7186728709439,Keri Noble - Piece Of My Heart,136.09276056770358,Rehab - Chest Pain,110.3185744706907,Chuck Jackson - (You Can't Let The Boy Overpower) The Man In You,100.45530961081758,Chuck Jackson - (You Can't Let The Boy Overpower) The Man In You,226.0354061354583,T-Bone Walker - Evening,222.212483071389,Keri Noble - Piece Of My Heart,209.73969590000263,Chuck Jackson - (You Can't Let The Boy Overpower) The Man In You,0.3309323173213569,Keri Noble - Piece Of My Heart,0.32256240108278084,Rehab - Chest Pain,0.3105961856283266
TRRSVGD128F4242DDC,SORPIQY12A8C13632E,ARHATLI1187FB52C76,Toby Keith,A Woman's Touch,country,Lauryn Hill - Interlude 5,1783.0,Beastie Boys - B-Boy Bouillabaisse: A.W.O.L. (2009 Digital Remaster),1706.0,Michael Jackson - Man In The Mirror,1346.0,Lauryn Hill - Interlude 5,1472.0399999999845,Beastie Boys - B-Boy Bouillabaisse: A.W.O.L. (2009 Digital Remaster),1445.9512499999885,Eminem - 8 Mile,1090.7487500000057,Moxy Fruvous - The Greatest Man In America,405.2331265957869,MC Paul Barman - Anarchist Bookstore part 1,395.05811406846726,Billy Gilman - Oklahoma,394.6090388939917,Moxy Fruvous - The Greatest Man In America,0.5358087570140317,MC Paul Barman - Anarchist Bookstore part 1,0.5290166856468272,Billy Gilman - Oklahoma,0.5256962327859174,Lauryn Hill - Interlude 5,271.9284434837045,The Isley Brothers - Touch Me,227.91967220427284,Beastie Boys - B-Boy Bouillabaisse: A.W.O.L. (2009 Digital Remaster),215.43269325127875,The Isley Brothers - Touch Me,146.69778045569754,Lauryn Hill - Interlude 5,127.6132615044076,The Isley Brothers - Contagious,124.20951683831883,Gentleman - Empress,231.07450318267905,Nine Inch Nails - The Great Collapse,227.55529679212967,Etta James - W.O.M.A.N.,227.01138389021648,Gentleman - Empress,0.3442534233266889,Amy Winehouse - I Heard Love Is Blind,0.33272597193334924,The Specials - Stupid Marriage,0.3262674975559462
TRTXHKL128F4242DD9,SOROSTR12A8C136324,ARHATLI1187FB52C76,Toby Keith,Big Ol' Truck,country,Beastie Boys - B-Boy Bouillabaisse: A.W.O.L. (2009 Digital Remaster),3201.0,Lauryn Hill - Interlude 5,3016.0,Michael Jackson - Man In The Mirror,2922.0,Beastie Boys - B-Boy Bouillabaisse: A.W.O.L. (2009 Digital Remaster),2847.087499999988,Lauryn Hill - Interlude 5,2592.799999999999,Twiztid - She Ain't Afraid,2577.6125000000056,Mark Wills - She's In Love,546.6297485934559,Ben Kweller - Magic,510.1701206584408,Ben E. King - Spanish Harlem (LP Version),493.07723040333553,Mark Wills - She's In Love,0.6945434263916861,Ben Kweller - Magic,0.6454462161065362,Ben E. King - Spanish Harlem (LP Version),0.6299119776016854,Beastie Boys - B-Boy Bouillabaisse: A.W.O.L. (2009 Digital Remaster),270.0305719836696,Eminem - 8 Mile,220.71546255572318,Twiztid - She Ain't Afraid,215.27675112150297,Twiztid - She Ain't Afraid,128.82671516063277,Beastie Boys - B-Boy Bouillabaisse: A.W.O.L. (2009 Digital Remaster),127.75627382311833,Less Than Jake - She's Gonna Break Soon (Radio Edit) (w/o Horns),122.6176077699018,Joe Bonamassa - One of these Days,212.50036658964618,Lil' Chris - Figure It Out,203.8839641353327,Bo Diddley - Diddy Wah Diddy,201.23712396803307,Joe Bonamassa - One of these Days,0.30238934623168157,Big Bill Broonzy - Big Bill Blues,0.2967748160654729,Little Anthony & The Imperials - Shimmy_ Shimmy_ Ko-Ko-Bop (Single Version),0.29501401657292875
TRADETN128F148CF19,SOEKKYB12A6D4F81D4,ARHATLI1187FB52C76,Toby Keith,Blue Bedroom,country,Lauryn Hill - Interlude 5,4244.0,Twista - I'm A Winner (Amended Album Version),3642.0,Eminem - My Darling,3111.0,Lauryn Hill - Interlude 5,3942.23999999997,Twista - I'm A Winner (Amended Album Version),3444.789999999997,Eminem - My Darling,2926.295000000019,Ayo - Only You,642.0405827894708,7L & Esoteric - Boxcutter Rap,615.4141417047697,Stuck Mojo - Suburban Ranger,611.4393579917255,Ayo - Only You,0.8089345253908576,7L & Esoteric - Boxcutter Rap,0.7786658191366166,Stuck Mojo - Suburban Ranger,0.7744312988988016,Jodeci - My Phone,162.15298295625834,Beastie Boys - B-Boy Bouillabaisse: A.W.O.L. (2009 Digital Remaster),138.41109847100165,Lauryn Hill - Interlude 5,131.61542289966002,Jodeci - My Phone,127.09264728137113,Jon Secada - Where Do I Go From You,89.28332096910815,Katie Melua - Blue Shoes,87.27891607837246,Nina Simone - After You've Gone (live),234.38781278074546,Roy Orbison - California Blue,227.46719474416665,Jodeci - My Phone,227.2498104568097,Nina Simone - After You've Gone (live),0.336689175178766,Jodeci - My Phone,0.33596935515105525,Roy Orbison - California Blue,0.3256012367449335
TRKKXKG128E0791E74,SOJRPQW12B0B808689,ARHATLI1187FB52C76,Toby Keith,It's All Good,country,Lauryn Hill - Interlude 5,3697.0,Beastie Boys - B-Boy Bouillabaisse: A.W.O.L. (2009 Digital Remaster),3044.0,Vanilla Ice - Ice Is Workin' It,2401.0,Lauryn Hill - Interlude 5,3257.240000000021,Beastie Boys - B-Boy Bouillabaisse: A.W.O.L. (2009 Digital Remaster),2676.2387499999845,Vanilla Ice - Ice Is Workin' It,2193.070000000018,Above The Law - Flow On (Move Me No Mountain),562.4134270650718,Set Your Goals - our ethos: a legacy to pass on,537.4932933690282,Mack 10 - LBC And The ING (Explicit),530.8632128233237,Above The Law - Flow On (Move Me No Mountain),0.7257120292164673,Set Your Goals - our ethos: a legacy to pass on,0.6950123233311677,Mack 10 - LBC And The ING (Explicit),0.6884230592779957,Lauryn Hill - Interlude 5,283.51551214684395,Beastie Boys - B-Boy Bouillabaisse: A.W.O.L. (2009 Digital Remaster),244.56339108431723,Atmosphere - Hair,222.5047174849898,Ledisi - Alright,142.62124276009033,Jodeci - It's Alright,138.82803026243073,Will.I.Am - She's A Star,133.09909274297215,Ledisi - Alright,241.80256844683757,Yellowcard - Believe,214.7412713852289,The Derek Trucks Band - Revolution,209.20079646248354,Ledisi - Alright,0.3584529731122296,Yellowcard - Believe,0.3335208883810954,Will.I.Am - She's A Star,0.32902887771065875
TRSSUAV128F148D60F,SOLBJPX12A6D4F901D,ARHATLI1187FB52C76,Toby Keith,Sweet,country,Lauryn Hill - Interlude 5,6004.0,Beastie Boys - B-Boy Bouillabaisse: A.W.O.L. (2009 Digital Remaster),5723.0,Twista - I'm A Winner (Amended Album Version),5029.0,Lauryn Hill - Interlude 5,5437.280000000026,Beastie Boys - B-Boy Bouillabaisse: A.W.O.L. (2009 Digital Remaster),5249.065000000086,Twista - I'm A Winner (Amended Album Version),4658.629999999916,Common - Book Of Life,682.3187456060971,Remy Ma - I'm,673.8571251006206,OutKast - Claimin' True,673.2003420847964,Common - Book Of Life,0.8594451990301829,OutKast - Claimin' True,0.8508988415463777,Remy Ma - I'm,0.8492301658859397,Lauryn Hill - Interlude 5,331.894383041939,Twista - Overdose (Album Version),318.1728257628172,Beastie Boys - B-Boy Bouillabaisse: A.W.O.L. (2009 Digital Remaster),308.25828841971753,Mobb Deep - Live Foul,164.09404775297853,The Game - Black Opera,157.85927390083708,Twista - Overdose (Album Version),154.7180131676595,Mobb Deep - Live Foul,211.64115698742168,Beastie Boys - Futterman's Rule (2009 Digital Remaster),206.80725748475578,Bone Thugs-N-Harmony - 9mm,206.4414178153123,Mobb Deep - Live Foul,0.36604145314193115,Bone Thugs-N-Harmony - 9mm,0.36498724299069013,Mack 10 - LBC And The ING (Explicit),0.35789462051882137
TRFROET128F148CF1F,SOPBTRI12A6D4F81DA,ARHATLI1187FB52C76,Toby Keith,You Shouldn't Kiss Me Like This,country,Lauryn Hill - Interlude 5,5745.0,Twista - I'm A Winner (Amended Album Version),4144.0,Beastie Boys - B-Boy Bouillabaisse: A.W.O.L. (2009 Digital Remaster),3735.0,Lauryn Hill - Interlude 5,5297.879999999988,Twista - I'm A Winner (Amended Album Version),3851.792500000018,Beastie Boys - B-Boy Bouillabaisse: A.W.O.L. (2009 Digital Remaster),3361.08374999996,Lauryn Hill - Interlude 5,575.180486227637,Kenickie - I Never Complain,572.737947262902,Natasha Bedingfield - Stumble,569.9660728525021,Lauryn Hill - Interlude 5,0.7350399228983442,Kenickie - I Never Complain,0.7278782236379071,Souls Of Mischief - One,0.7255718294255774,Lauryn Hill - Interlude 5,224.13625094732615,Beastie Boys - B-Boy Bouillabaisse: A.W.O.L. (2009 Digital Remaster),222.87758720789043,Momus - Closer To You,198.34619474513337,Paris Hilton - Not Leaving Without You (Album Version),146.81644730265003,R. Kelly - Kickin' It With Your Girlfriend,128.88827749940333,Louise - One Kiss From Heaven,122.57786270645505,Paris Hilton - Not Leaving Without You (Album Version),232.30838992660048,New Found Glory - Kiss Me,229.64144446205518,Louise - One Kiss From Heaven,227.91040313139288,Louise - One Kiss From Heaven,0.3451489610124346,Paris Hilton - Not Leaving Without You (Album Version),0.34373106199377834,OutKast - The Way You Move,0.3420679409996289
TRFHVTT12903CF7CD9,SOBAAFP12D02198DCD,ARFR3E51187B9A0A85,Sara Evans,A Real Fine Place To Start,country,Lauryn Hill - Interlude 5,3085.0,Twista - I'm A Winner (Amended Album Version),2497.0,Michael Jackson - Man In The Mirror,2206.0,Lauryn Hill - Interlude 5,2731.720000000037,Twista - I'm A Winner (Amended Album Version),2266.1199999999976,Erykah Badu - I Want You,1953.159999999984,Natalie Cole - I'm Catching Hell (Living Here Alone) (Digitally Remastered 02),477.9710166911372,Black Sabbath - Sweet Leaf,477.3214296641492,Digital Underground - Sex Packets (LP Version),474.2494336686093,Natalie Cole - I'm Catching Hell (Living Here Alone) (Digitally Remastered 02),0.624425897727655,Digital Underground - Sex Packets (LP Version),0.6149362439930187,Black Sabbath - Sweet Leaf,0.6137182963203741,Michael Jackson - Man In The Mirror,232.4666681776553,Lauryn Hill - Interlude 5,211.20113668370718,DMX - Keep Your Shit The Hardest,179.60834024274746,Michael Jackson - Man In The Mirror,161.1935546153824,Danity Kane - Hold Me Down (Album Version),113.09433535885903,Shai - Waiting For The Day,111.14382397540042,Duran Duran - Electric Barbarella (Radio Edit),219.71361337008648,Little Walter - You're So Fine,216.19626236072753,Shai - Waiting For The Day,205.34459552687142,Shai - Waiting For The Day,0.32165809991483674,Duran Duran - Electric Barbarella (Radio Edit),0.320747419802566,Little Walter - You're So Fine,0.31411174559331523
TRXZNNF12903CA6F9B,SOWEIIN12AB018066C,ARO4WQR1187B9B9825,Kenny Rogers,Endless love,country,Lauryn Hill - Interlude 5,4698.0,Twista - I'm A Winner (Amended Album Version),3862.0,Beastie Boys - B-Boy Bouillabaisse: A.W.O.L. (2009 Digital Remaster),3466.0,Lauryn Hill - Interlude 5,4403.599999999999,Twista - I'm A Winner (Amended Album Version),3669.600000000043,Erykah Badu - I Want You,3283.8000000000184,Hello Saferide - Get Sick Soon,660.2181105721513,Next - I Still Love You,659.2645019034021,Babyface - Seven Seas,651.7395463991159,Hello Saferide - Get Sick Soon,0.8306055308925484,Next - I Still Love You,0.8292650210010611,Babyface - Seven Seas,0.8197302991983271,Lauryn Hill - Interlude 5,141.4266058889233,Aceyalone - Mic Check,128.9184395943236,Eminem - My Darling,118.24072949881403,Next - I Still Love You,90.36649947622075,Hayley Westenra - My Heart Belongs To You,87.67224920739831,Dru Hill - Share My World,85.70307819477938,Hayley Westenra - My Heart Belongs To You,262.0267363881559,Dottie West - Forever Yours,261.10351297431697,Dru Hill - Share My World,255.35529489813374,Hayley Westenra - My Heart Belongs To You,0.37857317937748824,Dru Hill - Share My World,0.3705771207737817,Next - I Still Love You,0.36783371780623036
TRTSAUB128E07859FC,SOGBBSX12A6701E426,ARV9LSS1187B98C471,Blake Shelton,Love Gets In The Way (Album Version),country,Lauryn Hill - Interlude 5,3847.0,Beastie Boys - B-Boy Bouillabaisse: A.W.O.L. (2009 Digital Remaster),3846.0,Twista - I'm A Winner (Amended Album Version),3807.0,Twista - I'm A Winner (Amended Album Version),3520.804999999938,Beastie Boys - B-Boy Bouillabaisse: A.W.O.L. (2009 Digital Remaster),3479.7775,Lauryn Hill - Interlude 5,3409.079999999968,Fairground Attraction - Whispers,579.9362656637015,The Supremes - Stranger In Paradise,568.5577379594023,Nguru - The Way It Is,564.1550203022492,Fairground Attraction - Whispers,0.7393595774642931,The Supremes - Stranger In Paradise,0.7212734865577317,Nguru - The Way It Is,0.7208883275875546,Beastie Boys - B-Boy Bouillabaisse: A.W.O.L. (2009 Digital Remaster),242.0702797833353,Eminem - 8 Mile,207.94369878184511,Petey Pablo - Fool For Love,204.96339296209868,Usher - Roni,129.5033071186668,The Pharcyde - Passin' Me By,125.50789887143543,Jeru The Damaja - Me Or The Papes,123.35537865193353,Bo Diddley - Diddy Wah Diddy,261.44680406193373,Blink-182 - TV,206.69876617433695,Wade Hayes - I'm Still Dancin' With You,198.1154821213446,Bo Diddley - Diddy Wah Diddy,0.3687306257505265,The Pharcyde - Passin' Me By,0.32367721968220736,Blink-182 - TV,0.31346155436996254
TRFMGIO128F42591F0,SOBCKDM12D021B3D99,ARK4ZEK1187B990A4F,George Strait,I'd Like To Have That One Back,country,Lauryn Hill - Interlude 5,3479.0,Beastie Boys - B-Boy Bouillabaisse: A.W.O.L. (2009 Digital Remaster),3393.0,Eminem - 8 Mile,3098.0,Lauryn Hill - Interlude 5,3081.559999999966,Beastie Boys - B-Boy Bouillabaisse: A.W.O.L. (2009 Digital Remaster),3060.6300000000424,Eminem - 8 Mile,2847.170000000064,Unsung Zeros - Intermission,576.4840116468629,The Jeff Healey Band - My Little Girl,564.3117169383901,Con Funk Shun - Electric Lady,561.8183648155667,Unsung Zeros - Intermission,0.7329268484732367,The Jeff Healey Band - My Little Girl,0.7178060087572243,Con Funk Shun - Electric Lady,0.7172697428045745,Beastie Boys - B-Boy Bouillabaisse: A.W.O.L. (2009 Digital Remaster),273.4703370420398,Lauryn Hill - Interlude 5,264.19880596294695,Snoop Dogg - Snoopafella (Edited),223.33210220427057,Petey Pablo - Fool For Love,133.44563312173818,Javier - Slow Motion,127.24007788523895,Snoop Dogg - Snoopafella (Edited),127.08686979394321,Jesse Johnson - I Want My Girl,266.57671152403935,Willie Nelson - I Feel Sorry For Him,247.60171882487958,Emanon - She Thinks,243.03583838505014,Jesse Johnson - I Want My Girl,0.3845358278501145,Emanon - She Thinks,0.36306026904273486,Willie Nelson - I Feel Sorry For Him,0.35210125554843086
TRDYUVI128E078F725,SOEJDOV12D021B3BD5,ARK4ZEK1187B990A4F,George Strait,Marina Del Rey,country,Lauryn Hill - Interlude 5,2010.0,Beastie Boys - B-Boy Bouillabaisse: A.W.O.L. (2009 Digital Remaster),1690.0,The Pharcyde - Otha Fish,1438.0,Lauryn Hill - Interlude 5,1761.60000000002,Beastie Boys - B-Boy Bouillabaisse: A.W.O.L. (2009 Digital Remaster),1482.2687499999809,The Pharcyde - Otha Fish,1308.9062499999948,Strung Out - Dead Spaces,464.3370635326303,Cyndi Lauper - Sally's Pigeons,460.0805813791537,Ben E. King - Spanish Harlem (LP Version),431.9735969195115,Strung Out - Dead Spaces,0.6004376258723121,Cyndi Lauper - Sally's Pigeons,0.5948603239449886,Bruce Springsteen - Brothers Under The Bridges ('83),0.5608716071395795,Beastie Boys - B-Boy Bouillabaisse: A.W.O.L. (2009 Digital Remaster),162.06996233809582,OutKast - Mainstream,128.22367338790067,Snoop Dogg - Snoopafella (Edited),128.200114672425,Mariah Carey - Joy Ride,90.59330615043635,Mark Wills - She's In Love,84.85503669609521,Rupert Hine - The Curious Kind,82.35561153070628,Gerry Rafferty - The Royal Mile,193.7754899509829,Mark Wills - She's In Love,193.13322568894813,Gipsy Kings - El Mauro,192.97132275864874,Mark Wills - She's In Love,0.29121966983536146,Gerry Rafferty - The Royal Mile,0.2886261867214952,Rupert Hine - The Curious Kind,0.2738274502384675
TRPNLLB128F14956A5,SOPBLAJ12D02193A82,ARK4ZEK1187B990A4F,George Strait,Milk Cow Blues,country,Lauryn Hill - Interlude 5,4422.0,Twista - I'm A Winner (Amended Album Version),3751.0,Beastie Boys - B-Boy Bouillabaisse: A.W.O.L. (2009 Digital Remaster),3679.0,Lauryn Hill - Interlude 5,4028.2399999999934,Twista - I'm A Winner (Amended Album Version),3493.6650000000245,Beastie Boys - B-Boy Bouillabaisse: A.W.O.L. (2009 Digital Remaster),3349.707500000022,Clawfinger - Revenge,587.1260691180416,Barry White - Never Gonna Give You Up,586.8368949174519,Eminem - My Darling,581.9309007309149,Barry White - Never Gonna Give You Up,0.746099403436712,Clawfinger - Revenge,0.7443318892144923,Eminem - My Darling,0.7417446849753278,Beastie Boys - B-Boy Bouillabaisse: A.W.O.L. (2009 Digital Remaster),241.756364349005,Snoop Dogg - Snoopafella (Edited),180.48558592876515,Lauryn Hill - Interlude 5,176.87483763430552,Robben Ford - The Way You Treated Me (You're Gonna Be Sorry),124.7485998028019,Mississippi Fred McDowell - Louise,115.36739001908022,Memphis Minnie - Good Morning,115.35285834623858,Memphis Minnie - Good Morning,295.1426149082116,Robben Ford - The Way You Treated Me (You're Gonna Be Sorry),287.21889762634146,The Animals - Worried Life Blues,234.20055963823836,Memphis Minnie - Good Morning,0.41308964371942597,Robben Ford - The Way You Treated Me (You're Gonna Be Sorry),0.40014084005615463,Wayne Hancock - Johnson City,0.35101892637810916
TRTDHSB128F422B90F,SOWKMZU12A81C2165A,ARKZ13R1187FB54FEE,Josh Turner,Another Try,country,Beastie Boys - B-Boy Bouillabaisse: A.W.O.L. (2009 Digital Remaster),2793.0,Eminem - 8 Mile,2726.0,Lauryn Hill - Interlude 5,2672.0,Beastie Boys - B-Boy Bouillabaisse: A.W.O.L. (2009 Digital Remaster),2520.6412500000188,Eminem - 8 Mile,2520.458750000078,Mario Vazquez - Everytime I...,2424.437499999973,Elizabeth Cotten - When I'm Gone,578.6082844933269,Clint Black - Killin' Time,576.2624487653592,David Ball - Blowin' Smoke,565.9908145380915,Elizabeth Cotten - When I'm Gone,0.7343941248470012,Clint Black - Killin' Time,0.73122425780468,Sage Francis - Keep Moving,0.7209197688752255,Eminem - 8 Mile,169.5311890817944,Kanye West - Diamonds From Sierra Leone,168.16252557078653,Savatage - The Hourglass,162.8572964220668,Kanye West - Diamonds From Sierra Leone,103.0872682499914,Sammie - I Like It (Remix),98.40331345065849,Teena Marie - Dear Lover,97.46209623976567,Boyz II Men - Amazed,252.28945003229694,Kristin Chenoweth - Christmas Island,234.5799327190123,Death In Vegas - Killing Smile,234.37309543585073,Boyz II Men - Amazed,0.3546666157374649,Death In Vegas - Killing Smile,0.34018916723291376,Sammie - I Like It (Remix),0.3325047756159847
TREXZYC12903CA281A,SOLDPJZ12AB0186231,ARKZ13R1187FB54FEE,Josh Turner,As Fast As I Could,country,Lauryn Hill - Interlude 5,4904.0,Beastie Boys - B-Boy Bouillabaisse: A.W.O.L. (2009 Digital Remaster),4482.0,Twista - I'm A Winner (Amended Album Version),4328.0,Lauryn Hill - Interlude 5,4466.079999999969,Beastie Boys - B-Boy Bouillabaisse: A.W.O.L. (2009 Digital Remaster),4115.777499999997,Twista - I'm A Winner (Amended Album Version),4041.804999999938,Common - Book Of Life,632.3642989400546,Aaron Carter - That's How I Beat Shaq,611.9487786441487,Mario Vazquez - Everytime I...,611.1061779698414,Common - Book Of Life,0.7988579052116475,Aaron Carter - That's How I Beat Shaq,0.7747084000132225,Mario Vazquez - Everytime I...,0.767811373847845,Beastie Boys - B-Boy Bouillabaisse: A.W.O.L. (2009 Digital Remaster),222.22047381216044,Lauryn Hill - Interlude 5,218.58218908809616,Petey Pablo - Fool For Love,181.89458022432444,Tom Petty - Square One (Album Version),124.05867959646528,Kevon Edmonds - Never Love You,107.27801578179832,Robert Palmer - Woke Up Laughing,104.86975191716674,Tom Petty - Square One (Album Version),243.06220797696673,Alabama - Keepin' Up,197.47855359674062,Kevon Edmonds - Never Love You,195.80159379896386,Tom Petty - Square One (Album Version),0.3498307533899453,Kevon Edmonds - Never Love You,0.3067185289236373,Alabama - Keepin' Up,0.29674009586989825
TRDXSGX128F425F173,SOTSNDR12A8AE47599,ARF8HTQ1187B9AE693,Daft Punk,One More Time / Aerodynamic,electronic,Lauryn Hill - Interlude 5,886.0,Danity Kane - Hold Me Down (Album Version),685.0,Beastie Boys - B-Boy Bouillabaisse: A.W.O.L. (2009 Digital Remaster),588.0,Lauryn Hill - Interlude 5,771.9200000000093,Danity Kane - Hold Me Down (Album Version),632.145,Black Eyed Peas - One Tribe,515.6699999999975,Fair Warning - Take Me Up,408.5114714231127,Daft Punk - One More Time (Romanthony's Unplugged),391.7759667232576,Colbie Caillat - Midnight Bottle,382.0738468120937,Fair Warning - Take Me Up,0.527447359312641,Daft Punk - One More Time (Romanthony's Unplugged),0.5057275636779099,Colbie Caillat - Midnight Bottle,0.4960549176969501,Jodeci - It's Alright,102.99366696565036,Lauryn Hill - Interlude 5,82.07794249333894,Paris Hilton - Not Leaving Without You (Album Version),81.93603040468038,Jodeci - It's Alright,87.8133269450694,Paris Hilton - Not Leaving Without You (Album Version),71.37492455672187,Justice - D.A.N.C.E [Jackson Remix],69.6891702653443,Desmond Dekker - Sweet Music,302.2263917529621,SUPREME BEINGS OF LEISURE - So Much More,296.0712535719292,Daft Punk - One More Time (Romanthony's Unplugged),294.88651457173574,Desmond Dekker - Sweet Music,0.39088954992364155,Daft Punk - One More Time (Romanthony's Unplugged),0.38866395216861593,SUPREME BEINGS OF LEISURE - So Much More,0.38683850440850787
TREAQSX128E07818CA,SOAWSML12A6310F1B7,ARF8HTQ1187B9AE693,Daft Punk,One More Time (Romanthony's Unplugged),electronic,Lauryn Hill - Interlude 5,3417.0,Twista - I'm A Winner (Amended Album Version),2264.0,Ja Rule - One of Us,2193.0,Lauryn Hill - Interlude 5,3082.1199999999903,Twista - I'm A Winner (Amended Album Version),2045.1449999999927,Ja Rule - One of Us,1990.525000000016,Fractured - One More Time,548.3105096201873,Hot Tuna - Come Back Baby,538.3062478957426,Tanya Tucker - One Love At A Time,459.16447827956137,Fractured - One More Time,0.6955450382677406,Hot Tuna - Come Back Baby,0.6793139097191931,Tanya Tucker - One Love At A Time,0.5912492162203798,Lauryn Hill - Interlude 5,225.38921869801536,Nelly - Splurge,184.1092247447051,Beastie Boys - B-Boy Bouillabaisse: A.W.O.L. (2009 Digital Remaster),173.39035528830019,Ashanti - Rock Wit U (Awww Baby),133.44973045229835,Nelly - Splurge,128.21238578836832,The Jacksons - The Hurt,127.3276403931169,Daft Punk - One More Time / Aerodynamic,294.88651457173574,K-Ci & JoJo - Baby Come Back,262.7391881409584,The Jacksons - The Hurt,260.7589744284385,Daft Punk - One More Time / Aerodynamic,0.38866395216861593,K-Ci & JoJo - Baby Come Back,0.37399315445787573,The Jacksons - The Hurt,0.3685859555082991
TRBVPVV128F425F14F,SOOHYOB12CF5F87A28,ARF8HTQ1187B9AE693,Daft Punk,Touch It / Technologic,electronic,Vanilla Ice - Ice Is Workin' It,17762.0,Charley Patton - Shake It And Break It,12393.0,Meat Loaf - If It Aint Broke Break It,9883.0,Vanilla Ice - Ice Is Workin' It,17256.53000000032,Charley Patton - Shake It And Break It,12082.164999999752,Meat Loaf - If It Aint Broke Break It,9644.063750000232,Devo - Whip It,641.7986844926511,Robbie Williams - It's De-Lovely,640.9755155815975,Blossom Dearie - It's Too Good To Talk About Now,628.2049510847818,Devo - Whip It,0.8060299799284004,Robbie Williams - It's De-Lovely,0.8050355745285214,Blossom Dearie - It's Too Good To Talk About Now,0.7886888273832221,Beastie Boys - B-Boy Bouillabaisse: A.W.O.L. (2009 Digital Remaster),419.26629248576876,Lauryn Hill - Interlude 5,384.72702706530805,Twista - Overdose (Album Version),349.17178127908187,Enrique Iglesias - She Be The One,202.83450166024045,Juvenile - Around The Way [Explicit Album Version],194.16535169205943,Obie Trice - Hoodrats,193.4712738633531,Enrique Iglesias - She Be The One,242.24841168297348,MU330 - Tune Me Out,221.6189803252764,T.Rex - The Street And Babe Shadow,219.08380797138517,Enrique Iglesias - She Be The One,0.36235956111543977,MU330 - Tune Me Out,0.32102186236446056,Archive - Black,0.3177116366552024
TRBROFT128F92F8769,SOYPPAZ12A8C143CD6,ARORMBJ1241B9CDB1A,Ke$ha,Boots &  Boys,electronic,Lauryn Hill - Interlude 5,7159.0,Beastie Boys - B-Boy Bouillabaisse: A.W.O.L. (2009 Digital Remaster),5610.0,Twista - I'm A Winner (Amended Album Version),5042.0,Lauryn Hill - Interlude 5,6581.240000000054,Beastie Boys - B-Boy Bouillabaisse: A.W.O.L. (2009 Digital Remaster),5126.832500000051,Nelly - Splurge,4747.297500000057,Stephanie McIntosh - Overcome,537.5586628035107,Carpark North - I And You,528.058038050871,Ty Herndon - Pray For Me,521.6080800695723,Stephanie McIntosh - Overcome,0.6839576875521296,Carpark North - I And You,0.6698112711198629,Ty Herndon - Pray For Me,0.6666235837587444,Ella Fitzgerald - Manhattan,226.64172327181686,Mariah Carey - Joy Ride,221.232851289611,Kelis - Milkshake,214.0203501254395,Mariah Carey - Joy Ride,170.1264686780904,Ledisi - Joy,169.97427900718074,Ella Fitzgerald - Manhattan,164.76855074606033,Cass McCombs - Jonesy Boy,261.55571092604566,Ledisi - Joy,233.03520013465607,Stoa - Infant Joy,216.55972811502252,Cass McCombs - Jonesy Boy,0.3669654540961877,Ledisi - Joy,0.3296042400893412,Stoa - Infant Joy,0.28966844594668256
TRIIWCU128F92F876A,SOQVJWF12A58A801EF,ARORMBJ1241B9CDB1A,Ke$ha,Animal,electronic,Lauryn Hill - Interlude 5,2855.0,Beastie Boys - B-Boy Bouillabaisse: A.W.O.L. (2009 Digital Remaster),2445.0,Eminem - 8 Mile,2084.0,Lauryn Hill - Interlude 5,2503.560000000007,Beastie Boys - B-Boy Bouillabaisse: A.W.O.L. (2009 Digital Remaster),2151.098749999997,Eminem - 8 Mile,1862.201250000014,Bird York - Lovely Thing,510.06679329242166,Wyclef Jean - Intro,464.1366154589382,Tanya Tucker - Complicated,463.91076142264006,Bird York - Lovely Thing,0.654051801775045,KRS ONE - I'm On The Mic,0.5985801754588809,Tanya Tucker - Complicated,0.5968432700931395,Beastie Boys - B-Boy Bouillabaisse: A.W.O.L. (2009 Digital Remaster),164.85763691592345,Lauryn Hill - Interlude 5,157.34335989547986,Hollywood Undead - Undead,145.43890701299364,Big Bad Voodoo Daddy - Sleep Tight,110.43966787987063,Bishop Allen - The Monitor,103.04417292371781,Sugababes - Back When,100.25690527069496,Modern English - A Viable Commercial,292.3033497137063,Big Bad Voodoo Daddy - Sleep Tight,282.7705299725716,Simon & Garfunkel - The 59th Street Bridge Song (Feelin' Groovy),217.91598931226713,Modern English - A Viable Commercial,0.37610505027208124,Big Bad Voodoo Daddy - Sleep Tight,0.3731028592319,Bishop Allen - The Monitor,0.3121596919713562
TRVDAHO128F92F231E,SOXUSKK12A8C144F94,AR0IVTL1187B9AD520,Katy Perry,Hot N Cold (Innerpartysystem Main),electronic,Lauryn Hill - Interlude 5,12488.0,Twista - I'm A Winner (Amended Album Version),10641.0,Eminem - My Darling,8864.0,Lauryn Hill - Interlude 5,11742.800000000014,Twista - I'm A Winner (Amended Album Version),10153.98749999998,Eminem - My Darling,8407.86875000007,Sleeper - Delicious,703.6955994297111,Husker Du - You're A Soldier,676.8533997327576,Patricia Barber - You're The Top,674.3385564279281,Sleeper - Delicious,0.8817949394087483,Husker Du - You're A Soldier,0.8488816012487144,Patricia Barber - You're The Top,0.8453425561130551,Lauryn Hill - Interlude 5,287.06959414307835,Beastie Boys - B-Boy Bouillabaisse: A.W.O.L. (2009 Digital Remaster),280.7131523699437,DJ Quik - Safe + Sound,220.2214936326447,Lauryn Hill - Interlude 5,137.10241983857702,Jamie Foxx - Warm Bed,129.47114857763717,Beastie Boys - B-Boy Bouillabaisse: A.W.O.L. (2009 Digital Remaster),127.85724058139014,Kevin Devine - It's Only Your Life,233.61367770420927,Swans - Time Is Money (Bastard),230.42228997841568,Yeah Yeah Yeahs - Dudley,220.95182156269902,Kevin Devine - It's Only Your Life,0.34875260674573394,Yeah Yeah Yeahs - Dudley,0.32576366481315516,Swans - Time Is Money (Bastard),0.312147984237235
TRUGOGT128F92F29E9,SONPGGS12AB0183AD2,AR0WLH6119B8669027,Owl City,Captains and Cruise Ships,electronic,Lauryn Hill - Interlude 5,4515.0,Twista - I'm A Winner (Amended Album Version),3927.0,Beastie Boys - B-Boy Bouillabaisse: A.W.O.L. (2009 Digital Remaster),3868.0,Lauryn Hill - Interlude 5,4128.600000000028,Twista - I'm A Winner (Amended Album Version),3674.47500000002,Beastie Boys - B-Boy Bouillabaisse: A.W.O.L. (2009 Digital Remaster),3544.862499999991,Beastie Boys - B-Boy Bouillabaisse: A.W.O.L. (2009 Digital Remaster),641.1788810990721,MC Paul Barman - Excuse You,633.9009415809869,Kevin Devine - Fever Moon,631.3562527592215,Beastie Boys - B-Boy Bouillabaisse: A.W.O.L. (2009 Digital Remaster),0.8141768003827177,MC Paul Barman - Excuse You,0.8033942014035339,Kool Moe Dee - Bad Mutha,0.8008511948149708,Beastie Boys - B-Boy Bouillabaisse: A.W.O.L. (2009 Digital Remaster),220.3473616599529,The Streets - Weak Become Heroes,210.42618874003716,Eminem - My Darling,201.89358753638498,The Streets - Weak Become Heroes,121.8497004181338,Tony Yayo - Dear Suzie,100.5862324325569,The Kovenant - Spaceman,95.46094801837766,Katie Melua - faraway voice,262.154307481917,The Kovenant - Spaceman,203.46971906113478,Minnie Driver - Mary,187.08169977695422,Katie Melua - faraway voice,0.36878468574233725,The Kovenant - Spaceman,0.33363585016433683,The Streets - Weak Become Heroes,0.32458371350965154
TRNEITZ128F92F29EA,SOIFHDS12AB0183AD5,AR0WLH6119B8669027,Owl City,Designer Skyline,electronic,Lauryn Hill - Interlude 5,1541.0,Beastie Boys - B-Boy Bouillabaisse: A.W.O.L. (2009 Digital Remaster),1175.0,Eminem - My Darling,842.0,Lauryn Hill - Interlude 5,1428.7600000000102,Beastie Boys - B-Boy Bouillabaisse: A.W.O.L. (2009 Digital Remaster),1081.1362500000096,Nelly - Splurge,774.1087499999892,General Surgery - Viva ! blunt force trauma,628.0454809891359,Further Seems Forever - Snowbirds And Townies,606.6469410765549,Motörhead - Out of the sun,597.7568886815083,General Surgery - Viva ! blunt force trauma,0.7851486506977174,Further Seems Forever - Snowbirds And Townies,0.7651734526569165,Motörhead - Out of the sun,0.7534389410179979,Eminem - 8 Mile,101.93923517011758,Dar Williams - Mortal City,84.94462022860576,Parliament - Mr. Wiggles,75.01005503632568,Eminem - 8 Mile,58.36774334966413,Dar Williams - Mortal City,54.865225261068915,Dilated Peoples - Expansion Team Theme,51.276473599335084,Emiliana Torrini - Sunny Road,213.55372683831925,Incognito - Marrakech,193.52587054184917,Burning Spear - Red Gold And Green,192.03225683396923,Emiliana Torrini - Sunny Road,0.3017384485953608,Incognito - Marrakech,0.2721113240411298,Billy Currington - Where The Girls Are,0.2671219865284117
TRMIHFS128F92F2A01,SOLCHRP12AC468D757,AR0WLH6119B8669027,Owl City,Early Birdie,electronic,Lauryn Hill - Interlude 5,1648.0,Beastie Boys - B-Boy Bouillabaisse: A.W.O.L. (2009 Digital Remaster),1532.0,Twista - I'm A Winner (Amended Album Version),1283.0,Lauryn Hill - Interlude 5,1414.3199999999756,Beastie Boys - B-Boy Bouillabaisse: A.W.O.L. (2009 Digital Remaster),1336.578750000025,Twista - I'm A Winner (Amended Album Version),1130.282499999996,The Streets - The Irony Of It All (Album Version),430.86542150769947,Lil Wyte - Ten Toes Tall,425.0832300749548,Blackstreet - How We Do,423.1161227338197,The Streets - The Irony Of It All (Album Version),0.5676366039949823,Lil Wyte - Ten Toes Tall,0.562233593749491,Blackstreet - How We Do,0.5587293207500901,Lauryn Hill - Interlude 5,189.2752706544744,Beastie Boys - B-Boy Bouillabaisse: A.W.O.L. (2009 Digital Remaster),146.43345196372715,Eminem - 8 Mile,146.20737876552477,Lauryn Hill - Interlude 5,88.9901838111068,Atmosphere - Hair,82.10436996113162,Haste The Day - Chorus Of Angels,78.64486866057705,Curtis Stigers - Sleeping With The Lights On,182.01207776940026,Diana Krall - How Deep Is The Ocean (How High Is The Sky),180.89781327921884,Hawk Nelson - From Underneath,179.78753911260316,Lauryn Hill - Adam Lives In Theory,0.28694103620926437,Atmosphere - Hair,0.2858211604601069,Gang Starr - 2 Deep,0.2817264279290731
TRDEVZQ128F931BAED,SOQLHST12AB0184A27,AR0WLH6119B8669027,Owl City,Meteor Shower,electronic,Lauryn Hill - Interlude 5,1163.0,Beastie Boys - B-Boy Bouillabaisse: A.W.O.L. (2009 Digital Remaster),1160.0,Erykah Badu - I Want You,1140.0,Erykah Badu - I Want You,1106.1875000000125,Beastie Boys - B-Boy Bouillabaisse: A.W.O.L. (2009 Digital Remaster),1083.0624999999927,Lauryn Hill - Interlude 5,1071.0000000000036,K'Naan - Soobax,607.4991337796993,Ashley MacIsaac - I Don't Need This,583.0139887055118,Sage Francis - Keep Moving,581.9589207430147,K'Naan - Soobax,0.7650891375745664,Ashley MacIsaac - I Don't Need This,0.7358109493375435,Sage Francis - Keep Moving,0.7335432208111056,Lauryn Hill - Interlude 5,63.676632391920194,Eminem - 8 Mile,58.35438406543567,The Handful - Memorial Day,49.21859284733896,The Handful - Memorial Day,38.12154519578669,Ayo - Down On My Knees,37.456911087760204,Spice Girls - Ain't No Stopping Us Now,37.027157283611196,Jane Child - Don't Let It Get To You (Album Version),262.33238408612306,Atomic Rooster - Banstead,254.43566860505675,Kings Of Convenience - Summer On The West Hill,219.22018295729097,Jane Child - Don't Let It Get To You (Album Version),0.35158056320713876,Atomic Rooster - Banstead,0.33362134655572145,Kings Of Convenience - Summer On The West Hill,0.2959439780332499
TRCXWLU128F92F2A0D,SOWHUXB12AB01816EE,AR0WLH6119B8669027,Owl City,This Is The Future,electronic,Lauryn Hill - Interlude 5,1856.0,Eminem - My Darling,1367.0,Pain of Salvation - Spitfall,1234.0,Lauryn Hill - Interlude 5,1723.520000000019,Eminem - My Darling,1285.9099999999985,Pain of Salvation - Spitfall,1170.2800000000072,Unter Null - Disgrace (Unholy Remix),552.2218012796932,Pencey Prep - Fat And Alone,542.8988909411305,Pain of Salvation - Spitfall,531.6128236257747,Unter Null - Disgrace (Unholy Remix),0.6985047749255158,Pencey Prep - Fat And Alone,0.6852745463773746,Pain of Salvation - Spitfall,0.6745163695357015,Lauryn Hill - Interlude 5,113.24063127101992,Eminem - 8 Mile,89.97390478700254,Black Moon - Black Smif-n-Wessun (LP Version),84.50544474868572,Black Moon - Black Smif-n-Wessun (LP Version),66.05603256936601,Lauryn Hill - Interlude 5,64.43021952489312,Hawk Nelson - Turn It On,62.32412690958974,The Pietasters - Crime,208.29054926221707,The Prodigy - Wake Up Call (Album Version),191.71770727770985,MU330 - Curse,190.48742758273704,The Pietasters - Crime,0.2859332024512943,Symphorce - Tears,0.26977733587255986,Enigma - Modern Crusaders.,0.26376791634394103
TRVJTNA128F934D19D,SOKTUGM12AB0184005,ARRBF3M1187FB4D59F,30 Seconds To Mars,Kings and Queens (Innerpartysystem Remix Main),electronic,Lauryn Hill - Interlude 5,2013.0,Ja Rule - One of Us,1452.0,Beastie Boys - B-Boy Bouillabaisse: A.W.O.L. (2009 Digital Remaster),1150.0,Lauryn Hill - Interlude 5,1799.5600000000345,Ja Rule - One of Us,1322.949999999972,Ladyhawke - Crazy World,1077.7200000000105,Dead Kennedys - Goons of Hazzard,505.195942608884,Zeigeist - Black Milk,504.92510177137433,IMMORTAL - Tyrants,503.7947789525696,Dead Kennedys - Goons of Hazzard,0.6419693117332821,Zeigeist - Black Milk,0.6414269805898185,IMMORTAL - Tyrants,0.639052040676579,Kurt Elling - Resolution,159.31219842993636,Prince - I Love U In Me ( LP Version),150.6865203606929,Beastie Boys - B-Boy Bouillabaisse: A.W.O.L. (2009 Digital Remaster),139.67960090498997,Kurt Elling - Resolution,113.08982738039482,Jah Cure - Sticky,110.68911219669921,Prince - I Love U In Me ( LP Version),96.89095574456668,J.J. Cale - Starbound,247.15395281047245,Tin Machine - Heaven's In Here (1999 Digital Remaster),226.10997191817358,Bob Marley & The Wailers - Africa Unite,207.05852422066326,J.J. Cale - Starbound,0.3318515510809984,Tin Machine - Heaven's In Here (1999 Digital Remaster),0.30656894932007134,Bob Marley & The Wailers - Africa Unite,0.2874977680857277
TRRBLPE128F9311B20,SOMSZSA12AB0182E3A,ARVKJGO12086C15075,LMFAO,Bounce,electronic,Lauryn Hill - Interlude 5,5836.0,Beastie Boys - B-Boy Bouillabaisse: A.W.O.L. (2009 Digital Remaster),5283.0,Twista - I'm A Winner (Amended Album Version),4858.0,Lauryn Hill - Interlude 5,5295.039999999997,Beastie Boys - B-Boy Bouillabaisse: A.W.O.L. (2009 Digital Remaster),4830.607500000031,Twista - I'm A Winner (Amended Album Version),4504.464999999922,OutKast - Claimin' True,628.9059981824647,Redman - Soopaman Luva 3,617.5458960678234,Warren G - We Brings Heat,617.0572770654529,OutKast - Claimin' True,0.7984691070649035,Redman - Soopaman Luva 3,0.7856642453075681,Warren G - We Brings Heat,0.7856556202122472,2Pac - Strictly 4 My N.I.G.G.A.Z.,419.32172184810275,DMX - Keep Your Shit The Hardest,405.23457928134343,DJ Quik - Safe + Sound,397.89074623171047,2Pac - Strictly 4 My N.I.G.G.A.Z.,292.8737456481366,DMX - Keep Your Shit The Hardest,281.65307676461634,Young Jeezy - Still On It,276.9319717663892,2Pac - Strictly 4 My N.I.G.G.A.Z.,289.28254448251397,50 Cent - Rowdy Rowdy,282.17466493165483,Obie Trice - 24's,281.6865808662888,2Pac - Strictly 4 My N.I.G.G.A.Z.,0.4446721195367147,50 Cent - Rowdy Rowdy,0.4275822731995316,Onyx - The Worst,0.42413254536440753
TRWQYOY128F425BD4C,SOODXDV12A8AE4807F,AR5K3CW1187FB45B46,Crystal Castles,Vanished,electronic,Lauryn Hill - Interlude 5,3888.0,Beastie Boys - B-Boy Bouillabaisse: A.W.O.L. (2009 Digital Remaster),3138.0,Eminem - My Darling,2836.0,Lauryn Hill - Interlude 5,3420.639999999988,Beastie Boys - B-Boy Bouillabaisse: A.W.O.L. (2009 Digital Remaster),2747.157500000029,Eminem - My Darling,2549.932499999995,Gin Blossoms - Cheatin',500.969787777658,The Jazz Butcher - She's On Drugs,496.02232602289416,Blanks77 - We Don't Need You,495.3558191571772,Gin Blossoms - Cheatin',0.6459466467702077,The Jazz Butcher - She's On Drugs,0.6432865071081605,Faithless - The Man In You,0.641279012996349,Dar Williams - Mortal City,223.13512896948035,Eminem - 8 Mile,207.10002379149222,Ying Yang Twins - 1st Booty On Duty,190.14652147223228,Dar Williams - Mortal City,136.86953522338516,Beastie Boys - An Open Letter To NYC,111.79508683323719,Scary Kids Scaring Kids - Holding On,102.1348632351556,The Besnard Lakes - On Bedford and Grand,236.1298178652755,Exploited - Dead Cities,233.53927516068552,Total Chaos - Riot City,216.29239104218235,Exploited - Dead Cities,0.3273920662235328,Kevin Max - Greensleeves,0.3232749676203481,The Besnard Lakes - On Bedford and Grand,0.317497626718447
TRLLRQA128F427C709,SOSKKKY12A8C13ED21,AR5K3CW1187FB45B46,Crystal Castles,Xxzxcuzx,electronic,Lauryn Hill - Interlude 5,1470.0,Beastie Boys - B-Boy Bouillabaisse: A.W.O.L. (2009 Digital Remaster),850.0,Twista - I'm A Winner (Amended Album Version),775.0,Lauryn Hill - Interlude 5,1337.5200000000132,Beastie Boys - B-Boy Bouillabaisse: A.W.O.L. (2009 Digital Remaster),739.2099999999974,Twista - I'm A Winner (Amended Album Version),688.420000000001,Dead Kennedys - Kinky Sex Makes the World Go 'Round,488.7699365616812,Gang Starr - The Place We Dwell,471.5348710872819,Pink Martini - Tea For Two (Featuring Jimmy Scott),468.84212732873465,Dead Kennedys - Kinky Sex Makes the World Go 'Round,0.6341422287171887,Gang Starr - The Place We Dwell,0.6127327547271881,Pink Martini - Tea For Two (Featuring Jimmy Scott),0.6055912252321028,Lauryn Hill - Interlude 5,113.34502912159012,Clipse - Dirty Money,103.05102964806271,Onyx - Face Down,92.1418623972868,Clipse - Dirty Money,74.07591687650803,Onyx - Face Down,53.86529622201296,Lauryn Hill - Interlude 5,53.09431679996945,Voodoo Glow Skulls - Left For Dead,189.07548291852783,INXS - Love Is (What I Say),188.5422242970918,G4 - You're The Voice,186.28977646109874,Voodoo Glow Skulls - Left For Dead,0.2821290124467563,G4 - You're The Voice,0.2706703968320984,INXS - Love Is (What I Say),0.26677345279170933
TRDFWPG128F148D4DF,SOIWRAH12A6D4F66C0,ARBEOHF1187B9B044D,Madonna,Die Another Day [Live],electronic,Mario Vazquez - Everytime I...,6749.0,Eminem - 8 Mile,6677.0,Beastie Boys - B-Boy Bouillabaisse: A.W.O.L. (2009 Digital Remaster),6560.0,Mario Vazquez - Everytime I...,6588.687500000084,Eminem - 8 Mile,6346.043749999956,Beastie Boys - B-Boy Bouillabaisse: A.W.O.L. (2009 Digital Remaster),6121.456250000048,Bracket - Cynically Depressed,563.3500183136566,The Runaways - School Days,556.2236587416397,Floetry - I'll Die,547.0063518549259,Bracket - Cynically Depressed,0.7094642914514258,The Runaways - School Days,0.7007093700486069,Floetry - I'll Die,0.6895672809576248,Lauryn Hill - Interlude 5,196.149713683215,Beastie Boys - B-Boy Bouillabaisse: A.W.O.L. (2009 Digital Remaster),182.82636771981282,Afroman - Life of Tha Party,178.29641244708125,Afroman - Life of Tha Party,143.876466651808,Kanye West - Can't Tell Me Nothing,130.4574360227857,KMD - Plumskinzz (Loose Hoe_ God & Cupid),113.8143019379511,Brian Eno - Just Another Day (Album Version),232.47055967934764,Devendra Banhart - My Dearest Friend,216.32537625603916,Joe Bonamassa - Woke up Dreaming,211.14133756913844,Brian Eno - Just Another Day (Album Version),0.3062178315834465,Joe Bonamassa - Woke up Dreaming,0.298390084879642,Afroman - Life of Tha Party,0.2900531536105366
TRVWMWN128E0788952,SOMANNK12A6701F0A1,ARN5NHX1187FB4F755,The Smashing Pumpkins,Perfect (Nellee Hooper Instrumental),electronic,Lauryn Hill - Interlude 5,2808.0,Twista - I'm A Winner (Amended Album Version),1708.0,Erykah Badu - I Want You,1654.0,Lauryn Hill - Interlude 5,2565.119999999992,Erykah Badu - I Want You,1564.7349999999892,Twista - I'm A Winner (Amended Album Version),1549.270000000008,RIDDLIN' KIDS - Ship Jumper,501.3436034376306,The Wonder Years - Dude_ What Is a Land Pirate?,496.44142843112667,Harry Connick_ Jr. - We Are In Love,491.7080567344941,The Wonder Years - Dude_ What Is a Land Pirate?,0.636663868729615,RIDDLIN' KIDS - Ship Jumper,0.6354443948563383,Tony Sly - On the Outside,0.6318878355032662,Lauryn Hill - Interlude 5,145.4177601262475,Momus - Closer To You,127.95992398353327,Jessica Simpson - The Lover In Me,127.44539119781933,Jessica Simpson - The Lover In Me,107.23055882887918,Rise Against - Survive,86.22639310263105,Ima Robot - Lovers In Captivity,84.08972262341719,Buck-O-Nine - Pass The Dutchie,350.16081318486175,Jessica Simpson - The Lover In Me,237.55633070203203,Ima Robot - Lovers In Captivity,219.13668003195588,Buck-O-Nine - Pass The Dutchie,0.4606872902089256,Jessica Simpson - The Lover In Me,0.33412507338743963,Ima Robot - Lovers In Captivity,0.3165024596205422
TRDHPGJ128F4289C44,SOESBMW12A8AE48210,AR8V1X71187B9B919B,Kylie Minogue,Love At First Sight (The Scumfrog's Beauty And The Beast Vocal Edit),electronic,Lauryn Hill - Interlude 5,4574.0,Twista - I'm A Winner (Amended Album Version),3212.0,Beastie Boys - B-Boy Bouillabaisse: A.W.O.L. (2009 Digital Remaster),3103.0,Lauryn Hill - Interlude 5,4102.959999999991,Twista - I'm A Winner (Amended Album Version),2904.160000000016,Beastie Boys - B-Boy Bouillabaisse: A.W.O.L. (2009 Digital Remaster),2709.0800000000218,Neil Diamond - Delirious Love,478.39255258376727,Bonnie Raitt - Hear Me Lord,466.0765864041337,Smokey Robinson - Cruisin',465.2991781948595,Neil Diamond - Delirious Love,0.6164540227043704,Bonnie Raitt - Hear Me Lord,0.6009380536653515,Smokey Robinson - Cruisin',0.5990691303805199,Lauryn Hill - Interlude 5,275.4736481809744,R. Kelly - Kickin' It With Your Girlfriend,222.60356888886525,The Streets - Weak Become Heroes,212.79121977806605,R. Kelly - Kickin' It With Your Girlfriend,167.96477988524342,Dean Martin - Kiss,154.92392650304726,Tammy Wynette - I Believe,140.33157859630066,JayMay - You Are The Only One I Love,251.97561123952192,Tammy Wynette - I Believe,235.556817623769,Dean Martin - Kiss,218.10620180486217,JayMay - You Are The Only One I Love,0.35215925714388696,Tammy Wynette - I Believe,0.3359674143990641,Dean Martin - Kiss,0.3201759839308524
TRFSQXF128F9311B25,SOCHMTD1288D3E7D9D,ARVKJGO12086C15075,LMFAO,I Am Not A Whore,electronic,Eminem - 8 Mile,5184.0,Rufio - Over It (Acoustic),4802.0,Beastie Boys - B-Boy Bouillabaisse: A.W.O.L. (2009 Digital Remaster),4730.0,Eminem - 8 Mile,5012.135000000097,Rufio - Over It (Acoustic),4709.685000000132,Mario Vazquez - Everytime I...,4608.749999999837,Phosphorescent - Not A Heel,686.1025941596478,Björk - Hunter,684.6882268541827,Room Eleven - Bitch,682.7206724564866,Phosphorescent - Not A Heel,0.8594093108896051,Björk - Hunter,0.8576710520204935,Room Eleven - Bitch,0.8550069600086608,Eminem - 8 Mile,131.0053250601043,Lauryn Hill - Interlude 5,99.85494803898673,Beastie Boys - B-Boy Bouillabaisse: A.W.O.L. (2009 Digital Remaster),98.74180590237066,Eminem - 8 Mile,82.11241263962232,Obie Trice - Hoodrats,68.1400164198294,Tamia - Mr. Cool (Featuring Mario Winans) (Album Version),66.41330560946867,Merle Haggard - Love Me Tender,254.83213850794783,Tamia - Mr. Cool (Featuring Mario Winans) (Album Version),248.05381389306228,Jay-Jay Johanson - Rush,241.7723765458263,Merle Haggard - Love Me Tender,0.3478558136228049,Tamia - Mr. Cool (Featuring Mario Winans) (Album Version),0.3451378736309952,Jay-Jay Johanson - Rush,0.3411187295666945
TRXACXM12903CEC365,SOEFTYS129F06C1DEB,ARPD2KK1187B9B8B98,Cascada,Fever,electronic,Daft Punk - Touch It / Technologic,5679.0,Twista - I'm A Winner (Amended Album Version),5491.0,Vanilla Ice - Ice Is Workin' It,5158.0,Daft Punk - Touch It / Technologic,5452.409999999945,Twista - I'm A Winner (Amended Album Version),5115.819999999914,Vanilla Ice - Ice Is Workin' It,4886.55999999988,Devo - Whip It,526.5447699531638,The Plasmatics - Corruption,519.8986815807139,Uriah Heep - Save It,519.4265188330687,Devo - Whip It,0.666852218837513,Uriah Heep - Save It,0.6596086700523046,Sarah Connor - French Kissing,0.6588063430184941,Lauryn Hill - Interlude 5,239.16003148358712,Beastie Boys - B-Boy Bouillabaisse: A.W.O.L. (2009 Digital Remaster),234.7793456424503,Eminem - 8 Mile,216.27605878032483,Michael Jackson - Man In The Mirror,140.53619958239912,Eric Carmen - Make Me Lose Control,139.59192327296165,Chanté Moore - Better Than Making Love,136.4487084927265,Chanté Moore - Better Than Making Love,281.65468134922554,Rick James - Call Me Up,271.11261155199276,Batmobile - Kiss me now,269.6949809000611,Chanté Moore - Better Than Making Love,0.3921186844704686,Rick James - Call Me Up,0.3794707938205796,Batmobile - Kiss me now,0.3764947393688859
TRWWVGC12903CB5C50,SOBSJQH12AB01876C3,AR6LZB61187B9AF431,Depeche Mode,Freestate,electronic,Marques Houston - Cancel (Album Version),1426.0,Fatboy Slim - Acid 8000,1375.0,Eminem - My Darling,1059.0,Marques Houston - Cancel (Album Version),1368.3849999999975,Fatboy Slim - Acid 8000,1339.235,Stevie Wonder - All Day Sucker,979.5800000000006,Damn Yankees - Firefly (LP Version),461.7496722027972,Marques Houston - Cancel (Album Version),455.4986166986887,Animal Collective - Brother Sport,447.461121701288,Damn Yankees - Firefly (LP Version),0.590293211050988,Marques Houston - Cancel (Album Version),0.5794378650979687,Natalie Merchant - Saint Judas (LP Version),0.572026772174609,Aceyalone - Mr. Outsider,127.62049683095827,Michael Jackson - Man In The Mirror,121.16608010207749,Lauryn Hill - Interlude 5,111.89103886530513,Ella Fitzgerald - Let Yourself Go,96.02140199358527,tobyMac - Get This Party Started: Ghost Remix,87.70677899651406,The Jacksons - Enjoy Yourself,87.30102338034993,Ella Fitzgerald - Let Yourself Go,342.13422958122436,Beverley Craven - Phoenix From The Fire,261.43107642830944,The Jacksons - Enjoy Yourself,251.17427690269943,Ella Fitzgerald - Let Yourself Go,0.4494817536793454,Beverley Craven - Phoenix From The Fire,0.3578203943461629,The Jacksons - Enjoy Yourself,0.3434940883838622
TRYIJWH128F146948C,SOXZUAV12A6310F21A,AR6LZB61187B9AF431,Depeche Mode,Personal Jesus,electronic,Lauryn Hill - Interlude 5,2846.0,Eminem - My Darling,2012.0,Beastie Boys - B-Boy Bouillabaisse: A.W.O.L. (2009 Digital Remaster),1960.0,Lauryn Hill - Interlude 5,2595.7599999999707,Eminem - My Darling,1858.829999999968,Beastie Boys - B-Boy Bouillabaisse: A.W.O.L. (2009 Digital Remaster),1750.7299999999775,Lollipop Lust Kill - Personal Jesus,764.5380129220754,Blackalicious - Just What Can Happen,458.18471956415215,Martin Jondo - Hold You,417.5189872607583,Lollipop Lust Kill - Personal Jesus,0.9567355016832566,Blackalicious - Just What Can Happen,0.5862709205077544,Martin Jondo - Hold You,0.538524382315772,Lollipop Lust Kill - Personal Jesus,380.04131267677957,Aretha Franklin - Reach Out And Touch (Live @ Fillmore West),136.95508324849544,Twista - Overdose (Album Version),120.95932721551331,Lollipop Lust Kill - Personal Jesus,368.48859749602764,Aretha Franklin - Reach Out And Touch (Live @ Fillmore West),122.35775388375696,Tina Turner - Talk To My Heart (Recorded Live In London '99),100.69387455468477,Lollipop Lust Kill - Personal Jesus,750.3278549261987,UnsraW - -9-,271.300196509623,Aretha Franklin - Reach Out And Touch (Live @ Fillmore West),254.74759422172812,Lollipop Lust Kill - Personal Jesus,0.9394190260871803,UnsraW - -9-,0.3492553067000144,Aretha Franklin - Reach Out And Touch (Live @ Fillmore West),0.34240930257453567
TRDIAZY12903CB6532,SOWUJPS12AB018ACA8,ARAXU5Z1187B98FECD,Gorillaz,Broken,electronic,Lauryn Hill - Interlude 5,1744.0,Beastie Boys - B-Boy Bouillabaisse: A.W.O.L. (2009 Digital Remaster),1294.0,Twista - I'm A Winner (Amended Album Version),1283.0,Lauryn Hill - Interlude 5,1501.11999999999,Twista - I'm A Winner (Amended Album Version),1124.2700000000068,Beastie Boys - B-Boy Bouillabaisse: A.W.O.L. (2009 Digital Remaster),1090.8849999999943,Erasure - The Circus,367.4313046200486,Sean Kingston - Magical,366.5585361640504,Bad Religion - Operation Rescue,358.731301564696,Erasure - The Circus,0.4823046022550818,Sean Kingston - Magical,0.4778119969101455,Bad Religion - Operation Rescue,0.4722981058001945,Pain of Salvation - Spitfall,177.77718170976817,Beastie Boys - B-Boy Bouillabaisse: A.W.O.L. (2009 Digital Remaster),167.16972425110708,Savatage - The Hourglass,164.19958862098406,Pain of Salvation - Spitfall,124.11343041453063,the bird and the bee - I'm a Broken Heart,107.03976424261556,Kenny Lattimore - Forgiveness,102.54736430882191,the bird and the bee - I'm a Broken Heart,284.54584156966797,The Miracles - Broken Hearted,265.5731923146824,Kingston Falls - The Weak Shall Prevail,253.34224361091174,the bird and the bee - I'm a Broken Heart,0.38252009668013814,The Miracles - Broken Hearted,0.36465388931976517,Kenny Lattimore - Forgiveness,0.35358060195859153
TRTUJAL128F423E18D,SOGNWLL12AF72AAA61,ARAXU5Z1187B98FECD,Gorillaz,Kids With Guns (Quiet Village Remix),electronic,Daft Punk - Touch It / Technologic,6595.0,Vanilla Ice - Ice Is Workin' It,5509.0,Charley Patton - Shake It And Break It,3836.0,Daft Punk - Touch It / Technologic,6442.487500000014,Vanilla Ice - Ice Is Workin' It,5326.299999999887,Charley Patton - Shake It And Break It,3723.650000000076,Daft Punk - Touch It / Technologic,561.0177727065003,The Specials - Doesn't Make It Alright,524.241387082339,Devo - Whip It,519.7200647923828,Daft Punk - Touch It / Technologic,0.706104038330947,The Specials - Doesn't Make It Alright,0.6607096038317538,Devo - Whip It,0.6556942447870098,Gorillaz - Kids With Guns (Jamie T's Turns To Monsters Mix),293.6547151476459,Lauryn Hill - Interlude 5,204.41340613238597,KeKe Wyatt - Push Me Away,189.56821956593234,Gorillaz - Kids With Guns (Jamie T's Turns To Monsters Mix),253.40548122671856,KeKe Wyatt - Push Me Away,164.82334722688478,Lost Boyz - Keep It Real,120.4960318715781,Gorillaz - Kids With Guns (Jamie T's Turns To Monsters Mix),318.2217217492281,Lower Definition - To Satellite,221.0648082447788,KeKe Wyatt - Push Me Away,217.16180939771323,Gorillaz - Kids With Guns (Jamie T's Turns To Monsters Mix),0.4244911011041734,Lower Definition - To Satellite,0.30561339816805494,KeKe Wyatt - Push Me Away,0.29900078227634724
TRBTXNE12903CB6528,SOCMRWF12AB018AC92,ARAXU5Z1187B98FECD,Gorillaz,Rhinestone Eyes,electronic,Lauryn Hill - Interlude 5,2670.0,Beastie Boys - B-Boy Bouillabaisse: A.W.O.L. (2009 Digital Remaster),2212.0,The Pharcyde - Otha Fish,1948.0,Lauryn Hill - Interlude 5,2314.880000000001,Beastie Boys - B-Boy Bouillabaisse: A.W.O.L. (2009 Digital Remaster),1915.0212500000048,The Pharcyde - Otha Fish,1763.4437500000251,Kottonmouth Kings - Bump,467.99822008239954,A Tribe Called Quest - Peace_ Prosperity & Paper,467.1888143354452,Above The Law - Flow On (Move Me No Mountain),461.31863931798574,A Tribe Called Quest - Peace_ Prosperity & Paper,0.6151066731770107,Kottonmouth Kings - Bump,0.6122319443189098,Above The Law - Flow On (Move Me No Mountain),0.6092094824177163,Lauryn Hill - Interlude 5,211.9339475470195,Beastie Boys - B-Boy Bouillabaisse: A.W.O.L. (2009 Digital Remaster),181.89601421132008,Talib Kweli - Beautiful Struggle,175.4842090166142,Dreams Come True - Dandelion Hill,122.16486989158018,Common - Soul Power,113.20663449537437,Talib Kweli - Beautiful Struggle,110.03767118139226,Dreams Come True - Dandelion Hill,226.10281217953968,Goldfinger - 99 Red Balloons,214.14255925078234,Roy Orbison - California Blue,198.57093427568134,Dreams Come True - Dandelion Hill,0.34249929346729413,Goldfinger - 99 Red Balloons,0.3257388345814948,Common - Soul Power,0.303327391410156
TRKQRSQ128F92D5134,SOTTAJB12A8C142C18,AR4L4WQ1187FB51996,The Prodigy,Invaders Must Die,electronic,Fler - NDW 2005,420.0,ARRESTED DEVELOPMENT - Stand,390.0,UB40 - The Earth Dies Screaming,308.0,Fler - NDW 2005,411.03000000000014,ARRESTED DEVELOPMENT - Stand,383.9099999999963,UB40 - The Earth Dies Screaming,303.68000000000484,PeterLicht - Popkultur / Meide,426.1743076087564,Jungle Rot - Immersed In Pain,388.5054388961437,Mylène Farmer - We'll Never Die,383.0967771384994,PeterLicht - Popkultur / Meide,0.534686377234948,Jungle Rot - Immersed In Pain,0.4878078391708029,Mylène Farmer - We'll Never Die,0.4816192562600812,UB40 - The Earth Dies Screaming,66.69748153327708,Grace Jones - Nipple To The Bottle,66.47623233293108,Floetry - I'll Die,61.71497280631587,UB40 - The Earth Dies Screaming,65.02628884620546,Grace Jones - Nipple To The Bottle,64.01902024896795,Floetry - I'll Die,57.90547963794088,The Beautiful Mistake - Stavesail,287.03623625675334,Grace Jones - Nipple To The Bottle,284.8766029611165,UB40 - The Earth Dies Screaming,282.0904248419388,The Beautiful Mistake - Stavesail,0.3626264430535606,Grace Jones - Nipple To The Bottle,0.3590613390561848,UB40 - The Earth Dies Screaming,0.35664074518968136
TRBFVAA128F423C356,SOCWAFA12A8AE48A78,AR4L4WQ1187FB51996,The Prodigy,Wake Up Call (Album Version),electronic,Lauryn Hill - Interlude 5,777.0,Twista - I'm A Winner (Amended Album Version),641.0,The Simpsons - Do The Bartman,553.0,Lauryn Hill - Interlude 5,707.0800000000006,Twista - I'm A Winner (Amended Album Version),595.3050000000002,The Simpsons - Do The Bartman,515.2849999999867,Marissa Nadler - Undertaker,442.7880623258477,Trisha Yearwood - Come Back When It Ain't Rainin',419.82635706295787,Black Box - Strike It Up,403.8664291939323,Marissa Nadler - Undertaker,0.5655267117210215,Trisha Yearwood - Come Back When It Ain't Rainin',0.5364768537952223,DJ Quik - Put It On Me,0.5190370341141012,Fatboy Slim - Right Here Right Now,66.53728136644654,Haste The Day - Chorus Of Angels,61.29516466563742,Lauryn Hill - Interlude 5,60.4649154214116,Fatboy Slim - Right Here Right Now,64.70893317030699,Haste The Day - Chorus Of Angels,55.41810711546261,Switchblade Symphony - Therapy,51.37355363123557,Fatboy Slim - Right Here Right Now,347.3833409276303,Little Big Town - From This Dream,346.8002562415266,Switchblade Symphony - Therapy,292.01951195037987,Little Big Town - From This Dream,0.4465651466004284,Fatboy Slim - Right Here Right Now,0.4409438124277464,Switchblade Symphony - Therapy,0.38061242939014545
TRFSCLD12903CD213F,SOENGNL12AB018E1BD,AR4L4WQ1187FB51996,The Prodigy,We Gonna Rock,electronic,Apollo 440 - Stop The Rock,5616.0,Bowling For Soup - Here We Go,5217.0,Vanilla Ice - It's A Party,4548.0,Apollo 440 - Stop The Rock,5519.1000000000095,Bowling For Soup - Here We Go,5084.759999999987,Vanilla Ice - It's A Party,4291.879999999954,The B-52s - Rock Lobster (Live),421.9257868075032,Charlie Robison - Good Times,383.8160176981598,Ferlin Husky - Convoy,378.5814323166563,The B-52s - Rock Lobster (Live),0.5313037291440534,Charlie Robison - Good Times,0.48373375565738,Ferlin Husky - Convoy,0.4750964702244586,The Foreign Exchange - The Answer,189.035316771614,Bob Marley & The Wailers - Baby We've Got A Date (Rock It Baby),180.002538242739,Apollo 440 - Stop The Rock,177.66371131891302,Apollo 440 - Stop The Rock,173.66925397909273,Bob Marley & The Wailers - Baby We've Got A Date (Rock It Baby),173.4690315513926,The Foreign Exchange - The Answer,172.19658789825002,Apollo 440 - Stop The Rock,356.66627976541463,The B-52s - Rock Lobster (Live),348.8575262967061,Bob Marley & The Wailers - Baby We've Got A Date (Rock It Baby),323.3549494163558,Apollo 440 - Stop The Rock,0.45110282764449916,The B-52s - Rock Lobster (Live),0.442294757135648,Bob Marley & The Wailers - Baby We've Got A Date (Rock It Baby),0.41114532763898065
TRZTQEP128E0792526,SOYMEOT12A6701DE9A,ARK9TRQ1187B99C095,Nine Inch Nails,The Great Collapse,electronic,Lauryn Hill - Interlude 5,1597.0,Vanilla Ice - Ice Is Workin' It,1109.0,Daft Punk - Touch It / Technologic,1086.0,Lauryn Hill - Interlude 5,1492.1199999999892,Vanilla Ice - Ice Is Workin' It,1059.4099999999955,Daft Punk - Touch It / Technologic,1044.6037500000016,Dillinger Four - A Floater Left With Pleasure In The Executive Washroom.,467.33464706155047,Time Again - Day Like This,454.3047911564672,Agonoize - C.O.A.,445.9906115313396,Dillinger Four - A Floater Left With Pleasure In The Executive Washroom.,0.5900304305670155,Time Again - Day Like This,0.5743497742760909,Agonoize - C.O.A.,0.5625056747804826,Gyptian - Take My Money,63.21509600329282,Gary Moore - That Kind Of Woman,58.09105971709025,B.B. King - Ain't That Just Like A Woman,53.297716107622286,Gyptian - Take My Money,56.387558722324826,Gary Moore - That Kind Of Woman,54.63953627304197,B.B. King - Ain't That Just Like A Woman,50.128814813671035,Etta James - W.O.M.A.N.,323.4695388855442,B.B. King - Ain't That Just Like A Woman,308.5442546606597,Bette Midler - I'm A Woman,307.5399574674149,Etta James - W.O.M.A.N.,0.41368330201328496,B.B. King - Ain't That Just Like A Woman,0.3960260237739651,Bette Midler - I'm A Woman,0.39479681622085394
TRLTFVP128E0782B34,SOITPXC12A6310E0DA,AR9L6R11187B9AA3F2,Duran Duran,Electric Barbarella (Radio Edit),electronic,Lauryn Hill - Interlude 5,4025.0,Twista - I'm A Winner (Amended Album Version),3075.0,Beastie Boys - B-Boy Bouillabaisse: A.W.O.L. (2009 Digital Remaster),2731.0,Lauryn Hill - Interlude 5,3752.6800000000258,Twista - I'm A Winner (Amended Album Version),2897.029999999961,Beastie Boys - B-Boy Bouillabaisse: A.W.O.L. (2009 Digital Remaster),2503.2650000000176,The Antlers - Epilogue,598.2956154291919,Marissa Nadler - Famous Blue Raincoat,583.3918356950352,Small Sins - She's The Source,583.2583044225246,The Antlers - Epilogue,0.7587906862592929,Marissa Nadler - Famous Blue Raincoat,0.7413997674492591,7L & Esoteric - Boxcutter Rap,0.740232121292283,Lauryn Hill - Interlude 5,172.60310317316763,Beastie Boys - B-Boy Bouillabaisse: A.W.O.L. (2009 Digital Remaster),158.9121998529335,Lisa Stansfield - Time To Make You Mine,136.7216418877903,Lisa Stansfield - Time To Make You Mine,112.68198316314286,Dean Martin - Kiss,98.19469502874819,Sara Evans - A Real Fine Place To Start,88.5682451033797,Lisa Stansfield - Time To Make You Mine,234.1348639954041,Little Walter - You're So Fine,230.933516224655,Sara Evans - A Real Fine Place To Start,219.71361337008648,Lisa Stansfield - Time To Make You Mine,0.33421830898413857,Little Walter - You're So Fine,0.3266321021927309,Sara Evans - A Real Fine Place To Start,0.320747419802566
TRFVWXW128F931A0E9,SOPERLI129F0824AA5,ARAOQ5T1187FB435AB,Björk,Pluto,electronic,Eminem - 8 Mile,494.0,Lauryn Hill - Interlude 5,465.0,Beastie Boys - B-Boy Bouillabaisse: A.W.O.L. (2009 Digital Remaster),416.0,Eminem - 8 Mile,461.48500000000473,Lauryn Hill - Interlude 5,413.47999999999496,Mario Vazquez - Everytime I...,386.2499999999898,Fear My Thoughts - Wasteland,438.12418318823495,Incubus - Pardon Me,420.12918867094805,Basia Bulat - Birds Of Paradise,409.8857281318682,Fear My Thoughts - Wasteland,0.5566522713077471,Incubus - Pardon Me,0.5346991212454282,Basia Bulat - Birds Of Paradise,0.5230191827264211,Hollywood Undead - Undead,52.81882331866292,Eminem - 8 Mile,49.71297668748816,Lauryn Hill - Interlude 5,49.2640818184852,Madness - Tomorrow's Just Another Day,41.47125179459932,Hollywood Undead - Undead,41.00023529908213,Marilyn Manson - This Is The New Shit,39.62776796990874,Amel Larrieux - i like the sunrise,233.03912746398976,U.S. Bombs - All The Bodies,229.08293752640284,De-Phazz - Wait,224.83119343132597,Amel Larrieux - i like the sunrise,0.30550308404555837,U.S. Bombs - All The Bodies,0.2976694632831061,De-Phazz - Wait,0.2970687618940029
TRKQQMW128F92D54DF,SOMXUUY12A8C141D38,ARD063K11C8A422ED7,Empire Of The Sun,Delta Bay,electronic,The Pharcyde - Otha Fish,1518.0,Beastie Boys - B-Boy Bouillabaisse: A.W.O.L. (2009 Digital Remaster),1437.0,Twista - I'm A Winner (Amended Album Version),1404.0,The Pharcyde - Otha Fish,1383.1687500000148,Twista - I'm A Winner (Amended Album Version),1234.4475000000048,Beastie Boys - B-Boy Bouillabaisse: A.W.O.L. (2009 Digital Remaster),1220.0362499999765,Memphis Minnie - Down In The Alley,432.9103603819775,Wu-Tang Clan - The What,389.49495652742814,Thursday - Unintended Long Term Effects,383.46224762263023,Memphis Minnie - Down In The Alley,0.5580896364022438,Wu-Tang Clan - The What,0.5145079969904688,Thursday - Unintended Long Term Effects,0.4992769376181448,Beastie Boys - B-Boy Bouillabaisse: A.W.O.L. (2009 Digital Remaster),238.8333376392873,Lauryn Hill - Interlude 5,165.40293684714686,Murs - The Dance,158.81385258455248,Beastie Boys - B-Boy Bouillabaisse: A.W.O.L. (2009 Digital Remaster),116.10994632117107,George Jones - Who Shot Sam,106.81964231699588,Fiddler's Green - Shot In The Dark,100.99937277115909,George Jones - Who Shot Sam,221.46729068894643,Roy Buchanan - The Messiah Will Come Again,205.76361803660993,Fiddler's Green - Shot In The Dark,184.1545291841528,George Jones - Who Shot Sam,0.3128190413494038,Roy Buchanan - The Messiah Will Come Again,0.29250533277793395,Fiddler's Green - Shot In The Dark,0.2761870253491289
TRFYMPB128F93100C0,SOXKRRQ12AB017C0F2,ARD063K11C8A422ED7,Empire Of The Sun,We Are The People (Shazam Remix),electronic,Lauryn Hill - Interlude 5,8737.0,Twista - I'm A Winner (Amended Album Version),7195.0,Erykah Badu - I Want You,6302.0,Lauryn Hill - Interlude 5,8116.91999999996,Twista - I'm A Winner (Amended Album Version),6789.75750000008,Erykah Badu - I Want You,6074.103750000028,Clawfinger - Revenge,596.514264252861,Jay-Jay Johanson - Rush,584.33653087172,The Corrs - Irresistible ( LP Version ),572.1853080025382,Clawfinger - Revenge,0.7544107678533769,Jay-Jay Johanson - Rush,0.7390582047411307,The Corrs - Irresistible ( LP Version ),0.7226488246114888,Lauryn Hill - Interlude 5,237.17498343818053,Beastie Boys - B-Boy Bouillabaisse: A.W.O.L. (2009 Digital Remaster),234.5691484372025,Eminem - My Darling,204.46535830135576,Yellowcard - Believe,139.78910143442948,Ja Rule - One of Us,122.98218373541611,Black Eyed Peas - One Tribe,120.6806817792658,Rachael Yamagata - Even So,247.93894131188628,Yellowcard - Believe,230.2396152598182,God Forbid - The End Of The World,223.16656167659647,Rachael Yamagata - Even So,0.35737347409449255,Yellowcard - Believe,0.33854633531399764,God Forbid - The End Of The World,0.3181761859529881
TRBCSDW128F424D686,SOQWSGM12A6D4FC3C6,ARIRCA31187FB58E84,The Maine,You Left Me,electronic,Lauryn Hill - Interlude 5,9266.0,Danity Kane - Hold Me Down (Album Version),8377.0,Five - That's What You Told Me,7883.0,Lauryn Hill - Interlude 5,8553.920000000031,Danity Kane - Hold Me Down (Album Version),8047.082500000008,Five - That's What You Told Me,7610.165000000049,Les Valentins - It's Too Late,546.5982440537534,The Isley Brothers - Touch Me,515.4032907042009,Hilary Duff - Play With Fire,502.7054681933489,Les Valentins - It's Too Late,0.692284114430058,The Isley Brothers - Touch Me,0.6547758611089833,Hilary Duff - Play With Fire,0.6392680317217907,The Isley Brothers - Touch Me,377.4792119188556,Mary J. Blige - Can't Get You Off My Mind,349.00735958729734,Janis Joplin - Kozmic Blues,346.50142538704245,Mary J. Blige - Can't Get You Off My Mind,307.04683786922806,The Isley Brothers - Touch Me,289.31075612479526,Janis Joplin - Kozmic Blues,287.6340035437634,Mary J. Blige - Can't Get You Off My Mind,370.6122691449168,Lush - Outside World,367.58178413324583,Everything But The Girl - Love Is Strange,331.94161820540046,Mary J. Blige - Can't Get You Off My Mind,0.49450015728284963,Lush - Outside World,0.4848285721380406,Everything But The Girl - Love Is Strange,0.43888075762057516
TRRXQJA128F1472A56,SOYPJMP12AF72A901D,ARWA8AH1187FB3FC84,Hot Chip,The Warning,electronic,Twista - I'm A Winner (Amended Album Version),3859.0,Lauryn Hill - Interlude 5,3739.0,Beastie Boys - B-Boy Bouillabaisse: A.W.O.L. (2009 Digital Remaster),3551.0,Twista - I'm A Winner (Amended Album Version),3604.069999999964,Lauryn Hill - Interlude 5,3348.91999999998,Beastie Boys - B-Boy Bouillabaisse: A.W.O.L. (2009 Digital Remaster),3224.784999999953,Annihilator - Hunter killer,559.154985416642,Shai - Waiting For The Day,557.9497782232114,The Dells - It's All Up To You,547.4727289816934,Shai - Waiting For The Day,0.7080898506941884,Annihilator - Hunter killer,0.7060697363811239,The Dells - It's All Up To You,0.6936925649838742,Beastie Boys - B-Boy Bouillabaisse: A.W.O.L. (2009 Digital Remaster),208.85106802297767,"Digable Planets - Pacifics (Sdtrk ""N.Y. Is Red Hot"")",199.2061810683037,OutKast - Mainstream,173.2688060686289,"Digable Planets - Pacifics (Sdtrk ""N.Y. Is Red Hot"")",157.5471936684314,Petey Pablo - Show Me The Money,128.5102962190121,OutKast - Mainstream,103.47302393752754,"Digable Planets - Pacifics (Sdtrk ""N.Y. Is Red Hot"")",243.17884693691113,Petey Pablo - Show Me The Money,228.66534033098907,Helium - Lullaby of the Moths,214.69149362359934,"Digable Planets - Pacifics (Sdtrk ""N.Y. Is Red Hot"")",0.35449374455319593,Petey Pablo - Show Me The Money,0.34014457967202044,Helium - Lullaby of the Moths,0.3005183251256821
TRMDYBW128F14A17E8,SOODBDC12A8C13E4E9,ARTH03J1187FB3E00C,Enter Shikari,Keep It On Ice,electronic,Beastie Boys - B-Boy Bouillabaisse: A.W.O.L. (2009 Digital Remaster),1426.0,Eminem - My Darling,1253.0,Life Without Buildings - New Town,1231.0,Beastie Boys - B-Boy Bouillabaisse: A.W.O.L. (2009 Digital Remaster),1298.2837500000137,Fatboy Slim - Acid 8000,1179.7337499999992,Life Without Buildings - New Town,1167.60875000002,At The Gates - Captor Of Sin (Slayer Cover),502.76245427356497,Kotipelto - Lord Of Eternity,492.86139045524993,Gorefest - Super Reality,476.75489904478286,At The Gates - Captor Of Sin (Slayer Cover),0.6381371265238076,Kotipelto - Lord Of Eternity,0.6254869980354952,Gorefest - Super Reality,0.6057689414782675,Twiztid - She Ain't Afraid,121.2316341655794,Eminem - 8 Mile,110.1769330837184,Hollywood Undead - Undead,98.59210165147893,Twiztid - She Ain't Afraid,94.66790838009385,Eminem - 8 Mile,75.62269826475482,Hollywood Undead - Undead,75.4154978381917,Saez - My Funny Valentine,223.33810906494304,A Tribe Called Quest - His Name Is Mutty Ranks,215.62617329431515,Rachelle Ferrell - My Funny Valentine,212.38373845766552,A Tribe Called Quest - His Name Is Mutty Ranks,0.2972559558599821,Saez - My Funny Valentine,0.2970242569667876,Macc Lads - Fluffy Pup,0.28643081655038105
TRCNUNL128F93437CF,SOYQNWH12AB0180C07,ARTH03J1187FB3E00C,Enter Shikari,The Jester,electronic,Lauryn Hill - Interlude 5,3529.0,Beastie Boys - B-Boy Bouillabaisse: A.W.O.L. (2009 Digital Remaster),2594.0,Twista - I'm A Winner (Amended Album Version),2319.0,Lauryn Hill - Interlude 5,3207.0000000000377,Beastie Boys - B-Boy Bouillabaisse: A.W.O.L. (2009 Digital Remaster),2324.718749999984,Twista - I'm A Winner (Amended Album Version),2108.56250000004,Lost Boyz - Keep It Real,567.8749970698708,Murs - You & I,547.041756895606,Above The Law - Flow On (Move Me No Mountain),546.3798535364505,Lost Boyz - Keep It Real,0.7272648260569898,Above The Law - Flow On (Move Me No Mountain),0.7033017724963556,Murs - You & I,0.702882205347534,Lauryn Hill - Interlude 5,181.50829313039554,Twista - Overdose (Album Version),176.42946928174143,The Isley Brothers - Touch Me,149.37425430257483,Fergie - Get Your Hands Up,93.06685406604215,Twista - Overdose (Album Version),88.96132534606821,K's Choice - Everything For Free,86.17956653583096,Wolfmother - 10_000 Feet,191.76634077633761,Dave Gahan - Black And Blue Again,190.3630195633637,Letoya - Intro,189.06214771971077,Fergie - Get Your Hands Up,0.29135951240106794,Wolfmother - 10_000 Feet,0.28957836542646204,Alice Peacock - Here I Go Again,0.28702278700958317
TRIPJIJ128F1453AE0,SORSPQO12A6D4F782F,AREACYD1187FB566DE,Enya,Lazy Days,electronic,Lauryn Hill - Interlude 5,1240.0,Vanilla Ice - Ice Is Workin' It,1176.0,Daft Punk - Touch It / Technologic,1144.0,Lauryn Hill - Interlude 5,1122.240000000023,Vanilla Ice - Ice Is Workin' It,1120.3200000000202,Daft Punk - Touch It / Technologic,1097.5199999999916,Anjali - Mistress Of Disguise,468.7593331219804,Darden Smith - Swept Away,463.341283010038,Earlimart - It's Okay To Think About Ending,458.0473298076943,Anjali - Mistress Of Disguise,0.5985239830039881,Darden Smith - Swept Away,0.5920586402617903,Earlimart - It's Okay To Think About Ending,0.5829845869535093,Beastie Boys - B-Boy Bouillabaisse: A.W.O.L. (2009 Digital Remaster),76.99578484263117,Nelly - St. Louie,63.93424338112833,Matisyahu - Close My Eyes,62.04035028152351,Kate Ryan - One Happy Day,46.53293512127913,Burning Spear - Jordan River,45.22139158145534,Dreams Come True - Dandelion Hill,45.153604873648504,Kate Ryan - One Happy Day,207.68070955250604,Cream - Take It Back,199.117619183882,Epsilon Minus - Ocean Floor,194.31211447116706,Kate Ryan - One Happy Day,0.28965916629665067,Cream - Take It Back,0.27901970632723544,Nine Inch Nails - Something I Can Never Have,0.2769930461723918
TRPLRVY128F1473EBE,SOTCEXG12A6D4F60FE,AREACYD1187FB566DE,Enya,Someone Said Goodbye,electronic,Lauryn Hill - Interlude 5,4463.0,Erykah Badu - I Want You,3086.0,Twista - I'm A Winner (Amended Album Version),3037.0,Lauryn Hill - Interlude 5,4091.3199999999706,Erykah Badu - I Want You,2949.3974999999737,Twista - I'm A Winner (Amended Album Version),2794.0949999999866,Rosanne Cash - I Don't Know Why You Don't Want Me,575.4064782144615,Mr. Vegas - I Don't Know Why I Love You,528.020083644207,Ten Years After - I Don't Know That You Don't Know My Name (2004 Digital Remaster),495.7503095492877,Rosanne Cash - I Don't Know Why You Don't Want Me,0.7267854833606897,Mr. Vegas - I Don't Know Why I Love You,0.6681571071763651,Jane Monheit - Why Can't You Behave?,0.6295711050428603,Maxi Priest - Never Did Say Goodbye,176.62202905194317,Miami Sound Machine - Words Get In The Way,167.30741708187117,Lauryn Hill - Interlude 5,155.93289549365574,Maxi Priest - Never Did Say Goodbye,151.8605890785861,Miami Sound Machine - Words Get In The Way,137.24270618985847,Little Milton - Walking The Backstreets And Crying,127.20493503416654,Maxi Priest - Never Did Say Goodbye,289.2242508018973,Naked Raygun - Treason,279.4817373880048,John Mayer - All We Ever Do Is Say Goodbye,276.7977997231178,Maxi Priest - Never Did Say Goodbye,0.39694997754250677,Naked Raygun - Treason,0.3840785179067216,John Mayer - All We Ever Do Is Say Goodbye,0.3746574163606201
TRWPUDX128F148F907,SODFLBN12A6D4F923A,AREACYD1187FB566DE,Enya,The Magic Of The Night,electronic,Lauryn Hill - Interlude 5,1640.0,Twista - I'm A Winner (Amended Album Version),1374.0,The Pharcyde - Otha Fish,1350.0,Lauryn Hill - Interlude 5,1384.2400000000018,The Pharcyde - Otha Fish,1217.081250000015,Twista - I'm A Winner (Amended Album Version),1206.852500000004,Lard - The Power Of Lard,457.0808630488178,Seelenkrank - Lost,434.5908424655021,Assemblage 23 - MAPS OF REALITY,412.3678248952877,Lard - The Power Of Lard,0.5896322973574187,Seelenkrank - Lost,0.5583246731243598,Assemblage 23 - MAPS OF REALITY,0.5369008030934663,Matisyahu - Close My Eyes,175.41421305747178,Flipsyde - Angel,159.32847281748658,Deana Carter - Angel Without A Prayer,155.61399159019373,Deana Carter - Angel Without A Prayer,129.62547205870297,Tiffany Evans - Angels on Earth,126.7869950416662,Flipsyde - Angel,125.2501988186855,Freedom Call - Flying high,323.09564458183473,Tiffany Evans - Angels on Earth,300.2383048907992,All-4-One - When I Needed an Angel,273.9548382506332,Freedom Call - Flying high,0.4302022161191591,Tiffany Evans - Angels on Earth,0.4107779528565766,All-4-One - When I Needed an Angel,0.3814907524949486
TRZQTSM128F9328120,SOZDITZ12A58A7B41A,AR91C8S1187B990901,Bruce Springsteen,Gave It A Name,folk,Lauryn Hill - Interlude 5,1133.0,Vanilla Ice - Ice Is Workin' It,985.0,Beastie Boys - B-Boy Bouillabaisse: A.W.O.L. (2009 Digital Remaster),970.0,Lauryn Hill - Interlude 5,972.9200000000084,Vanilla Ice - Ice Is Workin' It,909.310000000016,Daft Punk - Touch It / Technologic,903.8162500000044,Rasputina - Mr. E. Leon Rauis,463.7575161787685,Freezepop - Ninja Of Love (Album Version),462.9884526229271,Devo - Mongoloid,440.6014212156451,Rasputina - Mr. E. Leon Rauis,0.5931226425529182,Freezepop - Ninja Of Love (Album Version),0.5901834567271025,Binary Star - Wolfman Jack,0.5632297693626623,Beastie Boys - B-Boy Bouillabaisse: A.W.O.L. (2009 Digital Remaster),133.567681742384,Ja Rule - One of Us,130.0544113208159,Lauryn Hill - Interlude 5,107.35001736856847,Ja Rule - One of Us,93.92225849794144,Dixie Chicks - Travelin' Soldier,74.85706779535347,Boney M. - El Lute,71.82081644683159,Willie Nelson - I Feel Sorry For Him,240.93196904531308,Adam Green - Bungee,233.7421968275427,Anti-Flag - Captain Anarchy,217.90213228911716,Willie Nelson - I Feel Sorry For Him,0.3285586584275754,Adam Green - Bungee,0.32099293867802975,Anti-Flag - Captain Anarchy,0.30378743649674683
TRNZCWJ128F427099F,SODXHZV12A8C1340B6,ARH861H1187B9B799E,Johnny Cash,The Vanishing Race,folk,Beastie Boys - B-Boy Bouillabaisse: A.W.O.L. (2009 Digital Remaster),1696.0,Lauryn Hill - Interlude 5,1648.0,Eminem - 8 Mile,1139.0,Beastie Boys - B-Boy Bouillabaisse: A.W.O.L. (2009 Digital Remaster),1554.435000000039,Lauryn Hill - Interlude 5,1478.7200000000282,Eminem - 8 Mile,1032.1649999999856,Domine - The Ride Of The Valkyries,537.87226723986,Helen Reddy - Peaceful,527.8410015284641,Art Garfunkel - The Sound of Silence,516.1670342298127,Domine - The Ride Of The Valkyries,0.6842119717617625,Helen Reddy - Peaceful,0.6732444622478669,Art Garfunkel - The Sound of Silence,0.6597289562238479,Beastie Boys - B-Boy Bouillabaisse: A.W.O.L. (2009 Digital Remaster),162.9831089171515,Alabama - Roll On (Eighteen Wheeler),114.26305099379377,Murs - The Dance,105.17858669505884,Alabama - Roll On (Eighteen Wheeler),95.62666416519822,Beastie Boys - B-Boy Bouillabaisse: A.W.O.L. (2009 Digital Remaster),95.37279042449464,Cat Stevens - Peace Train,78.37441715682517,Elizabeth Cotten - Willie,247.63149070674504,Roy Acuff - Wabash Cannonball,243.17859884342042,Bukka White - Black Train Blues,227.78506381251967,Elizabeth Cotten - Willie,0.3364032758223304,Roy Acuff - Wabash Cannonball,0.33402561418848303,Alabama - Roll On (Eighteen Wheeler),0.3145261715683253
TRJQRAP128F9314B3F,SOMSWGY12AB017F755,ARZENOX1187B98A645,John Mayer,All We Ever Do Is Say Goodbye,folk,Lauryn Hill - Interlude 5,4058.0,Erykah Badu - I Want You,3182.0,Twista - I'm A Winner (Amended Album Version),2569.0,Lauryn Hill - Interlude 5,3662.4000000000055,Erykah Badu - I Want You,3036.60625000002,R. Kelly - Don't You Say No,2431.0437500000107,Kelly Price - Don't Say Goodbye,435.2043495341956,Lisa Stansfield - Goodbye,401.3485442538183,Morcheeba - Part Of The Process,396.5704267020947,Kelly Price - Don't Say Goodbye,0.5576360185477601,Lisa Stansfield - Goodbye,0.515954481420897,Phantom Planet - See You Next Summer,0.5087351263108321,Kelly Price - Don't Say Goodbye,180.24430206928514,Lauryn Hill - Interlude 5,170.62780228579226,Maxi Priest - Never Did Say Goodbye,160.82168479362196,Kelly Price - Don't Say Goodbye,156.62421228432206,Maxi Priest - Never Did Say Goodbye,140.5887597045404,Lisa Stansfield - Goodbye,136.42787365230924,Esthero - This Lull-a-bye (Album Version),343.17198341303657,Carla Thomas - Don't Say No More,336.32019976317025,Lisa Stansfield - Goodbye,318.0198072944702,Esthero - This Lull-a-bye (Album Version),0.45437977411729646,Carla Thomas - Don't Say No More,0.4428886507658018,Lisa Stansfield - Goodbye,0.42419710538898225
TRETJUU128F426402A,SOYHOTV12A8C132B9B,ARZENOX1187B98A645,John Mayer,Clarity,folk,R. Kelly - I Mean (I Don't Mean It),3416.0,Beastie Boys - B-Boy Bouillabaisse: A.W.O.L. (2009 Digital Remaster),3347.0,Lauryn Hill - Interlude 5,3332.0,R. Kelly - I Mean (I Don't Mean It),3240.002500000035,Beastie Boys - B-Boy Bouillabaisse: A.W.O.L. (2009 Digital Remaster),2999.2425000000108,Lauryn Hill - Interlude 5,2916.1600000000053,Cat Stevens - Rubylove,631.9823240513217,Gorky's Zygotic Mynci - Honeymoon With You,467.3328171892206,Teena Marie - Dear Lover,423.1191895185891,Cat Stevens - Rubylove,0.7914090893574053,Gorky's Zygotic Mynci - Honeymoon With You,0.592999738458225,Teena Marie - Dear Lover,0.5409967898181834,Tavares - Don't Take Away The Music,210.61033262548904,Alicia Keys - Tell You Something (Nana's Reprise),208.13738723007177,Xzibit - Been A Long Time (Featuring Nate Dogg),195.76097111476403,Tavares - Don't Take Away The Music,183.3975536926139,Alicia Keys - Tell You Something (Nana's Reprise),165.6085858595131,Cat Stevens - Rubylove,164.13431399977617,Cat Stevens - Rubylove,416.20000260040166,J.J. Cale - Ooh La La,352.14836226612584,Janet Jackson - Throb,307.4635249788715,Cat Stevens - Rubylove,0.5273252542506163,J.J. Cale - Ooh La La,0.45350963770818403,Janet Jackson - Throb,0.39834429677496724
TRNOUUF128F4280B8D,SOHREDT12A8C13862F,ARZENOX1187B98A645,John Mayer,Why Georgia,folk,Eminem - 8 Mile,3749.0,Beastie Boys - B-Boy Bouillabaisse: A.W.O.L. (2009 Digital Remaster),3657.0,Rufio - Over It (Acoustic),3583.0,Eminem - 8 Mile,3526.039999999951,Rufio - Over It (Acoustic),3463.239999999996,Beastie Boys - B-Boy Bouillabaisse: A.W.O.L. (2009 Digital Remaster),3361.559999999955,Eminem - 8 Mile,598.4128104493592,Eminem - Rabbit Run,598.2107798810155,Common - Book Of Life,597.0239919094457,Eminem - 8 Mile,0.75774016369134,Eminem - Rabbit Run,0.7575083177970414,Common - Book Of Life,0.7555192686623954,Eminem - 8 Mile,199.77976454468484,Lauryn Hill - Interlude 5,182.27748219342737,Recoil - Curse,180.848050769931,Recoil - Curse,107.4344802746447,Eminem - 8 Mile,103.46720924548134,Atmosphere - Hair,102.17803787393441,Ani DiFranco - Grey (from Revelling Reckoning),204.84389467433994,Everly Brothers - I Wonder If I Care As Much,203.13038931774486,Chicago - Life It What It Is (Remastered LP Version),201.829654638646,Chicago - Life It What It Is (Remastered LP Version),0.31015292989056326,Atmosphere - Hair,0.3092680248169847,Ani DiFranco - Grey (from Revelling Reckoning),0.30843301702029485
TREKVTY128E0784BA3,SOBHKVI12A6701F1C8,ARC8CQZ1187B98DECA,Jack Johnson,Mudfootball (For Moe Lerner),folk,Lauryn Hill - Interlude 5,2367.0,Beastie Boys - B-Boy Bouillabaisse: A.W.O.L. (2009 Digital Remaster),1514.0,Michael Jackson - Man In The Mirror,1355.0,Lauryn Hill - Interlude 5,2024.7599999999968,Beastie Boys - B-Boy Bouillabaisse: A.W.O.L. (2009 Digital Remaster),1227.7924999999927,Michael Jackson - Man In The Mirror,1061.5850000000034,Shane MacGowan And The Popes - More Pricks Than Kicks,415.202159826574,Beast - Devil,404.4423161754378,Bouncing Souls - East Coast Fuck You,396.4216519726667,Beast - Devil,0.5392784452354596,Shane MacGowan And The Popes - More Pricks Than Kicks,0.5382528517857033,Big Moe - S.U.C.,0.5233054874891184,Lauryn Hill - Interlude 5,340.71551179963893,Beastie Boys - B-Boy Bouillabaisse: A.W.O.L. (2009 Digital Remaster),240.01358116234528,Eminem - 8 Mile,191.84246301204493,Lauryn Hill - Interlude 5,191.8770941606089,Freshman 15 - She's Everything,106.2335264731879,The Arrogant Sons Of Bitches - Kill The President,101.98341200540833,Keziah Jones - Neptune,200.67926074671212,Amel Larrieux - lucky to be me,196.65971212177365,Freshman 15 - She's Everything,195.48469209304744,Lauryn Hill - Interlude 5,0.3368904172257144,Alison Krauss / Union Station - Find My Way Back To My Heart,0.30083445009634635,Terra Naomi - New Song,0.29679865522139326
TRYNAAP128F427EF64,SOCJTTL12A8C14009F,AR7OA5G1187B98D3A0,Sufjan Stevens,Sister Winter,folk,Lauryn Hill - Interlude 5,3703.0,Beastie Boys - B-Boy Bouillabaisse: A.W.O.L. (2009 Digital Remaster),3494.0,Twista - I'm A Winner (Amended Album Version),3410.0,Lauryn Hill - Interlude 5,3419.6400000000635,Beastie Boys - B-Boy Bouillabaisse: A.W.O.L. (2009 Digital Remaster),3257.0325000000644,Twista - I'm A Winner (Amended Album Version),3224.814999999955,Bette Midler - Friends/Oh My My (LIve),617.2904555207755,Diary of Dreams - Tears of Laughter,549.5253067178868,Abba - Waterloo,547.0280684696,Bette Midler - Friends/Oh My My (LIve),0.7771210723403891,Diary of Dreams - Tears of Laughter,0.6946715261934102,Abba - Waterloo,0.6914900399419549,Incognito - Stone Cold Heart,115.16622048911093,Brick & Lace - Love Is Wicked,112.54983681986005,Natalie Cole - Your Eyes,110.76667198117914,Incognito - Stone Cold Heart,98.26273960345183,Natalie Cole - Your Eyes,93.4220679502622,Bobby McFerrin - Don't Worry_ Be Happy,87.9569245978302,Laura Fygi - I Wish You Love,263.4238760134078,Frank Sinatra - Put Your Dreams Away,238.78930747538502,Incognito - Stone Cold Heart,236.61451117995279,Laura Fygi - I Wish You Love,0.35234949232297286,Incognito - Stone Cold Heart,0.3287648244891755,Frank Sinatra - Put Your Dreams Away,0.32342425848096695
TRFMWVJ128E0791E70,SODZLMJ127D977E810,ARE0WH81187B9A7BA3,Rufus Wainwright,In A Graveyard,folk,Lauryn Hill - Interlude 5,613.0,Ja Rule - One of Us,541.0,Beastie Boys - B-Boy Bouillabaisse: A.W.O.L. (2009 Digital Remaster),461.0,Lauryn Hill - Interlude 5,517.3199999999989,Ja Rule - One of Us,483.15000000000407,Beastie Boys - B-Boy Bouillabaisse: A.W.O.L. (2009 Digital Remaster),380.9850000000034,Birth Control - Gamma Ray,378.4926277961794,Asphyx - Indulge In Frenzy,349.3010633794456,Naglfar - And The World Shall Be Your Grave,343.84997408041744,Birth Control - Gamma Ray,0.494657065039745,Asphyx - Indulge In Frenzy,0.4572753147241977,Reverend Bizarre - Doom Over The World,0.4545166287977355,The Streets - Weak Become Heroes,111.94654881792682,T Bone Burnett - I'm Going On A Long Journey Never To Return,87.85682127637811,Savatage - The Hourglass,83.34877525273843,The Streets - Weak Become Heroes,81.9580258121371,T Bone Burnett - I'm Going On A Long Journey Never To Return,74.23851241785273,Judy Collins - Cat's In The Cradle,52.535118073987924,The Misfits - Static Age,238.81520129610277,T Bone Burnett - I'm Going On A Long Journey Never To Return,217.23539741448255,The Streets - Weak Become Heroes,196.63485452078675,The Misfits - Static Age,0.31613263462761815,T Bone Burnett - I'm Going On A Long Journey Never To Return,0.3058022175684991,The Streets - Weak Become Heroes,0.30042804062007905
TRLTTDC128E079380E,SOCTYHG12A679D7E2B,ARE0WH81187B9A7BA3,Rufus Wainwright,Baby,folk,Lauryn Hill - Interlude 5,5681.0,Twista - I'm A Winner (Amended Album Version),5126.0,Beastie Boys - B-Boy Bouillabaisse: A.W.O.L. (2009 Digital Remaster),4861.0,Lauryn Hill - Interlude 5,5285.39999999994,Twista - I'm A Winner (Amended Album Version),4867.462499999943,Erykah Badu - I Want You,4668.606249999929,Less Than Jake - I Think I Love You,667.1259946596649,Next - I Still Love You,659.1444768395207,Mario Vazquez - Everytime I...,652.1931283416546,Less Than Jake - I Think I Love You,0.8386664591573368,Next - I Still Love You,0.8289853313139036,Mario Vazquez - Everytime I...,0.8183457283868151,Beastie Boys - B-Boy Bouillabaisse: A.W.O.L. (2009 Digital Remaster),208.71315954220637,Lauryn Hill - Interlude 5,191.8056718815248,Eminem - 8 Mile,187.92540895895831,Javier - Slow Motion,118.45819395585708,Usher - Roni,117.38260107140214,Old Crow Medicine Show - Fall On My Knees,108.7086178870729,Old Crow Medicine Show - Fall On My Knees,289.0251651882783,The Jeff Healey Band - My Little Girl,281.859739689167,Nouvelle Vague - Blister In The Sun,246.88031766282143,Old Crow Medicine Show - Fall On My Knees,0.4027804369648622,The Jeff Healey Band - My Little Girl,0.39532987816965026,Maysa - Love Won't Let Me Wait,0.3455862656456467
TRUCWXA128F92E4944,SOYGQGR12AF72ABAB8,ARQEBGJ122E6447D2B,Edward Sharpe & The Magnetic Zeros,Janglin,folk,Lauryn Hill - Interlude 5,1710.0,Beastie Boys - B-Boy Bouillabaisse: A.W.O.L. (2009 Digital Remaster),1085.0,Eminem - My Darling,1072.0,Lauryn Hill - Interlude 5,1491.0399999999893,The Prodigy - We Gonna Rock,1001.7799999999988,Eminem - My Darling,937.976249999991,Suicide Commando - Dead March,537.5963855868076,Dead Kennedys - Goons of Hazzard,532.7954629596982,Thompson Twins - We Are Detective,513.5673765563221,Dead Kennedys - Goons of Hazzard,0.6786363838670403,Suicide Commando - Dead March,0.6777057515773306,Thompson Twins - We Are Detective,0.6545859675012985,Lauryn Hill - Interlude 5,175.77796105238798,Dolly Parton - Daddy's Moonshine Still,143.73433398328115,Beastie Boys - B-Boy Bouillabaisse: A.W.O.L. (2009 Digital Remaster),140.1033242101066,Dolly Parton - Daddy's Moonshine Still,109.83453747398886,Alborosie - Likkle Africa,99.26949071245411,Bran Van 3000 - Carry On,86.24971422570354,The Unseen - Dead Weight Falls (Album Version),230.26085753762328,Dolly Parton - Daddy's Moonshine Still,229.44515268626532,HIM - Sigillum Diaboli,221.71433120925266,Dolly Parton - Daddy's Moonshine Still,0.3424473443939046,The Unseen - Dead Weight Falls (Album Version),0.3239903800367966,Alborosie - Likkle Africa,0.3138151391571557
TRGQBAX128F426EFCA,SOERZLJ12A8C132D53,AR5FP401187FB523C9,Bob Dylan,Ballad In Plain D,folk,Lauryn Hill - Interlude 5,4363.0,Beastie Boys - B-Boy Bouillabaisse: A.W.O.L. (2009 Digital Remaster),4319.0,Eminem - 8 Mile,3527.0,Beastie Boys - B-Boy Bouillabaisse: A.W.O.L. (2009 Digital Remaster),3868.14625000007,Lauryn Hill - Interlude 5,3823.879999999954,Eminem - 8 Mile,3186.753749999964,Con Funk Shun - Electric Lady,612.5416846644036,Example - Birthday Card,599.4665526776017,Chicago - Caroline (Album Version),595.53736834582,Con Funk Shun - Electric Lady,0.7786801438980581,Example - Birthday Card,0.7638939200181829,Chicago - Caroline (Album Version),0.7600571652544487,Beastie Boys - B-Boy Bouillabaisse: A.W.O.L. (2009 Digital Remaster),339.33616766101267,Lauryn Hill - Interlude 5,331.32491245600374,Eminem - 8 Mile,275.6668544754021,The Corrs - Queen Of Hollywood ( LP Version ),167.50806091422683,The Pharcyde - Passin' Me By,133.2989070227161,Robin Trower - Day Of The Eagle,127.88521748061264,Cannibal Corpse - Nothing Left to Mutilate,224.8492998587217,Kitty Wells - Mommy For A Day,220.3783884567603,Stephen Lynch - Albino,216.023794893586,Kitty Wells - Mommy For A Day,0.3443253650467544,The Pharcyde - Passin' Me By,0.34295700876159463,Cannibal Corpse - Nothing Left to Mutilate,0.33999422746452257
TRGSDTP128F92F76D1,SOHMZEX12A8C132F5F,AR5FP401187FB523C9,Bob Dylan,One Of Us Must Know (Sooner Or Later),folk,Lauryn Hill - Interlude 5,8617.0,Twista - I'm A Winner (Amended Album Version),6823.0,Erykah Badu - I Want You,5664.0,Lauryn Hill - Interlude 5,8099.959999999996,Twista - I'm A Winner (Amended Album Version),6485.097499999925,Erykah Badu - I Want You,5473.97374999997,Angela Bofill - I Try,659.9219199352214,Leonard Cohen - Chelsea Hotel #2,655.5732291851231,Clawfinger - Revenge,647.3584877744614,Angela Bofill - I Try,0.8300310278249087,Leonard Cohen - Chelsea Hotel #2,0.8255527888645763,Clawfinger - Revenge,0.8158894872455159,Lauryn Hill - Interlude 5,343.3574837341741,Eminem - 8 Mile,223.35633658421602,Mobb Deep - Trife Life,223.20651021500137,Lauryn Hill - Interlude 5,193.6833889930494,R. Kelly - Kickin' It With Your Girlfriend,140.97204298789399,Aaron Carter - That's How I Beat Shaq,133.6192785445497,The Mighty Mighty Bosstones - The Skeleton Song,250.30853055095898,Robert Palmer - I Didn't Mean To Turn You On,240.73632615468446,Lloyd Cole - I Didn't Know That You Cared,225.06457966450907,The Mighty Mighty Bosstones - The Skeleton Song,0.366870252716663,Lauryn Hill - Interlude 5,0.3509503755085584,Bobby Bare - Numbers,0.34935885692183577
TRMRMTN128F92D426F,SOIZDJI12A8C1435C7,ARSF0K11187B9AF319,James Taylor,It's Growing,folk,Lauryn Hill - Interlude 5,5582.0,Daft Punk - Touch It / Technologic,4204.0,Vanilla Ice - Ice Is Workin' It,4069.0,Lauryn Hill - Interlude 5,5028.159999999931,Daft Punk - Touch It / Technologic,3985.398749999933,Vanilla Ice - Ice Is Workin' It,3807.1299999999633,Big Bad Voodoo Daddy - Big And Bad,523.5577587194717,16 Horsepower - Coal Black Horses,512.9388331667465,TLC - Shock Dat Monkey,428.7303090673768,Big Bad Voodoo Daddy - Big And Bad,0.6623058767432092,16 Horsepower - Coal Black Horses,0.6494944600193853,TLC - Shock Dat Monkey,0.5487054736705547,Lauryn Hill - Interlude 5,295.4894528590805,Beastie Boys - Hey Ladies (2009 Digital Remaster),190.04396009560924,16 Horsepower - Coal Black Horses,185.32815500511254,Lauryn Hill - Interlude 5,161.35727133361715,16 Horsepower - Coal Black Horses,152.39634687444067,Anthony David - Stop Playin',150.04974514919357,Lesley Gore - Hey Now,245.2515080060833,Stevie Ray Vaughan And Double Trouble - Tin Pan Alley (aka Roughest Place In Town),241.4816479446961,Anthony David - Stop Playin',239.35393204470097,Anthony David - Stop Playin',0.33726486448287507,Nina Simone - Blues Prelude,0.3372592671691837,Stevie Ray Vaughan And Double Trouble - Tin Pan Alley (aka Roughest Place In Town),0.3372467412574842
TRDFPTZ128F14B108C,SOJKUOG12A6D4FD11D,ARSF0K11187B9AF319,James Taylor,Oh_ Susannah (LP Version),folk,Beastie Boys - B-Boy Bouillabaisse: A.W.O.L. (2009 Digital Remaster),2513.0,Lauryn Hill - Interlude 5,2392.0,Twista - I'm A Winner (Amended Album Version),2121.0,Beastie Boys - B-Boy Bouillabaisse: A.W.O.L. (2009 Digital Remaster),2319.1175000000035,Lauryn Hill - Interlude 5,2160.160000000003,Twista - I'm A Winner (Amended Album Version),1969.484999999966,Snoop Dogg - Snoopafella (Edited),591.4614776492862,King Tee - Act A Fool,578.7196635756312,Arc Angels - Shape I'm In,574.0533386374367,Snoop Dogg - Snoopafella (Edited),0.751170263555241,King Tee - Act A Fool,0.7361404325547102,Beastie Boys - B-Boy Bouillabaisse: A.W.O.L. (2009 Digital Remaster),0.7270736977073202,Beastie Boys - B-Boy Bouillabaisse: A.W.O.L. (2009 Digital Remaster),153.16021068654572,Twista - Overdose (Album Version),145.9016385648593,Lauryn Hill - Interlude 5,119.77905038635221,Jolie Holland - Love Henry,96.7319001058687,Ayo - Down On My Knees,90.7417049233188,Twista - Overdose (Album Version),83.54676978036667,Jolie Holland - Love Henry,281.6760882301919,Ayo - Down On My Knees,281.4496848647005,Ramones - Needles And Pins (Remastered Album Version ),262.0646170591414,Jolie Holland - Love Henry,0.3965126463003146,Ayo - Down On My Knees,0.3826043204044548,Ramones - Needles And Pins (Remastered Album Version ),0.36710052721133046
TROZEMN128F4262CCA,SOHSTLE12A8C132425,ARSF0K11187B9AF319,James Taylor,Something In The Way She Moves,folk,Lauryn Hill - Interlude 5,4724.0,Beastie Boys - B-Boy Bouillabaisse: A.W.O.L. (2009 Digital Remaster),3817.0,Twiztid - She Ain't Afraid,3260.0,Lauryn Hill - Interlude 5,4229.04,Beastie Boys - B-Boy Bouillabaisse: A.W.O.L. (2009 Digital Remaster),3403.076249999978,Twiztid - She Ain't Afraid,2971.833750000001,Atmosphere - Hair,537.439811600555,Obie Trice - Got Some Teeth,520.0728639915834,The Pharcyde - Passin' Me By,519.633616495795,Atmosphere - Hair,0.6898237509042626,Obie Trice - Got Some Teeth,0.6668673603111734,The Pharcyde - Passin' Me By,0.6661505056060111,Lauryn Hill - Interlude 5,275.3018070281614,Beastie Boys - B-Boy Bouillabaisse: A.W.O.L. (2009 Digital Remaster),274.046451458833,Eric B. & Rakim - What's On Your Mind,199.11079994225136,Lauryn Hill - Interlude 5,119.58571902883499,Beastie Boys - B-Boy Bouillabaisse: A.W.O.L. (2009 Digital Remaster),115.33088772516913,Eric B. & Rakim - What's On Your Mind,113.9924756943067,Skip James - Cherry Ball Blues,269.58771214573835,Little Walter - You're So Fine,245.24924066011528,Phantom Planet - By The Bed,213.2514068617795,Skip James - Cherry Ball Blues,0.37800989412500113,Little Walter - You're So Fine,0.3517217944422391,Phantom Planet - By The Bed,0.33532986353410327
TRGAZWQ12903CB0BA9,SOGJZZZ12AF72AA43B,ARYQES41187B9B960F,David Gray,Draw The Line,folk,Lauryn Hill - Interlude 5,1466.0,Beastie Boys - B-Boy Bouillabaisse: A.W.O.L. (2009 Digital Remaster),1176.0,Marques Houston - Cancel (Album Version),1002.0,Lauryn Hill - Interlude 5,1160.560000000003,Beastie Boys - B-Boy Bouillabaisse: A.W.O.L. (2009 Digital Remaster),920.5675000000052,Marques Houston - Cancel (Album Version),898.0424999999904,Against All Authority - Stand In Line,349.6661328344877,Beck - Farewell Ride,348.3513598935567,Pat Green - California,344.80746590659305,Against All Authority - Stand In Line,0.4568882237507943,Beck - Farewell Ride,0.4554883361460728,Pat Green - California,0.4541322126490904,Lauryn Hill - Interlude 5,191.8133470541132,Beastie Boys - B-Boy Bouillabaisse: A.W.O.L. (2009 Digital Remaster),191.19847189165057,Eminem - 8 Mile,181.34059263617067,Black Box - Strike It Up,104.67779331771816,The Streets - The Irony Of It All (Album Version),99.19657870275041,Heaven 17 - We're Going To Live For A Very Long Time (2006 Digital Remaster),96.32903457398616,Black Box - Strike It Up,232.9428766311492,ZZ Top - Move Me On Down The Line [Remastered Album Version],195.8869365358803,Beck - Farewell Ride,180.74590212015582,Black Box - Strike It Up,0.33855783817561624,The Streets - The Irony Of It All (Album Version),0.30192869119615884,Lauryn Hill - Adam Lives In Theory,0.28747704529722784
TRSNACX128E078AA88,SOKYDGS12A6701E3CB,ARYQES41187B9B960F,David Gray,Sail Away,folk,Fatboy Slim - The Rockafeller Skank,4327.0,Lauryn Hill - Interlude 5,3842.0,Danity Kane - Hold Me Down (Album Version),3580.0,Fatboy Slim - The Rockafeller Skank,4138.199999999955,Lauryn Hill - Interlude 5,3407.760000000035,Danity Kane - Hold Me Down (Album Version),3378.8100000000577,OV7 - Angelica,505.03622336726687,Usher - Nice & Slow,496.6770597422204,The Quireboys - Misled,492.3829400401306,OV7 - Angelica,0.6422368518882587,Usher - Nice & Slow,0.6338410188205807,The Quireboys - Misled,0.6288536656274727,Janis Joplin - Kozmic Blues,173.04798650455666,Keri Noble - Piece Of My Heart,170.47049789996035,Lauryn Hill - Interlude 5,157.50022079948974,Janis Joplin - Kozmic Blues,129.11478474474885,Keri Noble - Piece Of My Heart,125.3412604101063,Boyz II Men - Never Go Away,96.75141630176559,George Thorogood And The Destroyers - Give Me Back My Wig,254.87669806091625,Boyz II Men - Shining Star,221.51720248765653,Boyz II Men - Never Go Away,217.64912989112344,George Thorogood And The Destroyers - Give Me Back My Wig,0.34701986458838346,Boyz II Men - Never Go Away,0.3241112274294674,Boyz II Men - Shining Star,0.31730949483214216
TRXCQOC12903CB0BBA,SOEWUQY12AB0188156,ARYQES41187B9B960F,David Gray,Stella The Artist,folk,Lauryn Hill - Interlude 5,1637.0,Beastie Boys - B-Boy Bouillabaisse: A.W.O.L. (2009 Digital Remaster),1278.0,Twiztid - She Ain't Afraid,1016.0,Lauryn Hill - Interlude 5,1419.8800000000208,Beastie Boys - B-Boy Bouillabaisse: A.W.O.L. (2009 Digital Remaster),1096.4275000000143,Twiztid - She Ain't Afraid,889.5925000000034,Bob Dylan - Ballad In Plain D,376.1136718128909,Biz Markie - Vapors,376.1110314835332,Karan Casey - Song Of Lies,370.59995871961627,Biz Markie - Vapors,0.5017708039497569,Bob Dylan - Ballad In Plain D,0.4963615751163783,Karan Casey - Song Of Lies,0.4881574546551795,Beastie Boys - B-Boy Bouillabaisse: A.W.O.L. (2009 Digital Remaster),155.05705659531193,Lauryn Hill - Interlude 5,144.17071674873958,Ying Yang Twins - 1st Booty On Duty,132.98878084525415,Ying Yang Twins - 1st Booty On Duty,90.55686064154756,Beastie Boys - B-Boy Bouillabaisse: A.W.O.L. (2009 Digital Remaster),79.50149158466526,Savatage - The Hourglass,76.02335007493025,Fairground Attraction - Winter Rose,296.2112240226351,Leadbelly - Keep Your Hands Off Her,252.81982477215877,Gene Watson - ROSE IN THE SAND,218.5703720850185,Fairground Attraction - Winter Rose,0.3813226439364804,Leadbelly - Keep Your Hands Off Her,0.3352663093334754,Noe Venable - Prayer for Beauty,0.3081853878406746
TRPGPVH128F429B2F0,SOGACYC12A8C13C528,ARZWK2R1187B98F09F,Rise Against,Swing Life Away (Acoustic),folk,Lauryn Hill - Interlude 5,4554.0,Beastie Boys - B-Boy Bouillabaisse: A.W.O.L. (2009 Digital Remaster),3753.0,Twista - I'm A Winner (Amended Album Version),3492.0,Lauryn Hill - Interlude 5,4106.879999999987,Beastie Boys - B-Boy Bouillabaisse: A.W.O.L. (2009 Digital Remaster),3379.083749999961,Twista - I'm A Winner (Amended Album Version),3199.7925000000173,Josh Turner - Soulmate,563.6970446403977,Tony Sly - On the Outside,551.8893323747111,Skankin' Pickle - Gas In My Car,544.1336163582324,Josh Turner - Soulmate,0.7189496142418095,Tony Sly - On the Outside,0.706768690944044,Skankin' Pickle - Gas In My Car,0.697442950464658,Lauryn Hill - Interlude 5,264.3623515797914,Eminem - 8 Mile,228.55649239402587,Ying Yang Twins - 1st Booty On Duty,207.5670691028537,Ying Yang Twins - 1st Booty On Duty,122.38278261326263,Big & Rich - Live This Life (Album Version + Non-Music Hidden Track),115.73645649385686,Lauryn Hill - Interlude 5,115.54717274963464,Gary Allan - Bourbon Borderline,234.83375347338082,Kings Of Convenience - Summer On The West Hill,234.51331391342848,Rebelution - Moonlight,223.8517326845758,Gary Allan - Bourbon Borderline,0.3369133426887832,Kings Of Convenience - Summer On The West Hill,0.33450871406098975,Clawfinger - Revenge,0.33163144308067655
TRHLRGU128F42643FB,SORGTNE12D02193408,AR5FP401187FB523C9,Bob Dylan,Billy 4,folk,Lauryn Hill - Interlude 5,3007.0,Twista - I'm A Winner (Amended Album Version),2423.0,Eminem - My Darling,2140.0,Lauryn Hill - Interlude 5,2607.719999999996,Twista - I'm A Winner (Amended Album Version),2162.0574999999844,Pain of Salvation - Spitfall,1939.9549999999856,Pain of Salvation - Spitfall,513.4928833144403,Murs - The Dance,474.5797915101579,Warrant - Hollywood (So Far_ So Good),469.2791222676308,Pain of Salvation - Spitfall,0.6626789551653871,Murs - The Dance,0.6265403539181253,John Cale - Graham Greene,0.6059454199125038,Beastie Boys - B-Boy Bouillabaisse: A.W.O.L. (2009 Digital Remaster),283.085508821287,Savatage - The Hourglass,222.76604678842043,Murs - The Dance,216.29327259886193,Nelly - St. Louie,125.8142353288737,Beastie Boys - B-Boy Bouillabaisse: A.W.O.L. (2009 Digital Remaster),110.66404328371085,KMD - Plumskinzz (Loose Hoe_ God & Cupid),108.187880628452,Etta Jones - Something to remember you by,209.04593290011,Neil Young - Down By The River [Live At Massey Hall 1971],199.00246703846335,Lacy J. Dalton - Whisper,189.91273338747268,Nelly - St. Louie,0.308745511750744,Gang Starr - The Illest Brother,0.30480277321878674,Etta Jones - Something to remember you by,0.30158591540178137
TRFCCKL128F426EE8E,SORACYK12D02193097,AR5FP401187FB523C9,Bob Dylan,Stuck Inside Of Mobile With The Memphis Blues Again,folk,Lauryn Hill - Interlude 5,7190.0,Beastie Boys - B-Boy Bouillabaisse: A.W.O.L. (2009 Digital Remaster),5605.0,Twista - I'm A Winner (Amended Album Version),4521.0,Lauryn Hill - Interlude 5,6336.240000000066,Beastie Boys - B-Boy Bouillabaisse: A.W.O.L. (2009 Digital Remaster),4891.019999999959,Twista - I'm A Winner (Amended Album Version),3963.040000000031,Biz Markie - Vapors,508.3172407424749,Tonedeff - Ridiculous,493.430802582317,The Arrogant Sons Of Bitches - Kill The President,492.84671859825465,Biz Markie - Vapors,0.6678006172278396,Tonedeff - Ridiculous,0.6462188123703354,Atmosphere - Hair,0.6437198518961156,Beastie Boys - B-Boy Bouillabaisse: A.W.O.L. (2009 Digital Remaster),522.9782054898213,Lauryn Hill - Interlude 5,505.56092146270186,Murs - The Dance,362.8333379462985,Beastie Boys - B-Boy Bouillabaisse: A.W.O.L. (2009 Digital Remaster),221.1368101947249,Lauryn Hill - Interlude 5,209.42385609914004,Spearhead - Tha Payroll (Stay Strong),193.83663690537293,Extreme - Li'l Jack Horny,253.64793082611737,Bessie Smith - Beale Street Mama,247.22322656838602,Judge Dread - The Winkle Man,230.9450726141747,Judge Dread - The Winkle Man,0.37552299747692613,Bessie Smith - Beale Street Mama,0.3733716703892365,Beastie Boys - B-Boy Bouillabaisse: A.W.O.L. (2009 Digital Remaster),0.36492698974332194
TRGOYOU128F93223F2,SOWILEH12CF5F8729B,AR5FP401187FB523C9,Bob Dylan,Pretty Peggy-O,folk,Lauryn Hill - Interlude 5,1454.0,Beastie Boys - B-Boy Bouillabaisse: A.W.O.L. (2009 Digital Remaster),1186.0,Eminem - My Darling,1144.0,Lauryn Hill - Interlude 5,1201.9200000000098,Marques Houston - Cancel (Album Version),1014.2037499999992,Eminem - My Darling,989.7037500000064,Rasputina - Mr. E. Leon Rauis,418.3125819391656,Bad Religion - Automatic Man (Album Version),408.86197187205846,Bauhaus - The Sanity Assassin,401.468343947787,Rasputina - Mr. E. Leon Rauis,0.5416654706732521,Bad Religion - Automatic Man (Album Version),0.5282993028416241,THERION - Darkness eve,0.5179596269795272,Beastie Boys - B-Boy Bouillabaisse: A.W.O.L. (2009 Digital Remaster),161.24898321054891,Lauryn Hill - Interlude 5,154.5955826789673,Binary Star - Wolfman Jack,132.59880099267122,Dixie Chicks - Travelin' Soldier,94.35808349359,Gillian Welch - Elvis Presley Blues,91.4065944043657,Blind Willie Johnson - If I Had My Way I'd Tear This Building Down,88.58561050253068,John Mayall - My Pretty Girl,239.20468066241975,Capdown - Truly Dead,225.9786493256816,The Charlatans - Dead Love,212.0010188023152,John Mayall - My Pretty Girl,0.3213486694890264,Capdown - Truly Dead,0.3177042539826504,The Charlatans - Dead Love,0.29403790434552673
TROMGSH128F427A408,SOBADWZ12CF5F86CD7,AR5FP401187FB523C9,Bob Dylan,She Belongs To Me,folk,Twiztid - She Ain't Afraid,1718.0,UGK (Underground Kingz) - She Luv It,1594.0,The Corrs - Queen Of Hollywood ( LP Version ),1481.0,Twiztid - She Ain't Afraid,1578.7375000000177,UGK (Underground Kingz) - She Luv It,1500.3999999999962,The Corrs - Queen Of Hollywood ( LP Version ),1402.675000000008,Lionel Richie - She's Amazing,595.3079145055497,Janie Fricke - She's Single Again,582.911840132052,DAN SEALS - Addicted,580.7513862871508,Lionel Richie - She's Amazing,0.7496652116822717,Janie Fricke - She's Single Again,0.7369258686409615,DAN SEALS - Addicted,0.7344662537966612,Twiztid - She Ain't Afraid,158.6665799458677,Ying Yang Twins - 1st Booty On Duty,142.98479378855288,Atmosphere - Hair,141.17521863999036,Freshman 15 - She's Everything,113.5622084065817,Shaggy - Luv Me Up,103.4737349802714,Twiztid - She Ain't Afraid,102.12524964326735,Fear - Beef Bologna,282.48535389612834,Lee Roy Parnell - When A Woman Loves A Man,266.61399088586984,Freshman 15 - She's Everything,264.6587919307506,Lee Roy Parnell - When A Woman Loves A Man,0.36999798545563456,Freshman 15 - She's Everything,0.36635724888955457,Fear - Beef Bologna,0.3620963612877183
TRFBWEC128F42B8346,SOFDFBL12CF5F89018,AR5FP401187FB523C9,Bob Dylan,When The Deal Goes Down,folk,Lauryn Hill - Interlude 5,4500.0,Beastie Boys - B-Boy Bouillabaisse: A.W.O.L. (2009 Digital Remaster),3401.0,Twista - I'm A Winner (Amended Album Version),3122.0,Lauryn Hill - Interlude 5,4137.520000000046,Beastie Boys - B-Boy Bouillabaisse: A.W.O.L. (2009 Digital Remaster),3097.866249999997,Twista - I'm A Winner (Amended Album Version),2885.107500000025,Martin Jondo - Hold You,623.2125530594615,Hieroglyphics - Shift Shape,607.1259146219938,The Streets - The Irony Of It All (Album Version),602.569690854674,Martin Jondo - Hold You,0.7910491929359419,Hieroglyphics - Shift Shape,0.7729686927188213,The Streets - The Irony Of It All (Album Version),0.7677562712748037,Lauryn Hill - Interlude 5,232.64456769345827,Beastie Boys - B-Boy Bouillabaisse: A.W.O.L. (2009 Digital Remaster),231.34733243888942,Eminem - 8 Mile,215.80030412652303,Kristine W - Strings,103.80321757392004,Eminem - 8 Mile,91.04455452974705,Billy Talent - Red Flag,90.51151409603145,Kristine W - Strings,189.4472342049394,Billy Corgan - Strayz (Album Version),184.46810184075667,Carpenters - Eventide,181.90853847297785,Kristine W - Strings,0.310412868537807,Only Crime - Framed Then Failed,0.28854852779062706,Sally Shapiro - Hold Me So Tight,0.2853853559021894
TRDVYVJ128F426F7C0,SOXYGEE12CF5F875CF,AR5FP401187FB523C9,Bob Dylan,With God On Our Side,folk,Lauryn Hill - Interlude 5,3985.0,Beastie Boys - B-Boy Bouillabaisse: A.W.O.L. (2009 Digital Remaster),3634.0,Vanilla Ice - Ice Is Workin' It,2801.0,Lauryn Hill - Interlude 5,3508.439999999961,Beastie Boys - B-Boy Bouillabaisse: A.W.O.L. (2009 Digital Remaster),3235.463749999968,Vanilla Ice - Ice Is Workin' It,2575.6700000000133,Lost Boyz - Keep It Real,563.9150290116729,Warren G - We Brings Heat,554.7646982963432,Mack 10 - LBC And The ING (Explicit),537.0482936281925,Lost Boyz - Keep It Real,0.7258165704315714,Warren G - We Brings Heat,0.7158439676971885,Mack 10 - LBC And The ING (Explicit),0.6962439773360479,Lauryn Hill - Interlude 5,296.709540333757,Savatage - The Hourglass,279.1964354717966,Beastie Boys - B-Boy Bouillabaisse: A.W.O.L. (2009 Digital Remaster),265.68651575368705,Ensiferum - Into Battle,144.06166872490863,Savatage - The Hourglass,142.33285087931995,Blind Willie Johnson - Jesus Is Coming Soon,129.19226179453133,Ensiferum - Into Battle,247.40419895102644,Discharge - Realities Of War,223.62552533348082,Nile - Kafir !,222.53876990306597,Ensiferum - Into Battle,0.3692832041380839,Dead Kennedys - Kinky Sex Makes the World Go 'Round,0.3359464680594851,Funker Vogt - Thanks For Nothing,0.33096235294818327
TREKVGV128E0788976,SOSHHZB12A6701F0C5,ARN5NHX1187FB4F755,The Smashing Pumpkins,Terrapin,folk,Lauryn Hill - Interlude 5,2977.0,Twista - I'm A Winner (Amended Album Version),2510.0,Erykah Badu - I Want You,2368.0,Lauryn Hill - Interlude 5,2781.9599999999973,Twista - I'm A Winner (Amended Album Version),2382.535000000014,Erykah Badu - I Want You,2296.317499999981,Fat Joe - Preacher On A Sunday Morning,549.204316715111,Ayo - Only You,541.1276820911118,Y&T - Beautiful Dreamer,539.1785162897568,Fat Joe - Preacher On A Sunday Morning,0.6963398906057763,Ayo - Only You,0.6852653143008917,Y&T - Beautiful Dreamer,0.6809746977294956,DJ Quik - Safe + Sound,130.19833104809933,Atmosphere - Hair,102.29540173669152,Lauryn Hill - Interlude 5,101.73599652806212,DJ Quik - Safe + Sound,90.17772329485263,Harry Connick_ Jr. - We Are In Love,76.08726994146704,Bob Dylan - Stuck Inside Of Mobile With The Memphis Blues Again,70.16924483945763,Harry Connick_ Jr. - We Are In Love,250.14434230996986,Billie Holiday - Embraceable you,230.38889121849172,Joan Baez - Black Is The Color,210.99148734103457,Harry Connick_ Jr. - We Are In Love,0.3405502381904979,Billie Holiday - Embraceable you,0.30678418509416083,Joan Baez - Black Is The Color,0.28364089769936635
TRUUBKE128F426F5C0,SONBFSZ12AF729E7A3,ARSF0K11187B9AF319,James Taylor,On The 4th of July,folk,Lauryn Hill - Interlude 5,3136.0,Beastie Boys - B-Boy Bouillabaisse: A.W.O.L. (2009 Digital Remaster),2180.0,Ja Rule - One of Us,2127.0,Lauryn Hill - Interlude 5,2795.5999999999863,Ja Rule - One of Us,1921.187499999986,Beastie Boys - B-Boy Bouillabaisse: A.W.O.L. (2009 Digital Remaster),1895.3312499999813,Kurt Elling - Moonlight Serenade,525.1398161547089,Sebadoh - Showtape '91,517.6043280343425,Immortal Technique - The 4th Branch,517.0822896814154,Kurt Elling - Moonlight Serenade,0.6741126880317854,Sebadoh - Showtape '91,0.6659066271574315,Immortal Technique - The 4th Branch,0.6655735905638792,Eminem - 8 Mile,220.4338774858224,Lauryn Hill - Interlude 5,210.57064127325933,Savatage - The Hourglass,192.18683325012154,Eminem - 8 Mile,105.35477198936242,Watch Them Die - Resurrection,101.47115125694424,Cinderella Effect - Standing,98.73830207366287,The Beautiful Mistake - Stavesail,205.96396160959858,Fates Warning - Closer To The Heart,189.82452492863374,Ian McCulloch - Proud To Fall,187.98829839959302,Cinderella Effect - Standing,0.2903051082045201,Ian McCulloch - Proud To Fall,0.28559622506650745,The Beautiful Mistake - Stavesail,0.2818243511430992
TRJZYIT128F426D5BE,SONYMBG12CF5826721,ARSF0K11187B9AF319,James Taylor,Company Man,folk,Lauryn Hill - Interlude 5,4436.0,Twista - I'm A Winner (Amended Album Version),3564.0,Michael Jackson - Man In The Mirror,3240.0,Lauryn Hill - Interlude 5,4112.160000000009,Twista - I'm A Winner (Amended Album Version),3352.359999999994,Michael Jackson - Man In The Mirror,2962.36000000003,Jeff Timmons - Can't You See,626.7173998463578,Ayo - Only You,615.2200368398112,HELLYEAH - Nausea,613.7154709517973,Jeff Timmons - Can't You See,0.7889231788967777,HELLYEAH - Nausea,0.7770988005949183,Ayo - Only You,0.7767673301754846,Beastie Boys - B-Boy Bouillabaisse: A.W.O.L. (2009 Digital Remaster),251.21155926889287,Michael Jackson - Man In The Mirror,206.4038322241357,Lauryn Hill - Interlude 5,197.62391381279457,Michael Jackson - Man In The Mirror,140.47348198156,Beastie Boys - B-Boy Bouillabaisse: A.W.O.L. (2009 Digital Remaster),117.5160182711275,Moe Bandy - The Strawberry Roan,103.80435008540145,Faith No More - Chinese Arithmetic,221.59606904457223,The Enemy - It's Not OK [Live From London],208.52458933671576,Moe Bandy - The Strawberry Roan,207.66418090500042,Faith No More - Chinese Arithmetic,0.3465590161060667,Moe Bandy - The Strawberry Roan,0.33862930449455925,The Enemy - It's Not OK [Live From London],0.3207353669122362
TRYOIZM128F14567A0,SODRUMV12A6D4F7A58,ARTBSEF1187FB3CBDE,Jimmy Buffett,Ace,folk,Lauryn Hill - Interlude 5,2508.0,Beastie Boys - B-Boy Bouillabaisse: A.W.O.L. (2009 Digital Remaster),2241.0,Michael Jackson - Man In The Mirror,2060.0,Lauryn Hill - Interlude 5,2062.719999999976,Beastie Boys - B-Boy Bouillabaisse: A.W.O.L. (2009 Digital Remaster),1868.6225000000272,Michael Jackson - Man In The Mirror,1678.244999999995,Bellamy Brothers - Old Hippie,540.7343656553003,Suicidal Tendencies - Possessed To Skate,525.7988189487131,Binary Star - Wolfman Jack,520.0716610922916,Bellamy Brothers - Old Hippie,0.6899667082079847,Binary Star - Wolfman Jack,0.67493263812083,Suicidal Tendencies - Possessed To Skate,0.6720943098962607,Beastie Boys - B-Boy Bouillabaisse: A.W.O.L. (2009 Digital Remaster),339.91646501831366,Savatage - The Hourglass,323.9386871511196,Lauryn Hill - Interlude 5,267.0580694470431,Savatage - The Hourglass,198.4457765148332,Bellamy Brothers - Old Hippie,172.78584417615778,Beastie Boys - B-Boy Bouillabaisse: A.W.O.L. (2009 Digital Remaster),155.4946075099686,Bellamy Brothers - Old Hippie,253.29738691259632,Boney M. - El Lute,234.84457797672735,Suicidal Tendencies - Possessed To Skate,230.8917524964266,Bellamy Brothers - Old Hippie,0.383626186865523,Savatage - The Hourglass,0.3638531634136367,Boney M. - El Lute,0.35990281409782243
TRQYFLB128E078941E,SOBRYFG12AF72A1BAE,ARGHBVV1187FB4D57A,Ryan Adams,How Do You Keep Love Alive,folk,Lauryn Hill - Interlude 5,3347.0,Twista - I'm A Winner (Amended Album Version),3295.0,Erykah Badu - I Want You,2643.0,Twista - I'm A Winner (Amended Album Version),3066.524999999994,Lauryn Hill - Interlude 5,2997.39999999998,Erykah Badu - I Want You,2514.51249999998,The Smashing Pumpkins - The Guns of Love Disastrous,515.2834565853358,Jim White - Buzzards of Love,510.1203354201375,Jeff Timmons - Can't You See,508.70359559101166,The Smashing Pumpkins - The Guns of Love Disastrous,0.6572720253602651,Jim White - Buzzards of Love,0.6544057887647112,Slum Village - Conant Gardens,0.6498491137650593,Lauryn Hill - Interlude 5,199.75588117818918,Beastie Boys - B-Boy Bouillabaisse: A.W.O.L. (2009 Digital Remaster),189.48810209680624,Savatage - The Hourglass,171.50830914945735,Disciple - Southern Hospitality,118.17262864128155,Four Tops - Ain't No Woman (Like The One I've Got),104.81173155950248,The Cat Empire - Days Like These,94.00493750537372,Say Anything - Goodbye Young Tutor_ You've Now Outgrown Me,213.50944227881556,Disciple - Southern Hospitality,208.32283010661305,Nick Drake - Black Mountain Blues,206.30228716494577,Say Anything - Goodbye Young Tutor_ You've Now Outgrown Me,0.3082189258146439,Disciple - Southern Hospitality,0.30442323822639683,Four Tops - Ain't No Woman (Like The One I've Got),0.3016936160302571
TRZUSDI128F4259806,SOXBQDJ12A6D4F93CC,ARGHBVV1187FB4D57A,Ryan Adams,When The Stars Go Blue,folk,Twista - I'm A Winner (Amended Album Version),2749.0,Lauryn Hill - Interlude 5,2386.0,Erykah Badu - I Want You,2034.0,Twista - I'm A Winner (Amended Album Version),2593.877500000007,Lauryn Hill - Interlude 5,2148.639999999996,Erykah Badu - I Want You,1946.7637500000087,Diana Ross - Do You Know Where You're Going To,453.9664694855715,Jennifer Lopez - Theme From Mahagony (Do You Know Where You're Going To),442.38882388936753,Bon Jovi - Superman Tonight,429.2451555626251,Diana Ross - Do You Know Where You're Going To,0.5756519429010702,Jennifer Lopez - Theme From Mahagony (Do You Know Where You're Going To),0.5616768149120054,Bon Jovi - Superman Tonight,0.5469083387728301,Jon Secada - Where Do I Go From You,122.48872988793089,Katie Melua - Blue Shoes,112.45210647644487,The Streets - Weak Become Heroes,99.5296218759656,Jon Secada - Where Do I Go From You,103.9079918533442,Katie Melua - Blue Shoes,98.87862819330202,Billie Holiday - Laughing At Life,89.50865708826039,Billie Holiday - Laughing At Life,249.5950109550167,Frank Sinatra - In The Blue Of The Evening,240.86041832551427,The Misfits - Static Age,236.72831759215336,Billie Holiday - Laughing At Life,0.3325782830543036,Frank Sinatra - In The Blue Of The Evening,0.32264404441003736,The Misfits - Static Age,0.3102780527200486
TRWUFEW128F14782F3,SOBCLWO12A6D4F83AD,AR90WS41187FB3F064,Ray LaMontagne,Forever My Friend,folk,Lauryn Hill - Interlude 5,4171.0,Beastie Boys - B-Boy Bouillabaisse: A.W.O.L. (2009 Digital Remaster),3187.0,Eminem - 8 Mile,3124.0,Lauryn Hill - Interlude 5,3727.5599999999818,Eminem - 8 Mile,2844.138749999951,Beastie Boys - B-Boy Bouillabaisse: A.W.O.L. (2009 Digital Remaster),2816.161249999962,The Tear Garden - Judgement Hour,482.59023962720033,Demi Lovato - This Is Me (Acoustic Full Version),482.1941216038104,The Thermals - Time to Lose,482.10667982000393,The Tear Garden - Judgement Hour,0.6235777533283492,Demi Lovato - This Is Me (Acoustic Full Version),0.6204819523891244,Bowling For Soup - Boulevard,0.6155496935042378,Lauryn Hill - Interlude 5,274.23941276249286,Alicia Keys - Tell You Something (Nana's Reprise),186.58594889353446,Beastie Boys - B-Boy Bouillabaisse: A.W.O.L. (2009 Digital Remaster),181.70216040878643,Lauryn Hill - Interlude 5,145.1406218750968,Alicia Keys - Tell You Something (Nana's Reprise),142.36187362509168,Eliane Elias - Call Me,136.36919887532974,Eliane Elias - Call Me,293.99070459286276,S Club - Straight From The Heart,241.36551090749325,Keith Sweat - Make You Sweat (LP Version),238.8864067952807,Eliane Elias - Call Me,0.4050558843058399,S Club - Straight From The Heart,0.34992232562794173,Keith Sweat - Make You Sweat (LP Version),0.34404302017643257
TRPZXTD128F14856D4,SOFZRDV12A6D4FACB1,AR90WS41187FB3F064,Ray LaMontagne,How Come [Acoustic Mix],folk,Lauryn Hill - Interlude 5,3048.0,Beastie Boys - B-Boy Bouillabaisse: A.W.O.L. (2009 Digital Remaster),2639.0,Eminem - 8 Mile,2166.0,Lauryn Hill - Interlude 5,2694.720000000027,Beastie Boys - B-Boy Bouillabaisse: A.W.O.L. (2009 Digital Remaster),2343.5599999999777,Eminem - 8 Mile,1943.0400000000247,Nick Cave & The Bad Seeds - Midnight Man,450.1905945794276,Interpol - Pace Is The Trick,448.9122712718518,Beastie Boys - B-Boy Bouillabaisse: A.W.O.L. (2009 Digital Remaster),444.3267084137274,Nick Cave & The Bad Seeds - Midnight Man,0.5852238166776126,Beastie Boys - B-Boy Bouillabaisse: A.W.O.L. (2009 Digital Remaster),0.5836354299324463,Fugees (Tranzlator Crew) - Temple,0.5818670194058317,Lauryn Hill - Interlude 5,271.45841719889273,Beastie Boys - B-Boy Bouillabaisse: A.W.O.L. (2009 Digital Remaster),222.42409991226015,Prince - I Love U In Me ( LP Version),182.95636911352187,Lauryn Hill - Interlude 5,131.79310350451055,Black Box - Everybody Everybody,117.81003825375397,Ja Rule - One of Us,97.59706761306985,Black Box - Everybody Everybody,236.931970300299,Space - Begin Again,216.21731063148076,Billy Gilman - The Christmas Song,194.82900215371728,Black Box - Everybody Everybody,0.3366232354743231,Space - Begin Again,0.30499626578501166,Reverend Bizarre - Demons Annoying Me,0.2937303031933808
TRIOKOC128F4267572,SOIOLFS12D021989DD,ARTQ8QP1187FB3D220,Leonard Cohen,Chelsea Hotel #2,folk,Lauryn Hill - Interlude 5,6689.0,Twista - I'm A Winner (Amended Album Version),5830.0,Erykah Badu - I Want You,4980.0,Lauryn Hill - Interlude 5,6297.080000000005,Twista - I'm A Winner (Amended Album Version),5573.867500000025,Erykah Badu - I Want You,4835.958750000006,Harry Belafonte - Angelina,673.5280291977915,The Blues Brothers - Everybody Needs Somebody To Love,670.3776964022214,Bob Dylan - One Of Us Must Know (Sooner Or Later),655.5732291851231,Harry Belafonte - Angelina,0.8471485144612962,The Blues Brothers - Everybody Needs Somebody To Love,0.8431146149360579,Bob Dylan - One Of Us Must Know (Sooner Or Later),0.8255527888645763,Lauryn Hill - Interlude 5,209.05614695798448,Snoop Dogg - Snoopafella (Edited),174.08542309863785,Beastie Boys - B-Boy Bouillabaisse: A.W.O.L. (2009 Digital Remaster),171.24054204388568,Snoop Dogg - Snoopafella (Edited),96.58629706294035,Lauryn Hill - Interlude 5,88.3882971038001,Keri Noble - Piece Of My Heart,86.07650545356506,Moby - One Time We Lived,211.52445339837055,Cassandra Wilson - 'Til There Was You,209.5580400067667,Ozark Henry - Weekenders,208.5933244557841,Moby - One Time We Lived,0.31641057223448305,Marvin Gaye - Come Get To This,0.3120572998879712,Ozark Henry - Weekenders,0.31087330472812347
TREBQMO128F42828DB,SOOHIHR12AF72A7053,ARIDDOM1187B9A1360,We Are Scientists,Lethal Enforcer (Live From Union Chapel_ London),folk,Lauryn Hill - Interlude 5,4731.0,Twista - I'm A Winner (Amended Album Version),3964.0,Beastie Boys - B-Boy Bouillabaisse: A.W.O.L. (2009 Digital Remaster),3735.0,Lauryn Hill - Interlude 5,4302.279999999965,Twista - I'm A Winner (Amended Album Version),3683.817499999937,Vanilla Ice - Ice Is Workin' It,3496.28999999998,Blues Traveler - Hook,544.7065196686192,Greeley Estates - This Song Goes Out To (Album Version),538.2562216531733,Tristan Prettyman - War Out Of Peace,535.6382806055173,Blues Traveler - Hook,0.6948590830891974,Murs - You & I,0.6849975944183156,Tristan Prettyman - War Out Of Peace,0.6838619934925734,Lauryn Hill - Interlude 5,262.63656369703926,Vanilla Ice - Ice Is Workin' It,176.98423447190012,Beastie Boys - B-Boy Bouillabaisse: A.W.O.L. (2009 Digital Remaster),174.24936262165755,Lauryn Hill - Interlude 5,139.6270549723654,Jon Secada - Take Me,136.81547925179018,Conjure One - One Word,121.71370809609824,Jon Secada - Take Me,228.7240885942298,Natalie Cole - Don't Get Around Much Anymore,215.79016328696466,Ladyhawke - Love Don't Live Here,202.90646533714076,Jon Secada - Take Me,0.32721101496730187,Natalie Cole - Don't Get Around Much Anymore,0.301737056496937,Clawfinger - Revenge,0.295813580942065
TRIQKDQ128F146F504,SOVWOMM12A6D4F8484,ARCJKV91187FB46210,KT Tunstall,Change,folk,Lauryn Hill - Interlude 5,3840.0,Erykah Badu - I Want You,3147.0,Beastie Boys - B-Boy Bouillabaisse: A.W.O.L. (2009 Digital Remaster),3129.0,Lauryn Hill - Interlude 5,3516.159999999952,Erykah Badu - I Want You,3027.980000000047,Beastie Boys - B-Boy Bouillabaisse: A.W.O.L. (2009 Digital Remaster),2858.1800000000217,Bouncing Souls_ The - Pervert,602.7985828205587,Cherish - Oooh,595.9504612154885,Matt Nathanson - More Than This,592.6778696839541,Bouncing Souls_ The - Pervert,0.7621562886148283,Cherish - Oooh,0.7529615521109958,Matt Nathanson - More Than This,0.7502234885264435,Lauryn Hill - Interlude 5,251.29293245575732,Eminem - 8 Mile,168.59469651653188,Dar Williams - Mortal City,165.7177511069931,Lauryn Hill - Interlude 5,133.74314506362944,Dar Williams - Mortal City,100.34066435495045,Lou Reed - So Alone,99.79850389170534,Sparks - Angst In My Pants,209.26708568075472,Pillar - Hindsight,207.33400503993963,The Red Jumpsuit Apparatus - Cat And Mouse,199.81431040706326,Pillar - Hindsight,0.30944667414651855,Sparks - Angst In My Pants,0.30883564623422377,Lou Reed - So Alone,0.3076142451483413
TRBFURI128F1455498,SOLMCFH12A58A7FACE,ARCJKV91187FB46210,KT Tunstall,Under The Weather,folk,Lauryn Hill - Interlude 5,3820.0,Twista - I'm A Winner (Amended Album Version),3403.0,Beastie Boys - B-Boy Bouillabaisse: A.W.O.L. (2009 Digital Remaster),3189.0,Lauryn Hill - Interlude 5,3490.6400000000253,Twista - I'm A Winner (Amended Album Version),3187.7525,Beastie Boys - B-Boy Bouillabaisse: A.W.O.L. (2009 Digital Remaster),2913.5637499999884,Eagles Of Death Metal - Already Died,578.5436379933644,Soul Asylum - Stranger,573.3311748277529,Conway Twitty - Where I Stand,558.1331682062875,Eagles Of Death Metal - Already Died,0.7325690820752915,Soul Asylum - Stranger,0.7278528371557337,Conway Twitty - Where I Stand,0.708217848970303,Beastie Boys - B-Boy Bouillabaisse: A.W.O.L. (2009 Digital Remaster),165.6833192434049,Eminem - 8 Mile,146.16883628628605,Lauryn Hill - Interlude 5,127.65879474416337,Lagwagon - Sick,88.25916320012954,Vivian Green - Under My Skin,85.9361884811835,The Arrogant Sons Of Bitches - Kill The President,77.59173288344594,Conway Twitty - Where I Stand,224.7654122816612,Swans - Can't Find My Way Home,204.64454132890307,Pat Travers - Boom Boom (Out Go The Lights),204.59281767850408,Conway Twitty - Where I Stand,0.3266202434482614,Pepper - Love 101,0.2986809839301343,James Darren - I've Got You Under My Skin,0.29336333914251805
TRVLECJ128E078235B,SOSJLXU12A6310F2B2,AR0L04E1187B9AE90C,The Verve,So Sister,folk,Beastie Boys - B-Boy Bouillabaisse: A.W.O.L. (2009 Digital Remaster),5200.0,Lauryn Hill - Interlude 5,4868.0,Erykah Badu - I Want You,4562.0,Beastie Boys - B-Boy Bouillabaisse: A.W.O.L. (2009 Digital Remaster),4841.471249999911,Lauryn Hill - Interlude 5,4439.2799999999625,Erykah Badu - I Want You,4404.433749999981,A Tribe Called Quest - Hot Sex,621.6040529166331,Cherish - Oooh,597.6528800495156,Less Than Jake - I Think I Love You,582.7124970098525,A Tribe Called Quest - Hot Sex,0.7842282792838822,Cherish - Oooh,0.7541778427106477,Less Than Jake - I Think I Love You,0.7360537918528917,Beastie Boys - B-Boy Bouillabaisse: A.W.O.L. (2009 Digital Remaster),168.2066787030149,Johnny Winter - Miss Ann,150.33871525987388,Ying Yang Twins - 1st Booty On Duty,149.68439867367132,Johnny Winter - Miss Ann,137.48114685029006,Enrique Iglesias - Miss You,110.54442917189131,Kristinia DeBarge - Disconnect,107.33003909151385,Johnny Winter - Miss Ann,337.68367432161034,Brett Dennen - When She's Gone,246.72655930740333,Ella Fitzgerald - Miss Otis Regrets,246.4528079859718,Johnny Winter - Miss Ann,0.4439689821043742,Isaac Hayes - By The Time I Get To Phoenix,0.34196556281435625,Brett Dennen - When She's Gone,0.3358923988742745
TRMLKKJ128E0798A59,SONNMHJ12A67AE098E,AR8886N1187B9B330A,Liz Phair,Lost Tonight,folk,Lauryn Hill - Interlude 5,5305.0,Twista - I'm A Winner (Amended Album Version),4323.0,Erykah Badu - I Want You,3824.0,Lauryn Hill - Interlude 5,4938.839999999992,Twista - I'm A Winner (Amended Album Version),4083.7025000000353,Erykah Badu - I Want You,3689.4262499999886,Black Eyed Peas - Sexy,598.7532744572314,Lauryn Hill - Interlude 1,596.2914371567472,Eric B. & Rakim - I Know You Got Soul,592.0894727922755,Black Eyed Peas - Sexy,0.7595398537227716,Lauryn Hill - Interlude 1,0.7562653547560878,Eric B. & Rakim - I Know You Got Soul,0.7505309506646636,Beastie Boys - B-Boy Bouillabaisse: A.W.O.L. (2009 Digital Remaster),181.87319703571671,Afroman - Let's All Get Drunk,171.15935551506698,Jodeci - It's Alright,163.20952061477558,Afroman - Let's All Get Drunk,129.98442453992794,Jodeci - It's Alright,121.12531508552169,Avant - Out of Character,120.57631768283262,Avant - Out of Character,257.9513482477409,The Adicts - Disco,256.988332811178,The Gaslight Anthem - Even Cowgirls Get The Blues,254.71233228290077,Avant - Out of Character,0.36952841685816323,The Gaslight Anthem - Even Cowgirls Get The Blues,0.3562819584392378,The Adicts - Disco,0.3409413246821445
TRYBZQD12903CD1380,SONJLBP12AB018A66C,AR9UC071187B9B76FD,The Pogues,Sunnyside Of The Street,folk,Beastie Boys - B-Boy Bouillabaisse: A.W.O.L. (2009 Digital Remaster),2505.0,Eminem - 8 Mile,2269.0,Lauryn Hill - Interlude 5,2189.0,Beastie Boys - B-Boy Bouillabaisse: A.W.O.L. (2009 Digital Remaster),2315.7337499999603,Eminem - 8 Mile,2126.16625000004,Lauryn Hill - Interlude 5,1962.6799999999744,Charlotte Martin - In Parentheses,627.4387228326328,RODNEY CROWELL - Preachin' To The Choir,623.7353122889128,Common - Book Of Life,622.7637424783746,Charlotte Martin - In Parentheses,0.7923614115045462,RODNEY CROWELL - Preachin' To The Choir,0.7890104881257605,Josh Martinez - Tour is War,0.7880236809033332,Beastie Boys - B-Boy Bouillabaisse: A.W.O.L. (2009 Digital Remaster),158.44237508012125,Lauryn Hill - Interlude 5,150.4310228775702,Murs - The Dance,146.60450202453885,Murs - The Dance,84.35629494894512,N-Dubz - Work Work,82.42258212874745,Us3 - Dead End Street,77.00412514762702,Benny Goodman - On The Sunny Side Of The Street,218.47209573288652,Scarlett Johansson - Fannin Street,208.73723544617172,Incognito - Marrakech,203.08520695825612,Benny Goodman - On The Sunny Side Of The Street,0.31799403868380227,Us3 - Dead End Street,0.31764186052616866,Scarlett Johansson - Fannin Street,0.30726223554582344
TRHYZQR128F428F5C5,SOAWESO12A8C13AC4E,ARRH63Y1187FB47783,Kanye West,Can't Tell Me Nothing,hip hop,Lauryn Hill - Interlude 5,8750.0,Twista - I'm A Winner (Amended Album Version),7472.0,Beastie Boys - B-Boy Bouillabaisse: A.W.O.L. (2009 Digital Remaster),6899.0,Lauryn Hill - Interlude 5,7863.119999999904,Twista - I'm A Winner (Amended Album Version),6892.3950000000295,Abba - Move On,6362.577500000135,Pat Travers - I La La La Love You,554.0789857982467,Puressence - India,551.0970569325098,Grand Puba - Very Special (LP Version),537.6058954317767,Puressence - India,0.7024266522111294,Pat Travers - I La La La Love You,0.7011174828583588,Grand Puba - Very Special (LP Version),0.6912566449605438,Lauryn Hill - Interlude 5,550.3720678195742,Beastie Boys - B-Boy Bouillabaisse: A.W.O.L. (2009 Digital Remaster),378.8618741929605,Clipse - Dirty Money,337.2772878470597,Lauryn Hill - Interlude 5,282.3900346124449,Alicia Keys - Tell You Something (Nana's Reprise),214.7559395364576,Clipse - Dirty Money,208.40230307545542,Pat Travers - I La La La Love You,302.70042172448046,Grand Puba - Alamo,246.7828401000305,Shania Twain - I'm Not In The Mood (To Say No)!,217.48452894690558,Pat Travers - I La La La Love You,0.4153785875852434,Lauryn Hill - Interlude 5,0.37419441803276954,Jessica Simpson - These Boots Are Made For Walkin',0.3400764639326134
TRPQDHV128E07845CB,SOWZAHB12AF72A4B46,ARRH63Y1187FB47783,Kanye West,Graduation Day,hip hop,Lauryn Hill - Interlude 5,3980.0,Twista - I'm A Winner (Amended Album Version),3177.0,Erykah Badu - I Want You,2856.0,Lauryn Hill - Interlude 5,3672.719999999991,Twista - I'm A Winner (Amended Album Version),2976.182500000034,Erykah Badu - I Want You,2743.0662500000267,Immortal Technique - Crossing the Boundary,625.8861966145666,Clawfinger - Revenge,606.9553967904861,Harry Belafonte - Angelina,606.3820302747889,Immortal Technique - Crossing the Boundary,0.7942108846996822,Clawfinger - Revenge,0.7679399302907091,Harry Belafonte - Angelina,0.7675755335260797,Lauryn Hill - Interlude 5,229.72069018529714,Twista - Overdose (Album Version),226.8859461632527,The Game - Black Opera,221.67076618803418,The Game - Black Opera,157.76765333865973,Petey Pablo - Fool For Love,142.7632053346798,Ying Yang Twins - 1st Booty On Duty,142.37638171560937,Immortal Technique - Crossing the Boundary,232.01329189573138,Remy Ma - I'm,231.10029232897438,The Game - Black Opera,219.71372994205768,Immortal Technique - Crossing the Boundary,0.3652190137260149,Remy Ma - I'm,0.3584413264701051,The Game - Black Opera,0.34531719942253314
TRHAGFQ128F428B8EA,SOLBUFV12A67020A39,ARRH63Y1187FB47783,Kanye West,Wake Up Mr. West,hip hop,Lauryn Hill - Interlude 5,2853.0,Twista - I'm A Winner (Amended Album Version),2582.0,Erykah Badu - I Want You,2236.0,Lauryn Hill - Interlude 5,2624.8400000000083,Twista - I'm A Winner (Amended Album Version),2432.890000000011,Erykah Badu - I Want You,2152.1450000000186,Todd Snider - Looking For A Job,564.3042498472475,Harry Belafonte - Angelina,563.8670401505759,Shannon McNally - Down And Dirty,558.1018780337479,Todd Snider - Looking For A Job,0.718813276487547,Harry Belafonte - Angelina,0.715868751350209,Obie Trice - Hoodrats,0.7083972352800746,DMX - Keep Your Shit The Hardest,212.93690720331963,Binary Star - Honest Expression,187.09766406023644,Lauryn Hill - Interlude 5,176.30968689030294,DMX - Keep Your Shit The Hardest,155.73681814647284,Binary Star - Honest Expression,120.06661238270065,Eazy-E - Real Muthaphuckkin' G's,105.23369759988782,Billy Ray Cyrus - Like Nothing Else,216.90230143055797,DMX - Keep Your Shit The Hardest,210.12089890430389,Trent Willmon - Love Don't Have To Be So Hard,197.5399545270214,DMX - Keep Your Shit The Hardest,0.32393165124225104,Billy Ray Cyrus - Like Nothing Else,0.31754134722982386,Binary Star - Honest Expression,0.30134211639866
TRQXYGU128E079236A,SOIJTSI12A6701FD8B,ARTDQRC1187FB4EFD4,Black Eyed Peas,A8,hip hop,Lauryn Hill - Interlude 5,16403.0,Twista - I'm A Winner (Amended Album Version),13125.0,Erykah Badu - I Want You,11110.0,Lauryn Hill - Interlude 5,15326.60000000001,Twista - I'm A Winner (Amended Album Version),12421.537500000017,Erykah Badu - I Want You,10714.393750000036,Jeff Timmons - Can't You See,615.6321195151296,The Blues Brothers - Everybody Needs Somebody To Love,611.586915297324,The Berzerker - All About You,610.3314366106802,Jeff Timmons - Can't You See,0.775640173200905,The Blues Brothers - Everybody Needs Somebody To Love,0.7724608046830249,The Berzerker - All About You,0.77028834503191,Lauryn Hill - Interlude 5,546.1811320192694,Michael Jackson - Man In The Mirror,522.7680003150881,Beastie Boys - B-Boy Bouillabaisse: A.W.O.L. (2009 Digital Remaster),484.56626727573575,Michael Jackson - Man In The Mirror,360.17517602651856,Fun Lovin' Criminals - Blues For Suckers,248.98099464742347,Binary Star - Honest Expression,226.10904305590995,Kayah - Dla Niego,319.99777484997173,Orla Fallon - An Mhaighdean Mhara,297.36786951565375,Sentidos Opuestos - Oh Na Na Na,297.05766752073646,Michael Jackson - Man In The Mirror,0.39111294505352134,Kayah - Dla Niego,0.3872651133964597,Fun Lovin' Criminals - Blues For Suckers,0.38558911004473967
TRBUESY128F92F81F6,SOVVVXC12AB017F162,ARTDQRC1187FB4EFD4,Black Eyed Peas,Boom Boom Guetta,hip hop,Slick Rick - Let's Get Crazy,5646.0,Twista - I'm A Winner (Amended Album Version),5165.0,Calvin Harris - The Girls,4988.0,Slick Rick - Let's Get Crazy,5495.672500000159,Calvin Harris - The Girls,4821.579999999962,Twista - I'm A Winner (Amended Album Version),4787.415000000045,Slick Rick - Let's Get Crazy,621.0946851467376,Esmée Denters - Getting Over You,464.7570536118483,The Rolling Stones - Fight (1994 Digital Remaster),457.5723531491032,Slick Rick - Let's Get Crazy,0.7809157463430818,Esmée Denters - Getting Over You,0.5910307485315972,The Rolling Stones - Fight (1994 Digital Remaster),0.5821427032702406,Twista - Overdose (Album Version),305.57745664586383,The Foreign Exchange - The Answer,247.10355388681472,Kurtis Blow - AJ Scratch,241.38044040161498,Kurtis Blow - AJ Scratch,204.58233049613992,Twista - Overdose (Album Version),203.9337121641553,The Foreign Exchange - The Answer,188.43625590085662,Chris Murray - Steady Beat Convention,286.35535891023426,The Prodigy - We Gonna Rock,281.7641473778631,Darude - Feel The Beat,270.9155181683107,Chris Murray - Steady Beat Convention,0.3753633625505297,Beastie Boys - Pass The Mic (Pt. 2_ Skills To Pay The Bills) (2009 Digital Remaster),0.36626254794469953,The Prodigy - We Gonna Rock,0.36062285156576557
TRPDBLM128E0792367,SOZRPOY12A8C1455F5,ARTDQRC1187FB4EFD4,Black Eyed Peas,Communication,hip hop,Lauryn Hill - Interlude 5,7908.0,Daft Punk - Touch It / Technologic,6512.0,Vanilla Ice - Ice Is Workin' It,6373.0,Lauryn Hill - Interlude 5,7092.880000000005,Daft Punk - Touch It / Technologic,6190.271250000161,Vanilla Ice - Ice Is Workin' It,5987.58999999984,Dilated Peoples - Live On Stage,566.4037788043216,Slum Village - Conant Gardens,549.7457273117201,Above The Law - Flow On (Move Me No Mountain),545.2402004832063,Dilated Peoples - Live On Stage,0.7203881266821792,Slum Village - Conant Gardens,0.7013992079218276,Above The Law - Flow On (Move Me No Mountain),0.6962022825726946,Beastie Boys - B-Boy Bouillabaisse: A.W.O.L. (2009 Digital Remaster),355.13316268456947,Twista - Overdose (Album Version),330.46982613331534,The Pharcyde - I'm That Type Of Ni**a,329.3148852511241,The Pharcyde - I'm That Type Of Ni**a,211.50693180212573,Fatboy Slim - The Rockafeller Skank,207.55213817368897,Biz Markie - Make the Music With Your Mouth_ Biz,195.9038429978948,Us3 - I Got It Goin' On,230.6858169939835,King Tee - Guitar Playin',226.1888934370396,The Pharcyde - I'm That Type Of Ni**a,223.56842766027873,King Tee - Guitar Playin',0.375227450414205,The Pharcyde - I'm That Type Of Ni**a,0.37458094470901776,Brand Nubian - All For One (Explicit) (2006 Remastered LP Version),0.3720189124198383
TRLINLH128F9346400,SOROKRP12AF729F9B4,ARTDQRC1187FB4EFD4,Black Eyed Peas,One Tribe,hip hop,Ja Rule - One of Us,10279.0,Lauryn Hill - Interlude 5,9253.0,Beastie Boys - B-Boy Bouillabaisse: A.W.O.L. (2009 Digital Remaster),5715.0,Ja Rule - One of Us,9642.650000000209,Lauryn Hill - Interlude 5,8200.519999999951,Brand Nubian - All For One (Explicit) (2006 Remastered LP Version),5124.06999999999,Cutting Crew - One For The Mockingbird,511.02472803285673,Avail - N30,500.6533913583216,Bob Marley & The Wailers - One Love / People Get Ready,469.5710874481928,Cutting Crew - One For The Mockingbird,0.6484252929966451,Avail - N30,0.6355929422524544,Bob Marley & The Wailers - One Love / People Get Ready,0.598910012511148,Lauryn Hill - Interlude 5,481.54412251018204,Beastie Boys - B-Boy Bouillabaisse: A.W.O.L. (2009 Digital Remaster),394.64818698465706,Gang Starr - The Illest Brother,334.6807289712296,Lauryn Hill - Interlude 5,247.8627770621415,Gang Starr - The Illest Brother,205.59794236708373,Will.I.Am - She's A Star,185.45399174168404,Sara Gazarek - Yours (Live),248.83464331108038,Matisyahu - Jerusalem,231.1327457090556,Gang Starr - The Illest Brother,213.94384315954397,Gang Starr - The Illest Brother,0.3700090890984882,Sara Gazarek - Yours (Live),0.3665958321901956,Matisyahu - Jerusalem,0.3562236896909971
TREPPUG128F9301FAB,SOBRREA12A6701C403,ARTDQRC1187FB4EFD4,Black Eyed Peas,Sexy,hip hop,Lauryn Hill - Interlude 5,8731.0,Twista - I'm A Winner (Amended Album Version),7236.0,Beastie Boys - B-Boy Bouillabaisse: A.W.O.L. (2009 Digital Remaster),6427.0,Lauryn Hill - Interlude 5,8064.91999999994,Twista - I'm A Winner (Amended Album Version),6800.695000000062,Beastie Boys - B-Boy Bouillabaisse: A.W.O.L. (2009 Digital Remaster),5869.972499999959,Kat DeLuna - Run The Show,639.0510229402103,Natasha Bedingfield - Stumble,634.2533996123192,The Zutons - What's Your Problem,632.8163684061992,Kat DeLuna - Run The Show,0.8086650794028996,Natasha Bedingfield - Stumble,0.8013219695593266,Anastacia - Club Megamix,0.7996723191919811,Lauryn Hill - Interlude 5,349.6406508345043,Twista - Overdose (Album Version),338.58824681005206,Binary Star - Honest Expression,311.04111914518717,Marques Houston - Naked,194.87642872275836,Twista - Overdose (Album Version),179.39335414639967,Binary Star - Honest Expression,166.14689561859763,Marques Houston - Naked,259.59140614207075,R. Kelly - In The Kitchen,245.23534061254992,Unbelievable Truth - Let It Flow,241.45725512569638,Marques Houston - Naked,0.40013374026968657,R. Kelly - In The Kitchen,0.3650841423926582,Unbelievable Truth - Let It Flow,0.3605266812966605
TRBBVNR128E078E1E4,SOCMYLF12A67020A4D,ARTDQRC1187FB4EFD4,Black Eyed Peas,Tell Your Momma Come,hip hop,Lauryn Hill - Interlude 5,6243.0,Vanilla Ice - It's A Party,5347.0,Marques Houston - Cancel (Album Version),4786.0,Lauryn Hill - Interlude 5,5490.440000000057,Vanilla Ice - It's A Party,5002.417500000071,Marques Houston - Cancel (Album Version),4529.863750000012,Nick Cave & The Bad Seeds - Midnight Man,458.63895332214696,Misery Speaks - Sounds Of Brutality,445.3495131242922,Dungeon Family - Trans DF Express,440.39863857251225,Nick Cave & The Bad Seeds - Midnight Man,0.5903315118479259,Misery Speaks - Sounds Of Brutality,0.5711604400355598,Dungeon Family - Trans DF Express,0.5694203753612118,Twista - Overdose (Album Version),361.10326349947576,The Simpsons - Do The Bartman,353.6591219611171,Lauryn Hill - Interlude 5,331.93008507274686,The Simpsons - Do The Bartman,223.2255289335819,Missy Elliott - Back In The Day (Explicit LP Version),201.15549427585003,Beastie Boys - Pass The Mic (Pt. 2_ Skills To Pay The Bills) (2009 Digital Remaster),200.60237795767472,Beastie Boys - Pass The Mic (Pt. 2_ Skills To Pay The Bills) (2009 Digital Remaster),250.57035864309051,Missy Elliott - Back In The Day (Explicit LP Version),212.28947839241414,Petey Pablo - Show Me The Money,211.64303662307017,Beastie Boys - Pass The Mic (Pt. 2_ Skills To Pay The Bills) (2009 Digital Remaster),0.39134923361739987,Missy Elliott - Back In The Day (Explicit LP Version),0.34739681108190457,Petey Pablo - Show Me The Money,0.34369298154924893
TRTJVGX128E078EB1C,SOUNVLC12A6701C406,ARTDQRC1187FB4EFD4,Black Eyed Peas,The Apl Song,hip hop,Lauryn Hill - Interlude 5,2904.0,Beastie Boys - B-Boy Bouillabaisse: A.W.O.L. (2009 Digital Remaster),2547.0,Twista - I'm A Winner (Amended Album Version),2255.0,Lauryn Hill - Interlude 5,2521.279999999993,Beastie Boys - B-Boy Bouillabaisse: A.W.O.L. (2009 Digital Remaster),2226.940000000009,Vanilla Ice - Ice Is Workin' It,2015.0400000000247,Lost Boyz - Keep It Real,516.3051115819416,Souls Of Mischief - Fa Sho Fo Real,499.9848474680268,Dead Prez - Fucked Up,496.9816800852076,Lost Boyz - Keep It Real,0.6706259924490934,Souls Of Mischief - Fa Sho Fo Real,0.6540992986714538,Dead Prez - Fucked Up,0.6469686558533245,Lauryn Hill - Interlude 5,309.0221131206492,Twista - Overdose (Album Version),291.47544514647984,Beastie Boys - B-Boy Bouillabaisse: A.W.O.L. (2009 Digital Remaster),250.22210933769836,Twista - Overdose (Album Version),166.5219648649986,Lauryn Hill - Interlude 5,143.74653777881173,Public Enemy - Party For Your Right To Fight,131.1961720579002,Beastie Boys - Futterman's Rule (2009 Digital Remaster),219.42292000201044,Public Enemy - Party For Your Right To Fight,215.70062563055694,Beastie Boys - Pass The Mic (Pt. 2_ Skills To Pay The Bills) (2009 Digital Remaster),184.63961937298612,Above The Law - Flow On (Move Me No Mountain),0.3199911118073196,Twista - Overdose (Album Version),0.316526151811777,Public Enemy - Party For Your Right To Fight,0.31521886713615377
TRDJOCY128F4294CD5,SOTHRKJ12A6701C2D8,ARRH63Y1187FB47783,Kanye West,Diamonds From Sierra Leone,hip hop,Lauryn Hill - Interlude 5,7877.0,Beastie Boys - B-Boy Bouillabaisse: A.W.O.L. (2009 Digital Remaster),6292.0,Twista - I'm A Winner (Amended Album Version),5811.0,Lauryn Hill - Interlude 5,6927.560000000074,Beastie Boys - B-Boy Bouillabaisse: A.W.O.L. (2009 Digital Remaster),5498.004999999974,Twista - I'm A Winner (Amended Album Version),5190.510000000036,Onyx - Onyx Is Back,541.9989774687317,Archers Of Loaf - Web In Front,471.82663613721405,Chrisette Michele - All I Ever Think About,464.5896786403042,Onyx - Onyx Is Back,0.6965440087632736,Archers Of Loaf - Web In Front,0.6087633742965205,Chrisette Michele - All I Ever Think About,0.6018680423221451,Beastie Boys - B-Boy Bouillabaisse: A.W.O.L. (2009 Digital Remaster),571.1110348675971,Lauryn Hill - Interlude 5,557.7282832977686,Twista - Overdose (Album Version),535.7002824131838,Twista - Overdose (Album Version),267.3245308261555,Binary Star - Honest Expression,262.6987120339662,EPMD - Knick Knack Patty Wack,247.84960705217134,Above The Law - Flow On (Move Me No Mountain),216.16640709755538,Binary Star - Honest Expression,207.58155240550346,Us3 - It's Like That,206.3737015547558,Above The Law - Flow On (Move Me No Mountain),0.404392923028743,Binary Star - Honest Expression,0.40290152786907846,Kool Moe Dee - Bad Mutha,0.3839487427967983
TREADOS128E078EC1F,SORAWSB12A6701FBC8,ARTH9041187FB43E1F,Eminem,If I Had,hip hop,Lauryn Hill - Interlude 5,9605.0,Beastie Boys - B-Boy Bouillabaisse: A.W.O.L. (2009 Digital Remaster),9469.0,Eminem - 8 Mile,8214.0,Beastie Boys - B-Boy Bouillabaisse: A.W.O.L. (2009 Digital Remaster),8578.063750000088,Lauryn Hill - Interlude 5,8539.63999999992,Eminem - 8 Mile,7541.6362499999395,Skip James - I'm So Glad,587.1305019189342,Clipse - Freedom,555.4387554949903,Swollen Members - Concerto,551.1647853202346,Skip James - I'm So Glad,0.7344757735871994,Clipse - Freedom,0.7108053288697619,Swollen Members - Concerto,0.7058563994824767,Beastie Boys - B-Boy Bouillabaisse: A.W.O.L. (2009 Digital Remaster),505.8673715785468,Lauryn Hill - Interlude 5,497.9000931400962,Twista - Overdose (Album Version),486.4664235544801,Twista - Overdose (Album Version),244.852830448757,Twiztid - She Ain't Afraid,234.14735238642925,Binary Star - Honest Expression,233.78748354387568,Skip James - I'm So Glad,331.0005912343135,Rosanne Cash - This World,217.34156729775168,Terminal Choice - Be Like Me,203.04262204666253,Skip James - I'm So Glad,0.4133255028329053,Binary Star - Honest Expression,0.3614953064923396,Immortal Technique - That's What It Is,0.35503049239184725
TRHPAVK128E078EC9C,SOKJZZN12A6701C77A,ARTH9041187FB43E1F,Eminem,Ken Kaniff,hip hop,Lauryn Hill - Interlude 5,8216.0,Beastie Boys - B-Boy Bouillabaisse: A.W.O.L. (2009 Digital Remaster),7588.0,Eminem - 8 Mile,6209.0,Lauryn Hill - Interlude 5,7308.879999999882,Beastie Boys - B-Boy Bouillabaisse: A.W.O.L. (2009 Digital Remaster),6829.39624999989,Eminem - 8 Mile,5636.503749999904,Madness - Cardiac Arrest,581.6418309656799,K'Naan - Voices In My Head,581.5763583661264,Organized Konfusion - Releasing Hypnotical Gases,580.587200444811,Madness - Cardiac Arrest,0.7456132409803983,Organized Konfusion - Releasing Hypnotical Gases,0.7442381017090358,Saul Williams - Elohim (1972),0.7412218710825725,Twista - Overdose (Album Version),462.4870245665449,Beastie Boys - B-Boy Bouillabaisse: A.W.O.L. (2009 Digital Remaster),458.61226524560584,Lauryn Hill - Interlude 5,452.12755126933405,Redman - Soopaman Luva 3,266.52209494191646,Twiztid - She Ain't Afraid,263.5834155234286,Twista - Overdose (Album Version),235.56628728782556,Redman - Soopaman Luva 3,242.39273590232258,The Darkness - Givin' Up (Clean Version),236.58607856175317,Del The Funky Homosapien - Faulty,231.53491920214924,Redman - Soopaman Luva 3,0.41833516763958356,Del The Funky Homosapien - Faulty,0.385632908775589,Atmosphere - Hair,0.3808573634059858
TRGLNKG128F9307689,SOFVLYU12AB017F502,ARTH9041187FB43E1F,Eminem,My Darling,hip hop,Lauryn Hill - Interlude 5,22766.0,Twista - I'm A Winner (Amended Album Version),18521.0,Beastie Boys - B-Boy Bouillabaisse: A.W.O.L. (2009 Digital Remaster),16797.0,Lauryn Hill - Interlude 5,21108.15999999992,Twista - I'm A Winner (Amended Album Version),17437.547499999968,Beastie Boys - B-Boy Bouillabaisse: A.W.O.L. (2009 Digital Remaster),15410.586250000082,Kevin Devine - Fever Moon,676.9699739477894,Clawfinger - Revenge,673.353625298035,The Inchtabokatables - Underdrive,671.440851242301,Kevin Devine - Fever Moon,0.8531169870408263,Clawfinger - Revenge,0.8474561027279263,The Inchtabokatables - Underdrive,0.8437087151733264,Lauryn Hill - Interlude 5,723.1319973716296,Beastie Boys - B-Boy Bouillabaisse: A.W.O.L. (2009 Digital Remaster),664.5240751486318,Twista - Overdose (Album Version),621.5551081368945,Twista - Overdose (Album Version),279.988777797644,Lauryn Hill - Interlude 5,271.3432865886269,Twista - I'm A Winner (Amended Album Version),247.1152168560765,Johnny Nash - Stir It Up,230.60911726985356,Etta James - My Dearest Darling,202.33557986949373,Simply Red - Go Now,201.36877819843446,Gang Starr - The Illest Brother,0.38476862037550386,Lauryn Hill - Interlude 5,0.373616149511207,Souls Of Mischief - Rock It Like That,0.3671174131709719
TRCHZXW128E079288A,SOMEJDK12D0219BB71,ARTH9041187FB43E1F,Eminem,8 Mile,hip hop,Beastie Boys - B-Boy Bouillabaisse: A.W.O.L. (2009 Digital Remaster),17013.0,Lauryn Hill - Interlude 5,16626.0,Twista - I'm A Winner (Amended Album Version),14068.0,Beastie Boys - B-Boy Bouillabaisse: A.W.O.L. (2009 Digital Remaster),15583.50125000018,Lauryn Hill - Interlude 5,14916.639999999816,Mario Vazquez - Everytime I...,13159.437500000326,Common - Book Of Life,713.7542412625361,Eminem - Rabbit Run,695.5028020519944,Gang Starr - Gotta Get Over (Taking Loot) (Explicit),692.2713151566815,Common - Book Of Life,0.896699433811434,Eminem - Rabbit Run,0.8769762457980983,Gang Starr - Gotta Get Over (Taking Loot) (Explicit),0.8727866174428162,Beastie Boys - B-Boy Bouillabaisse: A.W.O.L. (2009 Digital Remaster),808.9468899169307,Lauryn Hill - Interlude 5,797.6246297916819,Twista - Overdose (Album Version),693.2410766172816,Twiztid - She Ain't Afraid,341.4018619165995,Twista - I'm A Winner (Amended Album Version),338.14720909407157,Eazy-E - Real Muthaphuckkin' G's,295.1550632602846,Common - Book Of Life,210.85331097369706,Will Smith - Momma Knows,203.30128201394115,Twiztid - She Ain't Afraid,203.17794356638066,Common - Book Of Life,0.41148368126406537,Above The Law - Flow On (Move Me No Mountain),0.40504518408583523,OutKast - Mainstream,0.40440463465023574
TRCDLUM128F9331CA9,SOOOJWM12A8C13AC0E,ARPDVPJ1187B9ADBE9,Usher,Love Was Here,hip hop,Lauryn Hill - Interlude 5,7931.0,Twista - I'm A Winner (Amended Album Version),7167.0,Erykah Badu - I Want You,6340.0,Lauryn Hill - Interlude 5,7277.79999999998,Twista - I'm A Winner (Amended Album Version),6740.11250000007,Erykah Badu - I Want You,6099.931250000063,The Jeff Healey Band - You're Coming Home,598.6749474082872,Marques Houston - Naked,576.1056697392136,Gotye - Coming Back,571.9126692304932,The Jeff Healey Band - You're Coming Home,0.759042196768557,Marques Houston - Naked,0.7339754351838812,Gotye - Coming Back,0.7278671472553035,Lauryn Hill - Interlude 5,321.33800485626335,Michael Jackson - Man In The Mirror,303.58810368600206,Atmosphere - Hair,246.91389599896846,Michael Jackson - Man In The Mirror,215.32862048034374,K-Ci & JoJo - Baby Come Back,171.56618243915113,Blackstreet - Billie Jean,161.655459549893,Willie Nelson - All Of Me,320.02901186539674,K-Ci & JoJo - Baby Come Back,278.8091066409564,Blackstreet - Billie Jean,276.48869313944067,Willie Nelson - All Of Me,0.43435644012143243,K-Ci & JoJo - Baby Come Back,0.4001418036204124,Blackstreet - Billie Jean,0.3998678402798021
TRPMNRL128F9302AD7,SOEVGOY12AB0181053,ARCGJ6U1187FB4D01F,Akon,Be With You,hip hop,Lauryn Hill - Interlude 5,14362.0,Beastie Boys - B-Boy Bouillabaisse: A.W.O.L. (2009 Digital Remaster),11253.0,Twista - I'm A Winner (Amended Album Version),11057.0,Lauryn Hill - Interlude 5,13482.480000000012,Beastie Boys - B-Boy Bouillabaisse: A.W.O.L. (2009 Digital Remaster),10517.477500000025,Twista - I'm A Winner (Amended Album Version),10482.204999999867,Clawfinger - Revenge,650.830029280303,Machinemade God - With You,620.6084781690151,Boyz II Men - Could It Be I'm Falling In Love,610.8445512727682,Clawfinger - Revenge,0.819537726220782,Machinemade God - With You,0.7824318819588947,Boyz II Men - Could It Be I'm Falling In Love,0.7706665638678859,Lauryn Hill - Interlude 5,357.8350840336723,Beastie Boys - B-Boy Bouillabaisse: A.W.O.L. (2009 Digital Remaster),300.91276859601913,Binary Star - Honest Expression,235.0367067975427,Lauryn Hill - Interlude 5,186.25766647338733,3LW - Playas Gon' Play,149.3501222550547,Clawfinger - Revenge,138.20737269997727,Millencolin - Random I Am (Album Version),270.6860848552048,Jennifer Lopez - The Way It Is,245.61524635587705,Clawfinger - Revenge,245.05051895017695,Millencolin - Random I Am (Album Version),0.3939021939329245,Clawfinger - Revenge,0.3844994283652463,Chris Brown - Ain't No Way (You Won't Love Me),0.36690653277838253
TRRIRMX128F92E6272,SOILRPD12A6701E38C,ARCGJ6U1187FB4D01F,Akon,Locked Up,hip hop,Ice Cube - When I Get To Heaven (Remix) (Explicit),8786.0,Danity Kane - Hold Me Down (Album Version),6272.0,Beastie Boys - B-Boy Bouillabaisse: A.W.O.L. (2009 Digital Remaster),6231.0,Ice Cube - When I Get To Heaven (Remix) (Explicit),8471.776249999888,Britney Spears - Let Me Be,5912.842500000089,Danity Kane - Hold Me Down (Album Version),5865.357499999887,Ice Cube - When I Get To Heaven (Remix) (Explicit),543.076540019253,JET - Let Me Out,509.01335022264783,Tommy Castro - Nasty Habits,505.6856443070821,Ice Cube - When I Get To Heaven (Remix) (Explicit),0.6865571612397183,JET - Let Me Out,0.6459752707942557,Tommy Castro - Nasty Habits,0.641198889310491,Kurupt - It Ain't About You,317.23726179216055,Lloyd Banks - Make A Move,299.47580394568735,Ying Yang Twins - 1st Booty On Duty,279.69552278063435,Kurupt - It Ain't About You,217.69203877630537,Lloyd Banks - Make A Move,210.4732269935138,Fun Lovin' Criminals - Blues For Suckers,194.86908886900554,KathrynWilliams - Room In My Head,307.7655536646169,J.J. Cale - Shanghaid,275.40708842821476,Fun Lovin' Criminals - Blues For Suckers,233.75754777997508,KathrynWilliams - Room In My Head,0.4059631184100472,J.J. Cale - Shanghaid,0.3860314013119453,Fun Lovin' Criminals - Blues For Suckers,0.3377203504736941
TRCEYQJ128E07862DE,SOAUEBB12A67020DC4,ARLGIX31187B9AE9A0,Jay-Z,So Ghetto,hip hop,Lauryn Hill - Interlude 5,8107.0,Beastie Boys - B-Boy Bouillabaisse: A.W.O.L. (2009 Digital Remaster),7905.0,Eminem - 8 Mile,7155.0,Lauryn Hill - Interlude 5,7164.919999999981,Beastie Boys - B-Boy Bouillabaisse: A.W.O.L. (2009 Digital Remaster),7117.160000000037,Eminem - 8 Mile,6560.439999999939,Amel Larrieux - lucky to be me,619.3387224737041,Sage Francis - Keep Moving,607.9419130841086,Ledisi - Best Friend,599.5352545428019,Amel Larrieux - lucky to be me,0.77977202325625,Sage Francis - Keep Moving,0.7744778017557445,Ledisi - Best Friend,0.7597862287839753,Twista - Overdose (Album Version),565.025960517428,Beastie Boys - B-Boy Bouillabaisse: A.W.O.L. (2009 Digital Remaster),550.1051298642453,2Pac - Strictly 4 My N.I.G.G.A.Z.,542.0826104732531,2Pac - Strictly 4 My N.I.G.G.A.Z.,345.68487186231437,Onyx - Slam,340.76252554852033,Onyx - Slam Harder,340.76252554852033,EPMD - Right Now,291.3572037482683,2Pac - Strictly 4 My N.I.G.G.A.Z.,274.5101542807262,Insane Clown Posse - Fuck Off,266.44268397080367,2Pac - Strictly 4 My N.I.G.G.A.Z.,0.4498255833024884,EPMD - Right Now,0.4477653630069482,Soulja Slim - From What I Was Told,0.43205265625935896
TRZGUNN128E07862F7,SOGFJJE12A58A80C35,ARLGIX31187B9AE9A0,Jay-Z,Heart Of The City (Ain't No Love),hip hop,Lauryn Hill - Interlude 5,7878.0,Beastie Boys - B-Boy Bouillabaisse: A.W.O.L. (2009 Digital Remaster),7351.0,Eminem - 8 Mile,6530.0,Lauryn Hill - Interlude 5,7037.119999999905,Beastie Boys - B-Boy Bouillabaisse: A.W.O.L. (2009 Digital Remaster),6647.791250000056,Eminem - 8 Mile,5999.308749999864,Anastacia - Club Megamix,618.2703356200605,Ledisi - Best Friend,615.8686630661234,Lil Wyte - Ten Toes Tall,605.5652583739536,Anastacia - Club Megamix,0.7862626433588975,Ledisi - Best Friend,0.7792451081910555,Lil Wyte - Ten Toes Tall,0.7731535716743303,Twista - Overdose (Album Version),531.5139805634909,Ying Yang Twins - 1st Booty On Duty,527.4709024193708,DMX - Keep Your Shit The Hardest,522.2645450662168,Three 6 Mafia - Who Run It,360.87747147374307,Ying Yang Twins - 1st Booty On Duty,353.0158625863303,DMX - Keep Your Shit The Hardest,343.3055414381305,Westside Connection - Superstar (Double Murder = Double Platinum),277.4252993186138,Three 6 Mafia - Who Run It,272.7609482841358,2Pac - Strictly 4 My N.I.G.G.A.Z.,266.4326219098485,2Pac - Strictly 4 My N.I.G.G.A.Z.,0.4376158769718299,Westside Connection - Superstar (Double Murder = Double Platinum),0.43109196918657355,Three 6 Mafia - Who Run It,0.42718707527753114
TRTVTYS128E0792887,SORCZHK12A6701FFB0,ARTH9041187FB43E1F,Eminem,Rabbit Run,hip hop,Lauryn Hill - Interlude 5,10439.0,Beastie Boys - B-Boy Bouillabaisse: A.W.O.L. (2009 Digital Remaster),9936.0,Twista - I'm A Winner (Amended Album Version),9500.0,Lauryn Hill - Interlude 5,9441.72000000009,Beastie Boys - B-Boy Bouillabaisse: A.W.O.L. (2009 Digital Remaster),9101.997499999923,Twista - I'm A Winner (Amended Album Version),8848.244999999879,Eminem - 8 Mile,695.5028020519944,Common - Book Of Life,680.526323313416,RODNEY CROWELL - Preachin' To The Choir,673.2197143561895,Eminem - 8 Mile,0.8769762457980983,Common - Book Of Life,0.8573360919159411,RODNEY CROWELL - Preachin' To The Choir,0.849360414465328,Twista - Overdose (Album Version),569.3920002358544,Twiztid - She Ain't Afraid,553.6878584430433,Eminem - 8 Mile,549.1850154856749,Twiztid - She Ain't Afraid,342.0892696728432,Twista - Overdose (Album Version),311.09004814883843,Ying Yang Twins - 1st Booty On Duty,299.118742575372,Twiztid - She Ain't Afraid,261.9760277666236,The Forces Of Evil - My Life,250.8591569805747,Insane Clown Posse - Fuck Off,236.13261302340587,Twiztid - She Ain't Afraid,0.44071994312826457,Twista - Overdose (Album Version),0.41507607373996636,OutKast - Mainstream,0.40690555126994965
TRBEBJO128C719646B,SORXHBR12AF72A5DA5,ARCBD0U1187FB466EF,Nelly,Splurge,hip hop,Lauryn Hill - Interlude 5,20757.0,Beastie Boys - B-Boy Bouillabaisse: A.W.O.L. (2009 Digital Remaster),16731.0,Twista - I'm A Winner (Amended Album Version),16494.0,Lauryn Hill - Interlude 5,19408.280000000144,Twista - I'm A Winner (Amended Album Version),15612.567499999985,Beastie Boys - B-Boy Bouillabaisse: A.W.O.L. (2009 Digital Remaster),15603.096250000162,Remy Ma - I'm,677.1389995500276,Kool Moe Dee - Bad Mutha,676.0989891424069,Clawfinger - Revenge,674.7525434626564,Remy Ma - I'm,0.8525079920543649,Kool Moe Dee - Bad Mutha,0.8516197674376584,Clawfinger - Revenge,0.849029887280976,Ying Yang Twins - 1st Booty On Duty,554.508260473084,DMX - Keep Your Shit The Hardest,547.3862716930713,Lauryn Hill - Interlude 5,523.0962250573971,Ying Yang Twins - 1st Booty On Duty,371.0681692500438,DMX - Keep Your Shit The Hardest,359.2102466144126,Juvenile - Around The Way [Explicit Album Version],331.85095929717613,Juvenile - Around The Way [Explicit Album Version],280.1615191317488,Levon Helm - Feelin' Good,264.92446465707536,DMX - Keep Your Shit The Hardest,247.43993672805473,Juvenile - Around The Way [Explicit Album Version],0.4393887957220053,DMX - Keep Your Shit The Hardest,0.40560889434023917,OutKast - Claimin' True,0.40305984849637805
TRMWYIH128E078DCA6,SOMTUPP12A6701FC38,ARCBD0U1187FB466EF,Nelly,St. Louie,hip hop,Lauryn Hill - Interlude 5,9575.0,Beastie Boys - B-Boy Bouillabaisse: A.W.O.L. (2009 Digital Remaster),7227.0,Twista - I'm A Winner (Amended Album Version),6326.0,Lauryn Hill - Interlude 5,8645.800000000061,Beastie Boys - B-Boy Bouillabaisse: A.W.O.L. (2009 Digital Remaster),6449.931250000008,Twista - I'm A Winner (Amended Album Version),5718.73750000003,Soulja Slim - From What I Was Told,538.2232391448995,DJ Quik - Safe + Sound,534.1679710915291,Blues Traveler - Run Around,530.2566479350597,Soulja Slim - From What I Was Told,0.6956358428070462,DJ Quik - Safe + Sound,0.6904687041916838,Blues Traveler - Run Around,0.6844385076896574,Beastie Boys - B-Boy Bouillabaisse: A.W.O.L. (2009 Digital Remaster),534.8903486283186,Twista - Overdose (Album Version),474.78761677941407,Lauryn Hill - Interlude 5,434.2084336606399,Twista - Overdose (Album Version),257.73611730379616,Young Jeezy - Still On It,256.19634040564677,Mos Def - The Easy Spell,249.04652078389793,The Replacements - Love You Till Friday,216.207002293778,Nelly - Wrap Sumden,215.1574363720692,Lloyd Banks - Just Another Day,214.6898127404695,Nelly - Wrap Sumden,0.3681128943298217,Soulja Slim - From What I Was Told,0.3672398899284653,Lloyd Banks - Just Another Day,0.36381581993370116
TRHXTHR128F145E864,SOTUHWK12A6310D7E5,ARCBD0U1187FB466EF,Nelly,Wrap Sumden,hip hop,Lauryn Hill - Interlude 5,7411.0,Beastie Boys - B-Boy Bouillabaisse: A.W.O.L. (2009 Digital Remaster),6648.0,Eminem - 8 Mile,5497.0,Lauryn Hill - Interlude 5,6719.160000000093,Beastie Boys - B-Boy Bouillabaisse: A.W.O.L. (2009 Digital Remaster),6069.430000000034,Nelly - Splurge,5105.489999999952,Remy Ma - I'm,666.440865125695,Beastie Boys - B-Boy Bouillabaisse: A.W.O.L. (2009 Digital Remaster),660.1592590439791,Lil Wyte - Ten Toes Tall,653.9768088235317,Remy Ma - I'm,0.8402796190115877,Beastie Boys - B-Boy Bouillabaisse: A.W.O.L. (2009 Digital Remaster),0.8376436529288706,Lil Wyte - Ten Toes Tall,0.8305199178109834,Twista - Overdose (Album Version),473.9995370575688,Ying Yang Twins - 1st Booty On Duty,429.12811671749176,Mobb Deep - Trife Life,418.2965562588697,Ying Yang Twins - 1st Booty On Duty,270.9581953774388,Twista - Overdose (Album Version),265.0933423358616,DMX - Bring Your Whole Crew,237.3430333245156,KMD - Contact Blitt,255.71862293092062,N.W.A. - The Dayz Of Wayback,236.3230944241008,Hieroglyphics - Shift Shape,232.93226609590369,KMD - Contact Blitt,0.41417907188059855,Mobb Deep - Trife Life,0.4066257782318278,The Pharcyde - Pack The Pipe,0.40483882745916683
TRQRAKE128F9322866,SOJQLHA12AB017F7D4,ARLGIX31187B9AE9A0,Jay-Z,Soon You'll Understand,hip hop,Lauryn Hill - Interlude 5,16833.0,Twista - I'm A Winner (Amended Album Version),14552.0,Erykah Badu - I Want You,11823.0,Lauryn Hill - Interlude 5,15670.11999999994,Twista - I'm A Winner (Amended Album Version),13792.02000000014,Erykah Badu - I Want You,11395.609999999986,Clawfinger - Revenge,653.8266923473844,Chely Wright - Between A Mother And A Child,650.1178606156316,Harry Belafonte - Angelina,641.3667925605673,Clawfinger - Revenge,0.8240500724231242,Chely Wright - Between A Mother And A Child,0.8209644768440513,Harry Belafonte - Angelina,0.8093392605993524,Lauryn Hill - Interlude 5,646.2360206841573,Eminem - 8 Mile,521.483258808581,Twista - Overdose (Album Version),505.04533442384513,Lauryn Hill - Interlude 5,279.8963158523884,Mobb Deep - Trife Life,231.30289091320947,Twista - Overdose (Album Version),228.08111276348978,Samantha Mumba - What's It Gonna Be,209.3585520088642,Will Smith - Momma Knows,205.6772384082094,The Pharcyde - Pack The Pipe,198.45701809006803,The Pharcyde - Pack The Pipe,0.38511114373547095,Lauryn Hill - Interlude 5,0.38093323217520064,Gang Starr - The Illest Brother,0.37059844259562064
TRCDAUA128E0784644,SOAZMZB12A6701D958,ARLGIX31187B9AE9A0,Jay-Z,Encore,hip hop,Lauryn Hill - Interlude 5,9611.0,Twista - I'm A Winner (Amended Album Version),8460.0,Erykah Badu - I Want You,6725.0,Lauryn Hill - Interlude 5,8810.600000000022,Twista - I'm A Winner (Amended Album Version),7936.912500000042,Erykah Badu - I Want You,6430.831249999941,Good Old War - Tell Me (Acoustic),652.5828434680806,Natasha Bedingfield - Stumble,646.0811666214554,Beastie Boys - So What'Cha Want (Butt Naked Version) (Explicit) (2009 Digital Remaster),645.5670142889586,Good Old War - Tell Me (Acoustic),0.8259639967078707,Beastie Boys - So What'Cha Want (Butt Naked Version) (Explicit) (2009 Digital Remaster),0.8162256778666267,Natasha Bedingfield - Stumble,0.8151545838093671,Twista - Overdose (Album Version),513.4109557142903,Lauryn Hill - Interlude 5,496.78758905569214,Beastie Boys - B-Boy Bouillabaisse: A.W.O.L. (2009 Digital Remaster),443.0986472444503,Twista - Overdose (Album Version),293.527713454281,Ying Yang Twins - 1st Booty On Duty,274.53150536705834,Onyx - Slam,254.10807239558233,Beastie Boys - Pass The Mic (Pt. 2_ Skills To Pay The Bills) (2009 Digital Remaster),243.88012890592296,A Tribe Called Quest - Peace_ Prosperity & Paper,237.45955715047464,Bone Thugs-N-Harmony - 9mm,231.63337576731655,Twista - Overdose (Album Version),0.4106762747919477,A Tribe Called Quest - Peace_ Prosperity & Paper,0.40758776342547987,Beastie Boys - Pass The Mic (Pt. 2_ Skills To Pay The Bills) (2009 Digital Remaster),0.39978285546543585
TRBCPZS128F145ECC1,SOOKDOU12D0219A1C0,ARCBD0U1187FB466EF,Nelly,Say Now,hip hop,Lauryn Hill - Interlude 5,7559.0,Michael Jackson - Man In The Mirror,6921.0,Fatboy Slim - The Rockafeller Skank,6009.0,Lauryn Hill - Interlude 5,6644.520000000001,Michael Jackson - Man In The Mirror,6136.98249999992,Fatboy Slim - The Rockafeller Skank,5611.40000000008,Bruce Hornsby and the Range - The Red Plains,484.895559161442,Blink-182 - Online Songs,484.7508621186825,Ini Kamoze - Here Comes The Hotstepper,477.0010077846146,Blink-182 - Online Songs,0.6237764408472842,Bruce Hornsby and the Range - The Red Plains,0.6185799010369691,Ini Kamoze - Here Comes The Hotstepper,0.6064342889763552,Michael Jackson - Man In The Mirror,537.6366216256878,Lauryn Hill - Interlude 5,496.8694938811651,Twista - Overdose (Album Version),452.8153253975559,Michael Jackson - Man In The Mirror,383.67448107348974,Fun Lovin' Criminals - Blues For Suckers,305.2334911284657,Tiziano Ferro - Universal Prayer,295.8245757050675,Sentidos Opuestos - Oh Na Na Na,337.1457564178057,Kayah - Dla Niego,334.6072034196924,Orla Fallon - An Mhaighdean Mhara,295.2579684938892,Tiziano Ferro - Universal Prayer,0.4171141906529641,Sentidos Opuestos - Oh Na Na Na,0.4139108990687238,Tim Armstrong - Take This City,0.4118609570578756
TRWFVOW128E0793847,SOZDHYB12A679D7E52,ARZER7I1187FB385AF,Dr. Dre,Been There Done That,hip hop,Lauryn Hill - Interlude 5,6947.0,Beastie Boys - B-Boy Bouillabaisse: A.W.O.L. (2009 Digital Remaster),5817.0,Michael Jackson - Man In The Mirror,5648.0,Lauryn Hill - Interlude 5,6172.360000000033,Beastie Boys - B-Boy Bouillabaisse: A.W.O.L. (2009 Digital Remaster),5169.186250000032,Michael Jackson - Man In The Mirror,4983.872500000069,Mobb Deep - Live Foul,558.5661213674232,Lost Boyz - Keep It Real,510.5282357184933,OutKast - Claimin' True,510.2905984955357,Mobb Deep - Live Foul,0.7168507480305717,Lost Boyz - Keep It Real,0.6613645872091801,Souls Of Mischief - Do You Want It?,0.6599652717296057,Beastie Boys - B-Boy Bouillabaisse: A.W.O.L. (2009 Digital Remaster),429.6251989410672,Twista - Overdose (Album Version),404.194416189885,DJ Quik - Safe + Sound,353.5113537665302,Eminem - If I Had,195.73636597251544,Three 6 Mafia - Who Run It,193.3699310216368,WWE John Cena and Tha Trademarc - Just Another Day,192.09541821385417,Bobby Bare - Marie Laveau,204.68057614468708,WWE John Cena and Tha Trademarc - Just Another Day,186.14599636793324,Eminem - If I Had,183.15759607918415,Gang Starr - The Illest Brother,0.34995690323750667,WWE John Cena and Tha Trademarc - Just Another Day,0.3399809291273504,Bobby Bare - Marie Laveau,0.3395500477647968
TRWZWOX128F935A084,SOTYTWT12A58A7BBEE,AR9LJ9D1187FB4303D,Sean Kingston,Magical,hip hop,Lauryn Hill - Interlude 5,5677.0,Stevie Wonder - All Day Sucker,5057.0,Brick & Lace - Love Is Wicked,5031.0,Lauryn Hill - Interlude 5,5062.4399999999805,Stevie Wonder - All Day Sucker,4844.910000000073,Brick & Lace - Love Is Wicked,4785.510000000028,Ben E. King - Supernatural Thing Part 1,565.4022202732438,Ladyhawke - Love Don't Live Here,551.2550701354079,Aretha Franklin - A Deeper Love,549.0747610919367,Ben E. King - Supernatural Thing Part 1,0.7159543389876427,Ladyhawke - Love Don't Live Here,0.6980204346348534,Aretha Franklin - A Deeper Love,0.6951663405273613,Lauryn Hill - Interlude 5,326.47665115114984,Beastie Boys - B-Boy Bouillabaisse: A.W.O.L. (2009 Digital Remaster),233.15067837450115,Eminem - 8 Mile,193.20322247395828,Lauryn Hill - Interlude 5,180.9967226229172,Babyface - I Love You Babe,156.40391408101675,Next - I Still Love You,139.31101771842427,Babyface - I Love You Babe,292.26334574387005,Dion - Can't We Be Sweethearts,266.48646504997316,Next - I Still Love You,257.1139670778823,Babyface - I Love You Babe,0.4020713423377804,Shai - Waiting For The Day,0.3791005863240237,Next - I Still Love You,0.37738772792479863
TRXGBGU128F935A092,SOGKYFP12AB0185ED3,AR9LJ9D1187FB4303D,Sean Kingston,Over,hip hop,Lauryn Hill - Interlude 5,6535.0,Beastie Boys - B-Boy Bouillabaisse: A.W.O.L. (2009 Digital Remaster),5407.0,Twista - I'm A Winner (Amended Album Version),5135.0,Lauryn Hill - Interlude 5,5848.679999999994,Beastie Boys - B-Boy Bouillabaisse: A.W.O.L. (2009 Digital Remaster),4833.046250000019,Twista - I'm A Winner (Amended Album Version),4686.467499999999,Marilyn Monroe - Do It Again,572.8308230919424,Albert Hammond Jr. - Bright Young Thing,562.6938356127284,Wall Of Voodoo - Do It Again,524.9999978185343,Marilyn Monroe - Do It Again,0.734288180086579,Albert Hammond Jr. - Bright Young Thing,0.7169261586694056,Marques Houston - Naked,0.6744386318958402,Beastie Boys - B-Boy Bouillabaisse: A.W.O.L. (2009 Digital Remaster),356.67081651684776,Lauryn Hill - Interlude 5,292.22198221970604,Murs - The Dance,256.7144054561367,Omarion - I'm Gon' Change,179.77017114165045,Jodeci - My Phone,169.10114840774798,Will Smith - Switch,167.2535356629977,João Gilberto - Ave Maria No Morro,229.90578195888924,Wall Of Voodoo - Do It Again,221.4714892921925,Omarion - I'm Gon' Change,210.4792385299807,Wall Of Voodoo - Do It Again,0.3328399713462856,Omarion - I'm Gon' Change,0.32742581375005714,Will Smith - Switch,0.3199370303302673
TRFKPZK128F935A08D,SOJHMSM12AB0185233,AR9LJ9D1187FB4303D,Sean Kingston,Wrap U Around Me,hip hop,Danity Kane - Hold Me Down (Album Version),6024.0,Five - That's What You Told Me,5223.0,Lauryn Hill - Interlude 5,5089.0,Danity Kane - Hold Me Down (Album Version),5768.250000000115,Five - That's What You Told Me,5011.500000000065,Lauryn Hill - Interlude 5,4537.000000000019,Diana Krall - Peel Me A Grape,559.5590934965538,Jill Scott - He Loves Me (Lyzel In E Flat),532.1154667715207,Jeff Buckley - Be Your Husband,513.2226924066233,Diana Krall - Peel Me A Grape,0.7042804296396256,Jill Scott - He Loves Me (Lyzel In E Flat),0.67081577954257,Jeff Buckley - Be Your Husband,0.6507598774277561,Prince - I Love U In Me ( LP Version),268.5280863389824,Lauryn Hill - Interlude 5,258.64637328189644,Michael Jackson - Man In The Mirror,222.3773267719123,Prince - I Love U In Me ( LP Version),182.5707702396842,R. Kelly - Chocolate Factory,165.42630197915435,Prince - Jack U Off (LP Version),160.76086821175514,Prince - Jack U Off (LP Version),261.31267792045514,John Lee Hooker - House Rent Boogie,260.12840956898197,Janet Jackson - Never Letchu Go,254.3049571287873,Prince - Jack U Off (LP Version),0.36007441766758524,Janet Jackson - Never Letchu Go,0.35982555765335034,John Lee Hooker - House Rent Boogie,0.35862532354552923
TRWVTDX128F931ECEF,SOUOEMP12A8C13866E,ARDDMYP1187B9B8AE4,M.I.A.,Paper Planes,hip hop,Lauryn Hill - Interlude 5,8072.0,Beastie Boys - B-Boy Bouillabaisse: A.W.O.L. (2009 Digital Remaster),7106.0,Twista - I'm A Winner (Amended Album Version),5644.0,Lauryn Hill - Interlude 5,7464.800000000007,Beastie Boys - B-Boy Bouillabaisse: A.W.O.L. (2009 Digital Remaster),6598.212500000078,Nelly - Splurge,5264.637500000065,Brand Nubian - All For One (Explicit) (2006 Remastered LP Version),614.4637926213533,Remy Ma - I'm,608.6477441976084,The Clash - I Fought The Law,597.4673162537579,Brand Nubian - All For One (Explicit) (2006 Remastered LP Version),0.776999349082176,Remy Ma - I'm,0.769496976440744,Big L - Lifestylez Ov Da Poor & Dangerous,0.7553429725110976,Beastie Boys - B-Boy Bouillabaisse: A.W.O.L. (2009 Digital Remaster),253.24546214729418,KMD - Plumskinzz (Loose Hoe_ God & Cupid),248.24231857414597,Twista - Overdose (Album Version),240.10681792090597,KMD - Plumskinzz (Loose Hoe_ God & Cupid),165.27566452877377,Clipse - Dirty Money,156.45590829486093,Three 6 Mafia - Who Run It,155.20479522740953,Plasmatics - Monkey Suit,223.91027789912567,Van Morrison - Just Like Greta,192.72596202038383,Elliot Minor - Electric High,190.5762866734817,KMD - Plumskinzz (Loose Hoe_ God & Cupid),0.30281707157227594,Plasmatics - Monkey Suit,0.30087560324504936,Van Morrison - Just Like Greta,0.2958102184045927
TRWTZGX128F149535F,SOQFNGB12A6D4FA61E,AR9RYZP1187FB36C6A,Thousand Foot Krutch,Set It Off,hip hop,Lauryn Hill - Interlude 5,5985.0,Beastie Boys - B-Boy Bouillabaisse: A.W.O.L. (2009 Digital Remaster),4891.0,Daft Punk - Touch It / Technologic,4576.0,Lauryn Hill - Interlude 5,5214.039999999968,Daft Punk - Touch It / Technologic,4271.701249999985,Beastie Boys - B-Boy Bouillabaisse: A.W.O.L. (2009 Digital Remaster),4246.263749999998,John Legend - Out Of Sight,511.58090993720606,Smif-n-Wessun - LET's GIT IT ON,498.73370984655327,Shannon McNally - Miracle Mile,494.64297929042266,John Legend - Out Of Sight,0.6575173470477002,Smif-n-Wessun - LET's GIT IT ON,0.6444180361569123,Organized Konfusion - Confrontations,0.640770187106105,Beastie Boys - B-Boy Bouillabaisse: A.W.O.L. (2009 Digital Remaster),467.24977970494945,Twista - Overdose (Album Version),356.57954192827026,Kurupt - It Ain't About You,304.75078679086965,Beastie Boys - B-Boy Bouillabaisse: A.W.O.L. (2009 Digital Remaster),237.00369276946324,Dilated Peoples - Expansion Team Theme,205.55918779298912,Twista - Overdose (Album Version),185.79604343957433,Jeru The Damaja - Physical Stamina,237.4448167198561,EPMD - Right Now,207.2375944664468,Dilated Peoples - Expansion Team Theme,195.24592788112696,Jeru The Damaja - Physical Stamina,0.3766092669640641,Beastie Boys - B-Boy Bouillabaisse: A.W.O.L. (2009 Digital Remaster),0.3599277696502224,EPMD - Right Now,0.340018640374285
TRCACEF128F42434D7,SOEFLLL12AF72A15EA,AR7NPRY1187B9ADE15,Ludacris,Ho,hip hop,Lauryn Hill - Interlude 5,4262.0,Big Bad Voodoo Daddy - Mambo Swing,3395.0,Beastie Boys - B-Boy Bouillabaisse: A.W.O.L. (2009 Digital Remaster),3224.0,Lauryn Hill - Interlude 5,3798.3200000000097,Big Bad Voodoo Daddy - Mambo Swing,3328.8499999999194,Twista - I'm A Winner (Amended Album Version),2874.9700000000144,Big Bad Voodoo Daddy - Mambo Swing,662.0376056172202,Gene Autry - Up On The House Top,532.664781022582,Nina Hagen - Live On Mars,341.1595605159267,Big Bad Voodoo Daddy - Mambo Swing,0.8286527685473251,Gene Autry - Up On The House Top,0.6742611420066916,Nina Hagen - Live On Mars,0.4323110927386168,Big Bad Voodoo Daddy - Mambo Swing,345.9327586687606,DMX - Keep Your Shit The Hardest,333.03127039630834,DMX - Bring Your Whole Crew,316.34596307794965,Big Bad Voodoo Daddy - Mambo Swing,321.8354838837004,Gene Autry - Up On The House Top,239.6501902229495,DMX - Keep Your Shit The Hardest,231.43207405496534,Big Bad Voodoo Daddy - Mambo Swing,393.6187910664488,Gene Autry - Up On The House Top,354.27059757849446,Nina Hagen - Live On Mars,305.2889985008414,Big Bad Voodoo Daddy - Mambo Swing,0.5067183426592576,Gene Autry - Up On The House Top,0.4654088964974745,Nina Hagen - Live On Mars,0.38622985084522315
TRCQNWN128F92EA07D,SOEARQO12AB017F7F0,ARVTAI41187B9B8B67,Wu-Tang Clan,The What,hip hop,Lauryn Hill - Interlude 5,5138.0,Twista - I'm A Winner (Amended Album Version),4480.0,Beastie Boys - B-Boy Bouillabaisse: A.W.O.L. (2009 Digital Remaster),4091.0,Lauryn Hill - Interlude 5,4569.440000000019,Twista - I'm A Winner (Amended Album Version),4108.427499999924,Beastie Boys - B-Boy Bouillabaisse: A.W.O.L. (2009 Digital Remaster),3615.5262499999776,Immortal Technique - That's What It Is,578.3796595091085,Aesop Rock - Mars Attacks,577.9936102808357,Cam'Ron - Bubble Music,574.7081601234487,Aesop Rock - Mars Attacks,0.7484972895490318,Immortal Technique - That's What It Is,0.7442728902025324,Cam'Ron - Bubble Music,0.7378569294732891,Ying Yang Twins - 1st Booty On Duty,503.9094125887411,Twista - Overdose (Album Version),486.49503365366246,Mobb Deep - Trife Life,449.2899799764471,Ying Yang Twins - 1st Booty On Duty,348.90162406889766,Three 6 Mafia - Who Run It,282.9152268459278,Twista - Overdose (Album Version),281.7652912503148,50 Cent - Rowdy Rowdy,302.63092935141844,Ying Yang Twins - 1st Booty On Duty,274.4928618951703,Busta Rhymes - We Got What You Want,274.23764949572103,50 Cent - Rowdy Rowdy,0.46742216470323783,Onyx - The Worst,0.45181110393000284,2Pac - Strictly 4 My N.I.G.G.A.Z.,0.4439715230399118
TRYHHXT128F4276F89,SOKMCHV12D02194FF6,AR23C041187FB4D534,50 Cent,Rowdy Rowdy,hip hop,Lauryn Hill - Interlude 5,6437.0,Beastie Boys - B-Boy Bouillabaisse: A.W.O.L. (2009 Digital Remaster),5453.0,Twista - I'm A Winner (Amended Album Version),5239.0,Lauryn Hill - Interlude 5,5726.76,Beastie Boys - B-Boy Bouillabaisse: A.W.O.L. (2009 Digital Remaster),4859.042500000004,Twista - I'm A Winner (Amended Album Version),4774.835000000054,Wu-Tang Clan - Da Mystery Of Chessboxin',634.4534472228759,Company Flow - The Fire In Which You Burn (feat. J-Treds & The Brewin From The Juggaknots),609.7706334894813,Def Squad - You Do_ I Do,609.253370994081,Wu-Tang Clan - Da Mystery Of Chessboxin',0.8092966735575772,Company Flow - The Fire In Which You Burn (feat. J-Treds & The Brewin From The Juggaknots),0.7825224390980428,Def Squad - You Do_ I Do,0.7775343206630656,DMX - Keep Your Shit The Hardest,631.2361109425407,DJ Quik - Safe + Sound,628.7484258935214,Eazy-E - Real Muthaphuckkin' G's,591.5682891219,DMX - Keep Your Shit The Hardest,453.6151841443502,DJ Quik - Safe + Sound,435.76110016509347,Eazy-E - Real Muthaphuckkin' G's,424.158040130255,G-Unit - I Don't Want To Talk About It,348.2559378899021,Eazy-E - Real Muthaphuckkin' G's,344.3093116621332,Soulja Slim - From What I Was Told,340.8153454536691,Soulja Slim - From What I Was Told,0.5149050984487225,Eazy-E - Real Muthaphuckkin' G's,0.5129386683653437,G-Unit - I Don't Want To Talk About It,0.5099434154693454
TRIGDUK128E0784045,SOFXFJC12A6310E2F1,ARZ5H0P1187B98A1DD,Snoop Dogg,Bang Out,hip hop,Lauryn Hill - Interlude 5,5629.0,Beastie Boys - B-Boy Bouillabaisse: A.W.O.L. (2009 Digital Remaster),5095.0,Twista - I'm A Winner (Amended Album Version),4948.0,Lauryn Hill - Interlude 5,4970.2800000000525,Beastie Boys - B-Boy Bouillabaisse: A.W.O.L. (2009 Digital Remaster),4544.1275000000005,Twista - I'm A Winner (Amended Album Version),4517.505000000068,Wu-Tang Clan - Uzi,522.9123324624749,Kool Keith - Clifton,515.9231579134315,Lil Wyte - Ten Toes Tall,515.8539715861497,Wu-Tang Clan - Uzi,0.6788064827768119,Lil Wyte - Ten Toes Tall,0.6691453207971828,Kool Keith - Clifton,0.6671982078043007,Ying Yang Twins - 1st Booty On Duty,579.7554700807657,Twista - Overdose (Album Version),511.7191366646259,Twista - No Remorse (Album Version),455.33444510252303,Ying Yang Twins - 1st Booty On Duty,447.57936890398094,Twista - Overdose (Album Version),337.1448175017011,Twista - No Remorse (Album Version),321.76154737278404,Ying Yang Twins - 1st Booty On Duty,307.73560646783375,N.W.A. - Arrested (Insert) (Explicit),292.38483237260004,Kurupt - Ho's A Housewife,278.64621152588967,Ying Yang Twins - 1st Booty On Duty,0.44702145978825764,Kurupt - Ho's A Housewife,0.4222220645091673,N.W.A. - Arrested (Insert) (Explicit),0.412742697423962
TRNVKOI128E0799173,SOIYRHZ12A67AD8126,ARZ5H0P1187B98A1DD,Snoop Dogg,Snoopafella (Edited),hip hop,Lauryn Hill - Interlude 5,15031.0,Beastie Boys - B-Boy Bouillabaisse: A.W.O.L. (2009 Digital Remaster),13137.0,Twista - I'm A Winner (Amended Album Version),11084.0,Lauryn Hill - Interlude 5,13750.36000000004,Beastie Boys - B-Boy Bouillabaisse: A.W.O.L. (2009 Digital Remaster),12066.030000000172,Twista - I'm A Winner (Amended Album Version),10247.060000000123,Us3 - Goodbye,689.2821924397618,King Tee - Act A Fool,688.5737017730529,Beastie Boys - B-Boy Bouillabaisse: A.W.O.L. (2009 Digital Remaster),684.3369085597116,Us3 - Goodbye,0.8702964194888465,King Tee - Act A Fool,0.8695694012122461,Beastie Boys - B-Boy Bouillabaisse: A.W.O.L. (2009 Digital Remaster),0.8650766272567033,Beastie Boys - B-Boy Bouillabaisse: A.W.O.L. (2009 Digital Remaster),732.9143327058462,Lauryn Hill - Interlude 5,681.0683421470001,Twista - Overdose (Album Version),588.43760077673,Beastie Boys - B-Boy Bouillabaisse: A.W.O.L. (2009 Digital Remaster),298.3676923595688,Redman - Soopaman Luva 3,289.69708252517364,Dar Williams - Mortal City,286.7990495594866,Adam Green - Bungee,244.96195111640424,Dar Williams - Mortal City,238.42428582103096,Redman - Soopaman Luva 3,236.1507849866476,Beastie Boys - B-Boy Bouillabaisse: A.W.O.L. (2009 Digital Remaster),0.4410044249983309,Redman - Soopaman Luva 3,0.4375548241144813,Dar Williams - Mortal City,0.43619531816474416
TRLVRJP128F93519FB,SOOENST12AC9E1344B,ARZYMH91187B99CEFC,Atmosphere,Hair,hip hop,Lauryn Hill - Interlude 5,10509.0,Beastie Boys - B-Boy Bouillabaisse: A.W.O.L. (2009 Digital Remaster),9207.0,Twista - I'm A Winner (Amended Album Version),7901.0,Lauryn Hill - Interlude 5,9432.600000000071,Beastie Boys - B-Boy Bouillabaisse: A.W.O.L. (2009 Digital Remaster),8306.831250000017,Twista - I'm A Winner (Amended Album Version),7197.537499999996,Eric B. & Rakim - What's On Your Mind,643.756286017863,Beastie Boys - B-Boy Bouillabaisse: A.W.O.L. (2009 Digital Remaster),640.1264347559436,Example - Birthday Card,636.218409690543,Eric B. & Rakim - What's On Your Mind,0.818815366805303,Beastie Boys - B-Boy Bouillabaisse: A.W.O.L. (2009 Digital Remaster),0.8161024490747625,Example - Birthday Card,0.8084758026197649,Lauryn Hill - Interlude 5,616.1442595917337,Beastie Boys - B-Boy Bouillabaisse: A.W.O.L. (2009 Digital Remaster),560.5686076981954,Eminem - 8 Mile,536.2024520778019,Lauryn Hill - Interlude 5,214.53645464708794,Eminem - 8 Mile,212.65409862476812,Javier - Slow Motion,208.69579012435344,Reel Big Fish - She's Famous Now,222.47654151193268,Chicago - Caroline (Album Version),220.55348541065885,John Legend - I Can Change,217.62386149384065,Chicago - Caroline (Album Version),0.3854716359191622,John Legend - I Can Change,0.3839130484619704,Lauryn Hill - Interlude 5,0.3829813479899179
TRBZXAC12903CBB0CE,SOHAYPC12A6D4FB7A7,ARZYMH91187B99CEFC,Atmosphere,Happymess,hip hop,Lauryn Hill - Interlude 5,10649.0,Beastie Boys - B-Boy Bouillabaisse: A.W.O.L. (2009 Digital Remaster),8009.0,Twista - I'm A Winner (Amended Album Version),7264.0,Lauryn Hill - Interlude 5,9844.920000000058,Beastie Boys - B-Boy Bouillabaisse: A.W.O.L. (2009 Digital Remaster),7336.566250000123,Twista - I'm A Winner (Amended Album Version),6738.5075000000425,Murs - You & I,650.4651391356695,Kool Moe Dee - Bad Mutha,645.3847407529325,Remy Ma - I'm,641.3860019007391,Murs - You & I,0.824366035372372,Kool Moe Dee - Bad Mutha,0.8177630584938008,King Tee - Guitar Playin',0.812877151116447,Lauryn Hill - Interlude 5,458.497633039977,Beastie Boys - B-Boy Bouillabaisse: A.W.O.L. (2009 Digital Remaster),360.7406267158168,Eminem - My Darling,319.80591011784895,Lauryn Hill - Interlude 5,192.3995075630719,Clipse - Dirty Money,163.36392158133125,Amber Pacific - The Right to Write Me Off,149.1637746806171,Amber Pacific - The Right to Write Me Off,204.7205344853771,Psapp - I Want That,182.8144786083635,Kelly Clarkson - Cry,182.73766443768065,Lauryn Hill - Interlude 5,0.34728833197466,Amber Pacific - The Right to Write Me Off,0.33792002274008925,Example - Birthday Card,0.3205353032997296
TRUNSXQ128E078B97D,SOALPQQ12A6701F302,ARN0YZ71187B9BA57B,Michael Bublé,Put Your Head On My Shoulder (Album Version),jazz,Lauryn Hill - Interlude 5,2939.0,Danity Kane - Hold Me Down (Album Version),2498.0,Five - That's What You Told Me,2452.0,Lauryn Hill - Interlude 5,2655.6399999999994,Danity Kane - Hold Me Down (Album Version),2366.7150000000083,Five - That's What You Told Me,2343.429999999988,Brownstone - Kiss And Tell,548.5419574992545,Wang Chung - Hypnotize Me,542.2739660483585,Sharon Jones & The Dap-Kings - Tell Me,537.4747516900405,Brownstone - Kiss And Tell,0.6976633312578044,Wang Chung - Hypnotize Me,0.6897901908854601,Sharon Jones & The Dap-Kings - Tell Me,0.6810213726814099,Lauryn Hill - Interlude 5,148.24382585511935,Binary Star - Indy 500,135.3641633897413,Twista - Overdose (Album Version),124.33863924889792,Luther Vandross - I Can Make It Better,84.13224600994486,Binary Star - Indy 500,81.88250596793964,LL Cool J - Lollipop,81.80208191066123,The Spencer Davis Group - I Can't Stand It,216.58518471094013,Jesse Johnson - Love Struck,207.34609647534995,Eddy Grant - Can't Get Enough Of You,200.555506554689,Jesse Johnson - Love Struck,0.30542687421315967,Eddy Grant - Can't Get Enough Of You,0.29842913286444517,The Spencer Davis Group - I Can't Stand It,0.29738054296489475
TRFUJLG128F4255312,SOELKTY12A8C135CCC,ARN0YZ71187B9BA57B,Michael Bublé,Stuck In The Middle With You (Non-Album Track),jazz,Lauryn Hill - Interlude 5,6146.0,Twista - I'm A Winner (Amended Album Version),5387.0,Beastie Boys - B-Boy Bouillabaisse: A.W.O.L. (2009 Digital Remaster),5357.0,Lauryn Hill - Interlude 5,5687.84000000006,Twista - I'm A Winner (Amended Album Version),5087.57749999993,Beastie Boys - B-Boy Bouillabaisse: A.W.O.L. (2009 Digital Remaster),4973.851249999991,Mac Lethal - Rotten Apple Pie,664.0685274363844,A Tribe Called Quest - Hot Sex,659.6007600919687,Remy Ma - I'm,649.027663288671,Mac Lethal - Rotten Apple Pie,0.837945199176861,A Tribe Called Quest - Hot Sex,0.8326642603915566,Remy Ma - I'm,0.819070083963102,Lauryn Hill - Interlude 5,232.0187279801933,Beastie Boys - B-Boy Bouillabaisse: A.W.O.L. (2009 Digital Remaster),204.1596877636303,N-Dubz - Feva Las Vegas,203.44014884724828,Marvin Sease - Stuck In The Middle,140.10853139464888,N-Dubz - Feva Las Vegas,136.77260577082907,Westbound Train - When I Die,131.74130952100438,Westbound Train - When I Die,264.09660923292535,Albert Hammond Jr - G Up,244.300475181941,Marvin Sease - Stuck In The Middle,240.8467302696394,Westbound Train - When I Die,0.38754610705228604,Marvin Sease - Stuck In The Middle,0.3500719783044121,Albert Hammond Jr - G Up,0.3480347550559234
TRQPMHA128E078B979,SOSHDEL12A6701F300,ARN0YZ71187B9BA57B,Michael Bublé,You'll Never Find Another Love Like Mine (Album Version),jazz,Lauryn Hill - Interlude 5,8846.0,Twista - I'm A Winner (Amended Album Version),8012.0,Eminem - My Darling,6826.0,Lauryn Hill - Interlude 5,8205.680000000031,Twista - I'm A Winner (Amended Album Version),7593.529999999992,Eminem - My Darling,6434.065000000012,Brett Dennen - When She's Gone,592.3631696836399,Paul Anka - You Are My Destiny,580.7870247198217,Phyllis Hyman - Falling Star,579.8593904335352,Brett Dennen - When She's Gone,0.7457744617225673,Phyllis Hyman - Falling Star,0.7317463099137409,Paul Anka - You Are My Destiny,0.7307450668572184,Janis Joplin - Kozmic Blues,270.86104712870116,Lauryn Hill - Interlude 5,253.18215131773056,Everything But The Girl - Love Is Strange,247.75106596047058,Everything But The Girl - Love Is Strange,221.94448052333283,Janis Joplin - Kozmic Blues,209.5563439676384,Dusty Springfield - Some Of Your Lovin',176.1709686518286,Everything But The Girl - Love Is Strange,336.05408168354637,Dusty Springfield - Some Of Your Lovin',292.79837430845,Gene Vincent - Lotta Lovin',282.55776737844064,Everything But The Girl - Love Is Strange,0.44628072936220536,Dusty Springfield - Some Of Your Lovin',0.3973323321335875,Gene Vincent - Lotta Lovin',0.37922845577009395
TRZPSAF128F9349767,SOLOQYJ12AB0188A53,AR20CFC1187B98A25D,Ray Charles,Kiss me baby,jazz,Danity Kane - Hold Me Down (Album Version),2766.0,Lauryn Hill - Interlude 5,2715.0,Five - That's What You Told Me,2651.0,Danity Kane - Hold Me Down (Album Version),2614.254999999976,Five - That's What You Told Me,2525.509999999992,Lauryn Hill - Interlude 5,2387.479999999999,Aretha Franklin - All Night Long,530.7072329179031,Bo Diddley - I'm Looking For A Woman,493.0527164773226,Slim Harpo - Late Last Night,490.9555259597452,Aretha Franklin - All Night Long,0.6717406806374625,Bo Diddley - I'm Looking For A Woman,0.6271205255021244,Slim Harpo - Late Last Night,0.6246459926082454,Beastie Boys - B-Boy Bouillabaisse: A.W.O.L. (2009 Digital Remaster),157.41910180732702,Jay-Z - So Ghetto,117.51155860042907,Lauryn Hill - Interlude 5,115.13319182420759,Colin James - Sit Right Here,93.75087545402926,The Jeff Healey Band - How Long Can A Man Be Strong,89.39168127780809,Ray Charles - Don't You Know,89.33954323500454,Ray Charles - Don't You Know,270.2417621030085,Colin James - Sit Right Here,254.53390589077958,Bo Diddley - I'm Looking For A Woman,247.64431221389498,Ray Charles - Don't You Know,0.3704057058398399,Colin James - Sit Right Here,0.3548686350946076,Bo Diddley - I'm Looking For A Woman,0.3423484893996136
TRAEPAC12903CE5DC8,SOELRRQ12AB0188C34,AR20CFC1187B98A25D,Ray Charles,Let's Go,jazz,Lauryn Hill - Interlude 5,4629.0,Twista - I'm A Winner (Amended Album Version),4033.0,Danity Kane - Hold Me Down (Album Version),3503.0,Lauryn Hill - Interlude 5,4367.720000000036,Twista - I'm A Winner (Amended Album Version),3862.24499999996,Danity Kane - Hold Me Down (Album Version),3381.944999999988,Hilary Duff - Play With Fire,668.5145190896593,Leon Jackson - You Don't Know Me,654.918054937551,Harry Connick_ Jr. - You Don't Know Me,653.8940977831242,Hilary Duff - Play With Fire,0.8396840181999419,Leon Jackson - You Don't Know Me,0.8233483257866896,Harry Connick_ Jr. - You Don't Know Me,0.8221095552280268,Beastie Boys - B-Boy Bouillabaisse: A.W.O.L. (2009 Digital Remaster),122.96690931163815,Lauryn Hill - Interlude 5,113.03421836070298,Eminem - My Darling,108.58727560211658,JLS - Beat Again,78.97410000274768,Spice Girls - Ain't No Stopping Us Now,73.15713934613608,Kat DeLuna - Run The Show,67.8905273877475,Steely Dan - Don't Let Me In,282.2340299600127,Stevie Wonder - If You Really Love Me,270.02575708970255,The Planet Smashers - Police The Nation,249.05792204291077,Steely Dan - Don't Let Me In,0.3855359845938114,Stevie Wonder - If You Really Love Me,0.37246481009344756,JLS - Beat Again,0.3483956121309202
TRMJMVW12903CD44F4,SOZKIGX12D021902C2,AR20CFC1187B98A25D,Ray Charles,Moon Over Miami,jazz,Lauryn Hill - Interlude 5,628.0,Vanilla Ice - It's A Party,436.0,Beastie Boys - B-Boy Bouillabaisse: A.W.O.L. (2009 Digital Remaster),412.0,Lauryn Hill - Interlude 5,526.8000000000018,Vanilla Ice - It's A Party,389.66249999999616,The Prodigy - We Gonna Rock,363.10000000000105,Diana Krall - Charmed Life,352.4903345612058,Dragonforce - Heart of a Dragon,349.5122905481397,Chaka Khan - Lullaby Of Birdland,339.39735522781393,Diana Krall - Charmed Life,0.4655051307245378,Dragonforce - Heart of a Dragon,0.4597895731885437,Chaka Khan - Lullaby Of Birdland,0.4506809052085299,The Streets - Weak Become Heroes,94.07435492805853,Ella Fitzgerald - How High The Moon,84.62905631850757,Beastie Boys - B-Boy Bouillabaisse: A.W.O.L. (2009 Digital Remaster),74.21078124469918,Ella Fitzgerald - How High The Moon,75.28488345618521,The Streets - Weak Become Heroes,63.91095061822397,Ella Fitzgerald - Russian Lullaby,56.248713344226935,Ella Fitzgerald - How High The Moon,266.9210903168327,Ella Fitzgerald - Russian Lullaby,245.66149501373152,Way Out West - The Gift,230.8921438632593,Ella Fitzgerald - How High The Moon,0.36000752574789635,Ella Fitzgerald - Russian Lullaby,0.3302691545800409,Erin McKeown - Paper Moon,0.2998663782212259
TRBXTYM128F930793B,SOAAYTO12D021B0A4B,AREIN101187FB5A5FA,Nat King Cole,Hit That Jive Jack,jazz,Lauryn Hill - Interlude 5,5170.0,Beastie Boys - B-Boy Bouillabaisse: A.W.O.L. (2009 Digital Remaster),4761.0,Michael Jackson - Man In The Mirror,4288.0,Lauryn Hill - Interlude 5,4717.35999999995,Beastie Boys - B-Boy Bouillabaisse: A.W.O.L. (2009 Digital Remaster),4382.4675000000325,Twista - I'm A Winner (Amended Album Version),3974.184999999927,N-Dubz - Sex,520.285099257859,Juvenile - Around The Way [Explicit Album Version],518.2745164568872,Onyx - The Worst,516.9968598465799,N-Dubz - Sex,0.6640112241959808,Juvenile - Around The Way [Explicit Album Version],0.6616251667757008,Onyx - The Worst,0.6597749337002387,The Simpsons - Do The Bartman,190.48518127640062,Twiztid - She Ain't Afraid,176.54215565240588,Twista - Get It How You Live  (Explicit Chopped & Screwed Version),167.90578270448157,Mississippi Fred McDowell - Shake 'Em On Down,143.80170434831342,Nivea - Indian Dance,142.62642984310003,The Simpsons - Do The Bartman,140.6781866729259,Sam Cooke - Shake,229.6760699081423,Tommy Johnson - Big Fat Mama Blues,222.8351383616591,Mississippi Fred McDowell - Shake 'Em On Down,220.04518222972675,Sam Cooke - Shake,0.31519848869596817,Nivea - Indian Dance,0.3059154032334079,Tommy Johnson - Big Fat Mama Blues,0.30311225771656614
TRFORZM12903CDF88C,SODTNSX12D021979B9,AREIN101187FB5A5FA,Nat King Cole,The Christmas Song,jazz,Lauryn Hill - Interlude 5,1674.0,Beastie Boys - B-Boy Bouillabaisse: A.W.O.L. (2009 Digital Remaster),1136.0,Michael Jackson - Man In The Mirror,944.0,Lauryn Hill - Interlude 5,1519.43999999999,Beastie Boys - B-Boy Bouillabaisse: A.W.O.L. (2009 Digital Remaster),1006.7450000000056,Michael Jackson - Man In The Mirror,811.4900000000015,Billy Gilman - The Christmas Song,759.7614120004165,Gang Starr - Just To Get A Rep,486.9463469958986,Matisyahu - Close My Eyes,476.0856776145238,Billy Gilman - The Christmas Song,0.9522158241939748,Gang Starr - Just To Get A Rep,0.6323971716269889,Matisyahu - Close My Eyes,0.6182285620531937,Lauryn Hill - Interlude 5,140.55452283788892,Billy Gilman - The Christmas Song,119.47036806497667,Matisyahu - Close My Eyes,107.62864370853353,Billy Gilman - The Christmas Song,113.06551006182329,Lauryn Hill - Interlude 5,72.31494458190855,Matisyahu - Close My Eyes,68.9991567062775,Billy Gilman - The Christmas Song,761.9569479663799,Seth Lakeman - The Colliers,200.46398821531193,Selena Gomez & The Scene - Tell Me Something I Don't Know,194.47603258803852,Billy Gilman - The Christmas Song,0.9548660651850566,Seth Lakeman - The Colliers,0.2931903874368353,Selena Gomez & The Scene - Tell Me Something I Don't Know,0.2849800875057951
TREMJFY12903CF1630,SOMTUNZ12D021B236A,AREIN101187FB5A5FA,Nat King Cole,Too Young,jazz,Lauryn Hill - Interlude 5,1400.0,Beastie Boys - B-Boy Bouillabaisse: A.W.O.L. (2009 Digital Remaster),806.0,Binary Star - Indy 500,714.0,Lauryn Hill - Interlude 5,1216.0000000000132,Beastie Boys - B-Boy Bouillabaisse: A.W.O.L. (2009 Digital Remaster),652.1249999999975,Binary Star - Indy 500,622.8750000000106,Dan Hartman - We Are The Young,415.0678782823588,Carole King - We Are All In This Together,408.16890903260327,Thought Riot - Save The Humans,385.2607192900313,Dan Hartman - We Are The Young,0.5324500101412878,Carole King - We Are All In This Together,0.5321206915650755,Thought Riot - Save The Humans,0.5051737784923711,Beastie Boys - B-Boy Bouillabaisse: A.W.O.L. (2009 Digital Remaster),137.3838143170771,Lauryn Hill - Interlude 5,133.62233500680802,Savatage - The Hourglass,124.26658682397971,The Partridge Family - It's You,88.23203405705509,Maroon 5 - Nothing Lasts Forever,81.3614618372345,G-Unit - Beg For Mercy,75.58150568030135,The Partridge Family - It's You,272.48766573599266,Donny Hathaway - To Be Young_ Gifted And Black (LP Version),261.51621688027274,The Sundays - My Finest Hour,214.9657428697832,The Partridge Family - It's You,0.3703477402599053,Donny Hathaway - To Be Young_ Gifted And Black (LP Version),0.3548767697506141,The Sundays - My Finest Hour,0.30553763815636464
TRKBPHV128F92E3B2D,SOBHTSP12D021B0A27,AREIN101187FB5A5FA,Nat King Cole,Unforgettable,jazz,Lauryn Hill - Interlude 5,1899.0,Michael Jackson - Man In The Mirror,1525.0,The Pharcyde - Otha Fish,1354.0,Lauryn Hill - Interlude 5,1722.3600000000167,Michael Jackson - Man In The Mirror,1373.560000000003,The Pharcyde - Otha Fish,1262.199999999984,Dilated Peoples - Clockwork,465.539800216826,Johnny Mathis - The Windmills Of Your Mind,452.6116474672973,Michael Bublé - That's All (Album Version),450.52042370957537,Dilated Peoples - Clockwork,0.6016092411518471,Johnny Mathis - The Windmills Of Your Mind,0.5822395834631303,Joe Nichols - Another Side Of You,0.5797494446083384,Lauryn Hill - Interlude 5,119.68201383766205,Eminem - My Darling,112.92803816313604,Beastie Boys - B-Boy Bouillabaisse: A.W.O.L. (2009 Digital Remaster),111.10119720601219,Will.I.Am - The Traveling Song,80.43322500912214,Mutya Buena - It's Not Easy,74.46999808056702,Whitney Houston - You Give Good Love,71.72432827197689,Lloyd Price - Just Because,228.78191390055684,Nat King Cole - The Very Thought Of You,223.7398998846512,Whitney Houston - You Give Good Love,217.6611341401866,Lloyd Price - Just Because,0.3191161754863027,Nat King Cole - The Very Thought Of You,0.3125682714754412,Whitney Houston - You Give Good Love,0.3071044801976042
TRHYGVQ12903D046A9,SOEPFCI12AC46877AA,AREIN101187FB5A5FA,Nat King Cole,Autumn Leaves,jazz,Lauryn Hill - Interlude 5,1572.0,Beastie Boys - B-Boy Bouillabaisse: A.W.O.L. (2009 Digital Remaster),1120.0,Twista - I'm A Winner (Amended Album Version),1070.0,Lauryn Hill - Interlude 5,1399.0399999999909,Beastie Boys - B-Boy Bouillabaisse: A.W.O.L. (2009 Digital Remaster),975.3575000000018,Eminem - My Darling,957.1325000000072,Dawn of Relic - The Awakening,468.9712187617196,Dusty Springfield - Meditation,446.7739035541846,Snog - Into The Light,440.846231099682,Dawn of Relic - The Awakening,0.6035304042203067,Dusty Springfield - Meditation,0.5788828223712844,311 - Firewater,0.5754381238653518,Eminem - My Darling,108.47024713859909,Beastie Boys - B-Boy Bouillabaisse: A.W.O.L. (2009 Digital Remaster),106.83382730569578,Lauryn Hill - Interlude 5,106.25613969983966,Anatomy Of A Ghost - Last Transmission,63.87488047136393,Ms. Dynamite - Back Then,60.08566471675268,Bob Dylan - Ballad In Plain D,57.35458787710756,Stevie Wonder - Stay Gold,192.5908147759245,Kotipelto - Evening's Fall,180.39176925216486,Steven Delopoulos - Seasons,178.18587288570086,Stevie Wonder - Stay Gold,0.28372341563579523,Kotipelto - Evening's Fall,0.27276917107329096,Katie Melua - All In My Head,0.269477794761316
TRWIGSY128F92FE6B6,SOHZWJK12AB017DCF8,AREIN101187FB5A5FA,Nat King Cole,Love Is A Many Splendored Thing,jazz,Lauryn Hill - Interlude 5,1247.0,Michael Jackson - Man In The Mirror,1090.0,Beastie Boys - B-Boy Bouillabaisse: A.W.O.L. (2009 Digital Remaster),1004.0,Lauryn Hill - Interlude 5,1068.5200000000143,Michael Jackson - Man In The Mirror,936.982499999997,Beastie Boys - B-Boy Bouillabaisse: A.W.O.L. (2009 Digital Remaster),854.7412499999923,Marvin Gaye - That's The Way Love Is,456.39260306625954,Bette Midler - The Rose,454.6793100883153,Giuliano Palma & The Bluebeaters - Somewhere In My Heart,444.23617627626174,Bette Midler - The Rose,0.5853694070049635,Marvin Gaye - That's The Way Love Is,0.5849201282374121,Giuliano Palma & The Bluebeaters - Somewhere In My Heart,0.575161050162068,Beastie Boys - B-Boy Bouillabaisse: A.W.O.L. (2009 Digital Remaster),134.9727794333725,Recoil - Curse,108.19392764540055,Momus - Closer To You,100.76816140387774,Shaggy - Luv Me Up,66.83983842712068,Other Two - One Last Kiss,65.52584410640632,Lisa Stansfield - Time To Make You Mine,64.15448957107733,Pnau - Lover,221.56173434115792,J.J. Cale - Humdinger,201.6000421382157,John Denver - For You,196.8034546066093,Pnau - Lover,0.29652649480468934,John Denver - For You,0.2820733998434845,Blu Cantrell - Holding On To Love,0.27790565008267726
TRHEGPE128F9311A85,SOHHACX12AB0181443,AREIN101187FB5A5FA,Nat King Cole,Smoke Gets in Your Eyes,jazz,Beastie Boys - B-Boy Bouillabaisse: A.W.O.L. (2009 Digital Remaster),1997.0,Lauryn Hill - Interlude 5,1906.0,Twista - I'm A Winner (Amended Album Version),1771.0,Beastie Boys - B-Boy Bouillabaisse: A.W.O.L. (2009 Digital Remaster),1810.8112499999795,Lauryn Hill - Interlude 5,1683.3599999999835,Twista - I'm A Winner (Amended Album Version),1625.4974999999658,Bryan Ferry - Smoke Gets In Your Eyes,767.9047752764561,Frenzal Rhomb - I Love Fucking Up,559.2581357816921,Patsy Cline - I Love You Honey,555.2850489474761,Bryan Ferry - Smoke Gets In Your Eyes,0.9615489344015546,Frenzal Rhomb - I Love Fucking Up,0.7078443967508355,Patsy Cline - I Love You Honey,0.702430049446232,Bryan Ferry - Smoke Gets In Your Eyes,211.53018990585545,Lauryn Hill - Interlude 5,146.1500272354245,Eminem - My Darling,127.78191235266814,Bryan Ferry - Smoke Gets In Your Eyes,200.2537382679046,David Ball - Blowin' Smoke,77.9936577491316,Le Tigre - This Island,77.85375297577782,Bryan Ferry - Smoke Gets In Your Eyes,755.6473101204024,Alison Krauss / Union Station - Find My Way Back To My Heart,204.67063046771673,The Adicts - It's A Laugh,201.2904957927438,Bryan Ferry - Smoke Gets In Your Eyes,0.9473557804305535,Alison Krauss / Union Station - Find My Way Back To My Heart,0.3073973886320074,Leigh Nash - I've Gotta See You Smile,0.2759102154438125
TRWZCIQ12903C97881,SOKLXSK12A58A7C3DA,AREIN101187FB5A5FA,Nat King Cole,If You Can't Smile And Say Yes,jazz,Lauryn Hill - Interlude 5,3250.0,R. Kelly - Don't You Say No,2375.0,Beastie Boys - B-Boy Bouillabaisse: A.W.O.L. (2009 Digital Remaster),2150.0,Lauryn Hill - Interlude 5,2996.0799999999704,R. Kelly - Don't You Say No,2290.3025000000093,Eminem - My Darling,1973.5774999999924,R. Kelly - Don't You Say No,593.6520241013454,Kelly Price - Don't Say Goodbye,534.3134310801566,A Tribe Called Quest - Rap Promoter,517.5531321169046,R. Kelly - Don't You Say No,0.7486364422954158,Kelly Price - Don't Say Goodbye,0.6800893517252719,A Tribe Called Quest - Rap Promoter,0.6610104303769662,Lauryn Hill - Interlude 5,136.58115404504608,Atmosphere - Hair,125.90272306384962,Usher - Love Was Here,101.35767287499024,Róisín Murphy - Cry Baby,85.79614440270483,Usher - Love Was Here,80.33967618094977,Atmosphere - Hair,77.8313446960475,Róisín Murphy - Cry Baby,251.4498363538324,Melody Club - Golden Day,228.43585183359173,Albert Hammond Jr - G Up,227.16199703883825,Róisín Murphy - Cry Baby,0.3496488683673866,Albert Hammond Jr - G Up,0.3186742712576989,Fats Domino - Every Night About This Time,0.3136748918696349
TREENNZ128F145B67D,SOALXFE12A6D4F78B0,AREIN101187FB5A5FA,Nat King Cole,She's Funny That Way,jazz,Lauryn Hill - Interlude 5,3712.0,Beastie Boys - B-Boy Bouillabaisse: A.W.O.L. (2009 Digital Remaster),3221.0,Eminem - My Darling,3085.0,Lauryn Hill - Interlude 5,3424.9599999999814,Beastie Boys - B-Boy Bouillabaisse: A.W.O.L. (2009 Digital Remaster),2980.9550000000154,Eminem - My Darling,2909.3050000000344,Guy Clark - I Don't Love You Much Do I (2007 Remastered LP Version),649.5015788527644,Keyshia Cole - I Changed My Mind,635.7739414486381,Anastacia - Club Megamix,613.0086767414793,Guy Clark - I Don't Love You Much Do I (2007 Remastered LP Version),0.8169047955167411,Keyshia Cole - I Changed My Mind,0.8020789901428723,Anastacia - Club Megamix,0.7754714430742043,Natalie Cole - Your Eyes,135.76900224601647,Beastie Boys - B-Boy Bouillabaisse: A.W.O.L. (2009 Digital Remaster),127.20461998967912,Lauryn Hill - Interlude 5,117.77556314388748,Natalie Cole - Your Eyes,113.65753611121904,Charlie Wilson - What You Do To Me,86.08894982898445,Louise - One Kiss From Heaven,83.81805742434106,Charlie Wilson - What You Do To Me,260.92724815153707,Royksopp - Miss It So Much,254.1249581816919,Natalie Cole - Your Eyes,249.60769439898795,Charlie Wilson - What You Do To Me,0.37540446642966835,Natalie Cole - Your Eyes,0.35136353677287796,Luther Vandross - Never Too Much,0.34473907904164586
TRVUYIL128F4275FAD,SOCKFLV12A8C133605,AREIN101187FB5A5FA,Nat King Cole,The Ruby And The Pearl (2003 Digital Remaster),jazz,Lauryn Hill - Interlude 5,2218.0,Beastie Boys - B-Boy Bouillabaisse: A.W.O.L. (2009 Digital Remaster),1625.0,Dilated Peoples - Expansion Team Theme,1563.0,Lauryn Hill - Interlude 5,2019.279999999968,Dilated Peoples - Expansion Team Theme,1490.235000000059,Beastie Boys - B-Boy Bouillabaisse: A.W.O.L. (2009 Digital Remaster),1458.8150000000255,Dilated Peoples - Expansion Team Theme,505.9683482330543,Patricia Barber - Phaeton,459.6317926193266,Snog - Into The Light,455.8332347691552,Dilated Peoples - Expansion Team Theme,0.6430775696660427,Patricia Barber - Phaeton,0.5877345201340949,Snog - Into The Light,0.5832268370598154,Beastie Boys - B-Boy Bouillabaisse: A.W.O.L. (2009 Digital Remaster),89.62135042658404,Paul Anka - Love Me Warm And Tender,84.87687021965766,Jamie Foxx - Warm Bed,83.55263095432842,Paul Anka - Love Me Warm And Tender,75.66958788300188,Jamie Foxx - Warm Bed,65.42302646335858,Lonestar - Summertime,58.31363599348375,Paul Anka - Love Me Warm And Tender,263.90656387935815,The Gathering - Nighttime Birds,256.54002450436934,Lonestar - Summertime,213.1600347849646,Paul Anka - Love Me Warm And Tender,0.35571320494710923,The Gathering - Nighttime Birds,0.33750823863195634,Lonestar - Summertime,0.29708746037679234
TRHOXSK128F145C9F9,SOLCRAY12A6D4F6095,AREIN101187FB5A5FA,Nat King Cole,The Very Thought Of You,jazz,Lauryn Hill - Interlude 5,3398.0,Twista - I'm A Winner (Amended Album Version),2878.0,Beastie Boys - B-Boy Bouillabaisse: A.W.O.L. (2009 Digital Remaster),2441.0,Lauryn Hill - Interlude 5,3149.600000000009,Twista - I'm A Winner (Amended Album Version),2715.6624999999635,Life Without Buildings - New Town,2281.8937500000093,Boyz II Men - Amazed,588.0177950197344,7L & Esoteric - Boxcutter Rap,575.7970869098507,Marissa Nadler - Famous Blue Raincoat,567.0883276192553,Boyz II Men - Amazed,0.7446471259315678,7L & Esoteric - Boxcutter Rap,0.7308070669318518,Marissa Nadler - Famous Blue Raincoat,0.7208331122794644,Beastie Boys - B-Boy Bouillabaisse: A.W.O.L. (2009 Digital Remaster),136.8722820983953,Lauryn Hill - Interlude 5,117.61888041043052,Savatage - The Hourglass,111.74644994799203,Heaven 17 - We're Going To Live For A Very Long Time (2006 Digital Remaster),78.36488195643805,Willie Nelson - A Moment Isn't Very Long,76.95794704210101,Paul Potts - Caruso,71.94621047488967,Willie Nelson - A Moment Isn't Very Long,235.6061335424339,Nat King Cole - Unforgettable,223.7398998846512,Dusty Springfield - Meditation,217.06605870173078,Willie Nelson - A Moment Isn't Very Long,0.32934179795329754,Dusty Springfield - Meditation,0.31675302517399156,Nat King Cole - Unforgettable,0.3125682714754412
TRETXLU12903CD5688,SOIMSGC12D02198A5A,ARRL2QH1187B9AC814,Bing Crosby,Rudolph The Red-Nosed Reindeer,jazz,Lauryn Hill - Interlude 5,3806.0,Twista - I'm A Winner (Amended Album Version),2567.0,Beastie Boys - B-Boy Bouillabaisse: A.W.O.L. (2009 Digital Remaster),2556.0,Lauryn Hill - Interlude 5,3493.200000000012,Twista - I'm A Winner (Amended Album Version),2362.574999999997,Beastie Boys - B-Boy Bouillabaisse: A.W.O.L. (2009 Digital Remaster),2294.4124999999945,Gene Autry - Rudolph The Red Nosed Reindeer,606.792737191329,Classified - All About U,574.2598451084384,Sara Gazarek - Yours (Live),560.7428641578812,Gene Autry - Rudolph The Red Nosed Reindeer,0.7688021592271441,Classified - All About U,0.73169100437109,Sara Gazarek - Yours (Live),0.7139231121911069,Beastie Boys - B-Boy Bouillabaisse: A.W.O.L. (2009 Digital Remaster),245.95829135656976,Lauryn Hill - Interlude 5,216.99588554358525,Savatage - The Hourglass,156.40435703612528,Gene Autry - Rudolph The Red Nosed Reindeer,128.0709081606833,Beastie Boys - B-Boy Bouillabaisse: A.W.O.L. (2009 Digital Remaster),126.4663950494648,UB40 - Red Red Wine (Edit),108.60162128021986,Gene Autry - Rudolph The Red Nosed Reindeer,446.15725811716277,Tom Waits - Reeperbahn,245.92918471174505,The Monochrome Set - He's Frank,238.89174373996826,Gene Autry - Rudolph The Red Nosed Reindeer,0.5818717185198692,Tom Waits - Reeperbahn,0.36275311791712384,Spearhead - Red Beans & Rice,0.3401306254319875
TRORBTM128F93368FB,SOBEALQ12AB017EC86,ARBJ22B1187B9AD31C,Norah Jones,December,jazz,Twista - I'm A Winner (Amended Album Version),2451.0,Beastie Boys - B-Boy Bouillabaisse: A.W.O.L. (2009 Digital Remaster),2307.0,Lauryn Hill - Interlude 5,2297.0,Twista - I'm A Winner (Amended Album Version),2297.0799999999654,Beastie Boys - B-Boy Bouillabaisse: A.W.O.L. (2009 Digital Remaster),2110.040000000012,Lauryn Hill - Interlude 5,2061.479999999997,Marilyn Monroe - When I Fall In Love,526.4995379728226,Descendents - When I Get Old,521.9780054004531,Tina Turner - All The Woman (Recorded Live In London '99),521.6163876693462,Marilyn Monroe - When I Fall In Love,0.667356774338222,Descendents - When I Get Old,0.6613952399697519,Tina Turner - All The Woman (Recorded Live In London '99),0.6610822342429592,Spice Girls - Take Me Home,101.25688285508971,Momus - Closer To You,97.76905275570451,Sugarland - Baby Girl,94.75667440626808,Spice Girls - Take Me Home,82.92300536927787,Bill Withers - Wintertime,75.43015840594046,Gabrielle - Don't Need The Sun To Shine (To Make Me Smile),70.26005523679433,Celtic Woman - May It Be,224.13588981468234,Koop - Words of Tranquility,222.92605623631235,Laura Fygi - I Wish You Love,219.3080545089872,Celtic Woman - May It Be,0.30771820507282915,Laura Fygi - I Wish You Love,0.2997115066124614,Koop - Words of Tranquility,0.2985566163011473
TRFCNIJ128F423F32E,SOTBYQW12A6D4FE74B,ARBJ22B1187B9AD31C,Norah Jones,Don't Know Why (Live),jazz,Beastie Boys - B-Boy Bouillabaisse: A.W.O.L. (2009 Digital Remaster),3481.0,Lauryn Hill - Interlude 5,3363.0,R. Kelly - I Mean (I Don't Mean It),3249.0,Beastie Boys - B-Boy Bouillabaisse: A.W.O.L. (2009 Digital Remaster),3256.342500000017,R. Kelly - I Mean (I Don't Mean It),3135.3025000000434,Mario Vazquez - Everytime I...,3113.87500000005,Mr. Vegas - I Don't Know Why I Love You,637.162840821708,Millencolin - Random I Am (Album Version),620.3687187169389,Classified - Freezin In The Cold,614.2849465503998,Mr. Vegas - I Don't Know Why I Love You,0.8008764409912635,Millencolin - Random I Am (Album Version),0.7808365982363298,Classified - Freezin In The Cold,0.7738191946775766,The Pharcyde - Otha Fish,126.53968304300483,Beastie Boys - B-Boy Bouillabaisse: A.W.O.L. (2009 Digital Remaster),122.18812075992048,Eminem - 8 Mile,112.08117021352642,The Pharcyde - Otha Fish,84.55325805175029,Alicia Keys - Tell You Something (Nana's Reprise),60.91559233573835,Smoke Or Fire - Cars,60.48641168707901,B.B. King - Buzz Me,206.38450856981888,SFDK - Phantom,189.84433495242644,Smoke Or Fire - Cars,174.82784330127384,B.B. King - Buzz Me,0.30189602931068876,SFDK - Phantom,0.28926625152096297,The Pharcyde - Otha Fish,0.27977923731336246
TRYNZAL128F1464B5A,SOPHSDC12B0B8081BB,ARBJ22B1187B9AD31C,Norah Jones,Humble Me,jazz,Lauryn Hill - Interlude 5,5323.0,Twista - I'm A Winner (Amended Album Version),5013.0,Danity Kane - Hold Me Down (Album Version),4160.0,Lauryn Hill - Interlude 5,4964.199999999999,Twista - I'm A Winner (Amended Album Version),4778.512500000033,Danity Kane - Hold Me Down (Album Version),3993.7624999999953,The Berzerker - All About You,653.2230903605481,Syleena Johnson - All Of Me,649.3892299518975,Midtown - Knew It All Along (Acoustic),631.6578541082964,The Berzerker - All About You,0.8221052713222236,Syleena Johnson - All Of Me,0.8171996183834259,Dance Hall Crashers - Othello,0.7968144145664815,Eminem - 8 Mile,183.70773758108132,R. Kelly - Kickin' It With Your Girlfriend,172.412758401551,Lauryn Hill - Interlude 5,166.72040301286108,R. Kelly - Kickin' It With Your Girlfriend,121.07413793093379,Mississippi Fred McDowell - Louise,97.89950469409914,Cat Stevens - The Joke,97.21848422390721,Robert Johnson - Last Fair Deal Gone Down,213.99239220946254,Big Bill Broonzy - Saturday Evening Blues,211.33162571345989,Ray Charles - Don't You Know,209.7228998398296,Big Bill Broonzy - Saturday Evening Blues,0.3096789950541426,ERIC SARDINAS - Old Smyrna Road,0.308843153303819,Ray Charles - Don't You Know,0.3072870541344014
TRNGOHS128E0781235,SOOVFTG12AF72A4B85,ARBJ22B1187B9AD31C,Norah Jones,I've Got To See You Again,jazz,Lauryn Hill - Interlude 5,3882.0,Twista - I'm A Winner (Amended Album Version),3674.0,Beastie Boys - B-Boy Bouillabaisse: A.W.O.L. (2009 Digital Remaster),3420.0,Lauryn Hill - Interlude 5,3582.079999999959,Twista - I'm A Winner (Amended Album Version),3477.992500000036,Erykah Badu - I Want You,3235.771250000082,Hope Of The States - Sadness On My Back,638.4480420132669,New Found Glory - I'll Never Love Again,632.3994819589842,Mario Vazquez - Everytime I...,616.4667189670873,Hope Of The States - Sadness On My Back,0.8042621450617822,New Found Glory - I'll Never Love Again,0.79558930609822,Mario Vazquez - Everytime I...,0.7747224262263515,Beastie Boys - B-Boy Bouillabaisse: A.W.O.L. (2009 Digital Remaster),146.3877787801968,Recoil - Curse,129.36188249217125,OutKast - Mainstream,124.82527567456894,Daryl Hall - Help Me Find A Way To Your Heart,84.32180615642837,Matisyahu - Fire and Heights,82.35006057823648,Recoil - Curse,73.8885761833317,The Rapture - Killing,246.11234214973467,Ayo - Better Days,243.83441864936026,Vaselines - Let's Get Ugly (Album),243.061589363803,The Rapture - Killing,0.3358726852621736,Ayo - Better Days,0.33528454112990197,Shannon McNally - Down And Dirty,0.33123628155709944
TRPPHPQ128F4258FFC,SOOEHBK12A8AE479F1,ARBJ22B1187B9AD31C,Norah Jones,Sinkin' Soon (iTunes Live Session),jazz,Lauryn Hill - Interlude 5,1880.0,The Prodigy - We Gonna Rock,1845.0,Beastie Boys - B-Boy Bouillabaisse: A.W.O.L. (2009 Digital Remaster),1345.0,The Prodigy - We Gonna Rock,1792.9399999999898,Lauryn Hill - Interlude 5,1627.920000000012,Katy Perry - Hot N Cold (Innerpartysystem Main),1196.6437499999745,The Misfits - Static Age,487.11052372484977,Charlie Robison - Good Times,484.2029868022111,Thompson Twins - We Are Detective,481.2936301772176,Charlie Robison - Good Times,0.6187127253648694,The Misfits - Static Age,0.6162911634776579,Thompson Twins - We Are Detective,0.6137257989065713,Beastie Boys - B-Boy Bouillabaisse: A.W.O.L. (2009 Digital Remaster),166.74153025094625,Lauryn Hill - Interlude 5,145.75266448082124,Less Than Jake - She's Gonna Break Soon (Radio Edit) (w/o Horns),143.64399822292893,Less Than Jake - She's Gonna Break Soon (Radio Edit) (w/o Horns),122.80922869842281,Kelis - Trilogy,94.86577387366296,Jay-Z - Soon You'll Understand,94.8139837411877,The Plasmatics - You're A Zombie,224.85676456966846,Less Than Jake - She's Gonna Break Soon (Radio Edit) (w/o Horns),220.43612694930758,Janet Jackson - The Lounge,208.41535188475004,The Plasmatics - You're A Zombie,0.31931252812090233,Less Than Jake - She's Gonna Break Soon (Radio Edit) (w/o Horns),0.30786141108779413,Los Lobos - Bar Fight,0.28358326047181276
TRSSOKM128F1464B5C,SOQJPKL12A6D4F7D49,ARBJ22B1187B9AD31C,Norah Jones,The Long Way Home,jazz,Lauryn Hill - Interlude 5,3704.0,Twista - I'm A Winner (Amended Album Version),3049.0,Beastie Boys - B-Boy Bouillabaisse: A.W.O.L. (2009 Digital Remaster),2970.0,Lauryn Hill - Interlude 5,3374.6400000000253,Twista - I'm A Winner (Amended Album Version),2833.7525000000355,Erykah Badu - I Want You,2811.9512500000246,Mario Vazquez - Everytime I...,573.8316697691398,Manafest - Runaway,570.1614720114464,Josh Groban - Broken Vow (Album Version),559.8182122203816,Manafest - Runaway,0.7243430639706159,Mario Vazquez - Everytime I...,0.7219462124932764,Jonny Lang - Breakin Me,0.7132739503730822,Lauryn Hill - Interlude 5,205.47261491174157,Beastie Boys - B-Boy Bouillabaisse: A.W.O.L. (2009 Digital Remaster),202.21551373077324,Mobb Deep - Trife Life,168.55108705962857,Marvin Gaye - You Sure Love To Ball,94.57997319297586,En Vogue - Love Don't Love You (LP Version),90.64468746386,The O'Jays - Put Your Hands Together,90.33018876589858,En Vogue - Love Don't Love You (LP Version),221.0277429095338,Marvin Gaye - You Sure Love To Ball,217.8370049953851,Slim Harpo - One More Day,217.54501300402487,En Vogue - Love Don't Love You (LP Version),0.3375892898787896,Marvin Gaye - You Sure Love To Ball,0.31441920049645516,Slim Harpo - One More Day,0.30874146751869147
TRKMCAV128E0782298,SOGMFQZ12A6310EF6C,ARBJ22B1187B9AD31C,Norah Jones,Those Sweet Words,jazz,Lauryn Hill - Interlude 5,2801.0,Twista - I'm A Winner (Amended Album Version),2007.0,Beastie Boys - B-Boy Bouillabaisse: A.W.O.L. (2009 Digital Remaster),1913.0,Lauryn Hill - Interlude 5,2554.439999999976,Twista - I'm A Winner (Amended Album Version),1845.8650000000064,Beastie Boys - B-Boy Bouillabaisse: A.W.O.L. (2009 Digital Remaster),1706.807499999994,Hello Saferide - Get Sick Soon,492.4322247918061,Slum Village - Call Me (Clean Version),492.30913344063583,Clawfinger - Revenge,490.4538924118096,Slum Village - Call Me (Clean Version),0.6357729901878229,A Tribe Called Quest - Baby Phife's Return,0.6312851549806506,Hello Saferide - Get Sick Soon,0.6291416057782379,Lauryn Hill - Interlude 5,142.51205591724306,Beastie Boys - B-Boy Bouillabaisse: A.W.O.L. (2009 Digital Remaster),138.28225229629555,Snoop Dogg - Snoopafella (Edited),129.40185098031984,The Clash - The Magnificent Seven,88.5863581147235,Eric B. & Rakim - I Know You Got Soul,70.4655361646141,Laura Fygi - Sleigh Ride,70.11353393424496,The Derek Trucks Band - Sweet Inspiration,230.2384264122518,Kings Of Convenience - Singing Softly To Me,216.18452190439316,John Denver - The Chosen Ones,200.70179505233241,The Derek Trucks Band - Sweet Inspiration,0.31841435012220815,Kings Of Convenience - Singing Softly To Me,0.3076033083888296,John Denver - The Chosen Ones,0.29871695234832357
TRBQFLA128F423F329,SODUTPQ12A6D4FE737,ARBJ22B1187B9AD31C,Norah Jones,Wish I Could (Live),jazz,Lauryn Hill - Interlude 5,3054.0,Beastie Boys - B-Boy Bouillabaisse: A.W.O.L. (2009 Digital Remaster),2646.0,Twista - I'm A Winner (Amended Album Version),2505.0,Lauryn Hill - Interlude 5,2774.3200000000006,Beastie Boys - B-Boy Bouillabaisse: A.W.O.L. (2009 Digital Remaster),2412.109999999974,Twista - I'm A Winner (Amended Album Version),2322.219999999958,Sage Francis - Keep Moving,569.3725030762286,Berlin - Masquerade,568.5885817096713,illScarlett - Clearer Now,568.0409222991195,Sage Francis - Keep Moving,0.7263399641309348,illScarlett - Clearer Now,0.723416799878318,Berlin - Masquerade,0.7202896112367141,Beastie Boys - B-Boy Bouillabaisse: A.W.O.L. (2009 Digital Remaster),191.61927899577353,Eminem - 8 Mile,179.73888872052436,Lauryn Hill - Interlude 5,176.54033853608672,The Pharcyde - Passin' Me By,119.93500638379643,Amy MacDonald - Mr Rock & Roll,106.15230969071065,Dar Williams - Mortal City,99.24466765326085,Room Eleven - Swimmer,242.33934422392375,Amy MacDonald - Mr Rock & Roll,238.43181610266095,The Pharcyde - Passin' Me By,227.71974176245175,The Pharcyde - Passin' Me By,0.3541483412183479,Amy MacDonald - Mr Rock & Roll,0.34786413212667283,Room Eleven - Swimmer,0.34241079581772227
TRCLZPO128F427CD3A,SOMMQAC12CF5F86E67,ARBJ22B1187B9AD31C,Norah Jones,My Dear Country,jazz,Lauryn Hill - Interlude 5,4157.0,Beastie Boys - B-Boy Bouillabaisse: A.W.O.L. (2009 Digital Remaster),3183.0,Nelly - Splurge,2584.0,Lauryn Hill - Interlude 5,3822.119999999986,Beastie Boys - B-Boy Bouillabaisse: A.W.O.L. (2009 Digital Remaster),2902.947499999942,Nelly - Splurge,2417.242499999986,Beastie Boys - B-Boy Bouillabaisse: A.W.O.L. (2009 Digital Remaster),569.2044322038028,The Cat Empire - The Car Song,565.2432443705978,Common - Book Of Life,560.8856185659479,Beastie Boys - B-Boy Bouillabaisse: A.W.O.L. (2009 Digital Remaster),0.7287728118461179,The Cat Empire - The Car Song,0.7211970909550356,Ice Cube - Dead Homiez,0.7181582639713501,Lauryn Hill - Interlude 5,246.8144963159703,Beastie Boys - B-Boy Bouillabaisse: A.W.O.L. (2009 Digital Remaster),206.51467145443846,Recoil - Curse,172.6417119483266,Lauryn Hill - Interlude 5,118.53979289932784,Buck-O-Nine - Silence,107.14829424526116,Recoil - Curse,93.86977763944947,Billie Holiday - Guilty,269.6525687500888,Buck-O-Nine - Silence,222.08092105278462,Low - Dragonfly (Album),213.2242674273875,Billie Holiday - Guilty,0.3696852347935627,Buck-O-Nine - Silence,0.3364244846424357,Ella Fitzgerald - Let's Kiss and Make Up,0.31124901977699115
TRWAPCT128F1494611,SONBELN12AB0184D8F,ARIFGKC1187B9B04D5,Dean Martin,I Love The Way You Say Goodnight,jazz,Lauryn Hill - Interlude 5,5872.0,Twista - I'm A Winner (Amended Album Version),5743.0,Erykah Badu - I Want You,5142.0,Twista - I'm A Winner (Amended Album Version),5482.057499999949,Lauryn Hill - Interlude 5,5472.720000000011,Erykah Badu - I Want You,4995.253750000034,OutKast - The Way You Move,619.4930967029509,Doyle Bramhall - Dimples,573.2934036044539,Marilyn Manson - Para-noir,568.0745142440709,OutKast - The Way You Move,0.7803755978073242,Doyle Bramhall - Dimples,0.7214033419938675,Marilyn Manson - Para-noir,0.7143962708611991,Lauryn Hill - Interlude 5,193.38687228843767,Beastie Boys - B-Boy Bouillabaisse: A.W.O.L. (2009 Digital Remaster),189.85361489939118,Atmosphere - Hair,161.79529804817003,Michael Jackson - Man In The Mirror,99.989558460282,Atmosphere - Hair,96.41263068538261,Lauryn Hill - Interlude 5,85.31675466345425,Ella Fitzgerald - It's a Pity to Say Goodnight,250.52622817556187,Steely Dan - Cousin Dupree,211.50150347083135,Brenda Lee - It's Never Too Late,207.23673856265356,Ella Fitzgerald - It's a Pity to Say Goodnight,0.34225495266181977,Steely Dan - Cousin Dupree,0.32001699058923905,Brenda Lee - It's Never Too Late,0.29687398631702133
TRNBZVW128F92EE688,SOANWBV12AB0184B24,ARIFGKC1187B9B04D5,Dean Martin,White Christmas,jazz,Beastie Boys - B-Boy Bouillabaisse: A.W.O.L. (2009 Digital Remaster),1466.0,Eminem - 8 Mile,1291.0,Twista - I'm A Winner (Amended Album Version),1271.0,Beastie Boys - B-Boy Bouillabaisse: A.W.O.L. (2009 Digital Remaster),1270.5787500000265,Eminem - 8 Mile,1143.5212499999886,Twista - I'm A Winner (Amended Album Version),1118.282500000004,Jamie Scott & The Town - When Will I See Your Face Again,424.4243866844476,Mississippi Fred McDowell - When I Lay My Burden Down,416.7402373114165,Darkel - At The End Of The Sky,410.7887833583136,Jamie Scott & The Town - When Will I See Your Face Again,0.5511063866647862,Darkel - At The End Of The Sky,0.5370846194594372,Mississippi Fred McDowell - When I Lay My Burden Down,0.528870346493555,Tryo - Yakamonéyé,393.3265141080696,Fonky Family - Sans Rémission,385.856464269451,Sniper - Panam All Star,371.5723573643205,Tryo - Yakamonéyé,338.17258972701944,Fonky Family - Sans Rémission,329.4774571937168,Fonky Family - L'Amour Du Risque,312.60282331653343,Keren Ann - Sur Le Fil,408.3423306720694,Nolwenn Leroy - Le Rêve Des Filles,364.613853823109,Olivia Ruiz - Thérapie De Groupe,354.61990805443446,Keren Ann - Sur Le Fil,0.5266704615144867,Nolwenn Leroy - Le Rêve Des Filles,0.4800116851029244,Olivia Ruiz - Thérapie De Groupe,0.46416970778075006
TRHZOEX128F93588AB,SOEXXLQ12A58A7A0CD,ARIFGKC1187B9B04D5,Dean Martin,Memories Are Made Of This,jazz,Ja Rule - One of Us,1301.0,Lauryn Hill - Interlude 5,1254.0,Black Eyed Peas - One Tribe,1110.0,Ja Rule - One of Us,1196.4249999999793,Lauryn Hill - Interlude 5,1081.0399999999893,Black Eyed Peas - One Tribe,1042.7899999999922,Dolly Parton - Highlight Of My Life,423.1713494706468,Kenny Loggins - Conviction Of The Heart,410.7321134624303,Amici Forever - Requiem for a Soldier (Band of Brothers),405.8248766273023,Dolly Parton - Highlight Of My Life,0.54007117964669,Kenny Loggins - Conviction Of The Heart,0.5344556251986885,Amici Forever - Requiem for a Soldier (Band of Brothers),0.526420330777086,Beastie Boys - B-Boy Bouillabaisse: A.W.O.L. (2009 Digital Remaster),131.7131543774416,Ella Fitzgerald - Manhattan,112.81487606238112,Lauryn Hill - Interlude 5,112.15892619672277,Ms. Dynamite - Back Then,91.58405714169729,Ella Fitzgerald - Manhattan,83.20559903107187,Mayday Parade - One Man Drinking Games,68.78400547426726,Ms. Dynamite - Back Then,236.4043418679759,Motion City Soundtrack - Fell in Love Without You (Cd),219.92602073114705,Cassandra Wilson - I Can't Stand the Rain,205.5973281181805,Ms. Dynamite - Back Then,0.33569434830930023,Motion City Soundtrack - Fell in Love Without You (Cd),0.30615134610983813,Cassandra Wilson - I Can't Stand the Rain,0.28839510676038593
TREOPOB128F427CD42,SOBWFAI12D021B3991,ARBJ22B1187B9AD31C,Norah Jones,Little Room,jazz,Lauryn Hill - Interlude 5,2258.0,Beastie Boys - B-Boy Bouillabaisse: A.W.O.L. (2009 Digital Remaster),1667.0,The Pharcyde - Otha Fish,1444.0,Lauryn Hill - Interlude 5,2004.0799999999788,Beastie Boys - B-Boy Bouillabaisse: A.W.O.L. (2009 Digital Remaster),1454.652500000007,The Pharcyde - Otha Fish,1312.037500000004,Above The Law - Flow On (Move Me No Mountain),481.3200645606396,David Houston - My Elusive Dreams,479.6245368881153,Dead Kennedys - Kinky Sex Makes the World Go 'Round,479.0968448374738,Above The Law - Flow On (Move Me No Mountain),0.6294858390015771,Dead Kennedys - Kinky Sex Makes the World Go 'Round,0.6264482454202317,David Houston - My Elusive Dreams,0.6198494574872324,Lauryn Hill - Interlude 5,215.98852038262933,Beastie Boys - B-Boy Bouillabaisse: A.W.O.L. (2009 Digital Remaster),172.88377437962933,Dar Williams - Mortal City,154.55402659078175,Lauryn Hill - Interlude 5,104.01738237727366,Lucinda Williams - Disgusted,94.00543277925429,Dar Williams - Mortal City,92.27958981377863,Lucinda Williams - Disgusted,211.3869519631709,Gatsbys American Dream - The Hunter,201.3892521033115,Chumbawamba - New York Mining Disaster 1941,196.2771617251838,Lucinda Williams - Disgusted,0.3102302806007558,Gatsbys American Dream - The Hunter,0.2942601610088887,Mission Of Burma - Academy Fight Song,0.28711020104047363
TRELLQK128F147AD94,SOPTTXR12A58A782BB,ARO7DTP1187B9A1D2B,The Puppini Sisters,Bei Mir Bist Du Schön,jazz,Lauryn Hill - Interlude 5,4951.0,Twista - I'm A Winner (Amended Album Version),3945.0,Eminem - My Darling,3365.0,Lauryn Hill - Interlude 5,4619.800000000042,Twista - I'm A Winner (Amended Album Version),3728.550000000036,Eminem - My Darling,3162.274999999969,Good Old War - Tell Me (Acoustic),585.7355810190279,Josh Groban - When You Say You Love Me (Album Version),578.8936410207998,RyanDan - Like The Sun,578.1847258878164,Good Old War - Tell Me (Acoustic),0.7428970589282737,Josh Groban - When You Say You Love Me (Album Version),0.7337352353811268,RyanDan - Like The Sun,0.7309337625427584,Lauryn Hill - Interlude 5,222.5177644176887,Sido - Mein Testament,200.389155489715,Die Kassierer - Du hast geguckt,195.46602170540723,Die Kassierer - Du hast geguckt,173.67276273355387,Planlos - Es geht mir gut,168.51198441342825,Ich + Ich - Trösten,161.2390515603561,Kent - Elefanter,280.16990564832935,Sondaschule - Lieber einen paffen,239.18183066017932,Planlos - Es geht mir gut,236.25675905250836,Kent - Elefanter,0.35310558699115824,Sondaschule - Lieber einen paffen,0.3206013578715477,Planlos - Es geht mir gut,0.31746538088242326
TRMOHUN128F424DEE6,SOCIAUG12A8C130F7F,ARO7DTP1187B9A1D2B,The Puppini Sisters,Don't Sit Under The Apple Tree,jazz,Danity Kane - Hold Me Down (Album Version),2902.0,Lauryn Hill - Interlude 5,2801.0,Nelly - Splurge,2711.0,Danity Kane - Hold Me Down (Album Version),2715.3025000000275,Nelly - Splurge,2510.3412500000063,Lauryn Hill - Interlude 5,2398.0399999999904,Jackson 5 - (You Were Made) Especially For Me,458.5574673844552,Confederate Railroad - I Don't Want To Hang Out With Me (LP Version),418.0697433067284,Republica - Don't You Ever,408.7274519870056,Jackson 5 - (You Were Made) Especially For Me,0.5850156522938843,Confederate Railroad - I Don't Want To Hang Out With Me (LP Version),0.5386758590549793,Republica - Don't You Ever,0.5241248337542679,Jackson 5 - (You Were Made) Especially For Me,201.39091191071603,Julia Fordham - Where Does The Time Go?,175.20627337076118,Irma Thomas - Anyone Who Knows What Love Is (Will Understand),159.75715016531444,Jackson 5 - (You Were Made) Especially For Me,185.43212234709623,Julia Fordham - Where Does The Time Go?,149.32451550845693,Irma Thomas - Anyone Who Knows What Love Is (Will Understand),146.0992523809689,Jackson 5 - (You Were Made) Especially For Me,320.77468272955986,Irma Thomas - Anyone Who Knows What Love Is (Will Understand),294.2056208789696,Nina Simone - In Love In Vain,232.84335500272223,Jackson 5 - (You Were Made) Especially For Me,0.4209489384911443,Irma Thomas - Anyone Who Knows What Love Is (Will Understand),0.3887684890659625,Nina Simone - In Love In Vain,0.31645342151105915
TRSPEPD128F147AD9A,SOCFSHN12A6D4F73B2,ARO7DTP1187B9A1D2B,The Puppini Sisters,Falling In Love Again,jazz,Lauryn Hill - Interlude 5,5940.0,Twista - I'm A Winner (Amended Album Version),5442.0,Beastie Boys - B-Boy Bouillabaisse: A.W.O.L. (2009 Digital Remaster),5336.0,Lauryn Hill - Interlude 5,5388.000000000034,Twista - I'm A Winner (Amended Album Version),5081.249999999905,Beastie Boys - B-Boy Bouillabaisse: A.W.O.L. (2009 Digital Remaster),4874.374999999957,Danni Carlos - Falling In Love Again,757.6561865133806,Marilyn Monroe - When I Fall In Love,574.73437628053,Bananarama - Lovebite,557.8316421029471,Danni Carlos - Falling In Love Again,0.9492431078620264,Marilyn Monroe - When I Fall In Love,0.7272569055470027,Bananarama - Lovebite,0.710505587422134,Danni Carlos - Falling In Love Again,336.288696476941,Beastie Boys - B-Boy Bouillabaisse: A.W.O.L. (2009 Digital Remaster),205.0873953410366,Lauryn Hill - Interlude 5,200.7555021783229,Danni Carlos - Falling In Love Again,309.8496122495969,Eminem - If I Had,132.8851487447964,Lisa Stansfield - Never Gonna Fall,129.19089318751645,Danni Carlos - Falling In Love Again,720.9943315401993,Skip James - I'm So Glad,269.99927423094545,Lisa Stansfield - Never Gonna Fall,259.869875216749,Danni Carlos - Falling In Love Again,0.9081565629861236,Lisa Stansfield - Never Gonna Fall,0.3637861808791981,Ella Fitzgerald - Taking A Chance On Love,0.3612235599543885
TRAQUUU128F147A689,SOEYNMS12A6D4F7BC8,ARO7DTP1187B9A1D2B,The Puppini Sisters,Heebie Jeebies,jazz,Lauryn Hill - Interlude 5,4460.0,Beastie Boys - B-Boy Bouillabaisse: A.W.O.L. (2009 Digital Remaster),4131.0,R. Kelly - I Mean (I Don't Mean It),3401.0,Lauryn Hill - Interlude 5,3996.320000000003,Beastie Boys - B-Boy Bouillabaisse: A.W.O.L. (2009 Digital Remaster),3743.2349999999806,Erykah Badu - I Want You,3227.585000000068,Martin Sexton - In the Journey,488.3992360014341,Linda Ronstadt - Lovesick Blues,477.4427749679708,G-Unit - I Don't Want To Talk About It,472.2724406348117,Martin Sexton - In the Journey,0.6276703600726269,Linda Ronstadt - Lovesick Blues,0.6120088147723041,G-Unit - I Don't Want To Talk About It,0.607916504603817,Lauryn Hill - Interlude 5,228.31889178298928,The Simpsons - Do The Bartman,210.44765214675022,Murs - The Dance,208.8459582732634,Eddie Rabbitt - I Wanna Dance With You,165.63359393761826,The Simpsons - Do The Bartman,137.30774433766936,Billy Paul - Your Song,133.34241873621764,Stacey Kent - Shall We Dance,287.0408989734007,Eddie Rabbitt - I Wanna Dance With You,284.4561840022086,Telepopmusik - Dance Me,282.6342374621696,Eddie Rabbitt - I Wanna Dance With You,0.3950745189465411,Stacey Kent - Shall We Dance,0.38811355749478665,Telepopmusik - Dance Me,0.3586338059456363
TREIANS128F147AD97,SOLJYMK12A6D4F73B0,ARO7DTP1187B9A1D2B,The Puppini Sisters,I Will Survive,jazz,Lauryn Hill - Interlude 5,9817.0,Beastie Boys - B-Boy Bouillabaisse: A.W.O.L. (2009 Digital Remaster),8300.0,Twista - I'm A Winner (Amended Album Version),7863.0,Lauryn Hill - Interlude 5,9066.279999999982,Beastie Boys - B-Boy Bouillabaisse: A.W.O.L. (2009 Digital Remaster),7672.190000000103,Twista - I'm A Winner (Amended Album Version),7372.379999999895,Alexandra Burke - Overcome,667.2246246640998,Mario Vazquez - Everytime I...,665.1220358976115,Next - I Still Love You,653.2435265394752,Alexandra Burke - Overcome,0.8400588906766766,Mario Vazquez - Everytime I...,0.8329673339203951,Next - I Still Love You,0.822059213363587,Lauryn Hill - Interlude 5,402.80114129664145,Beastie Boys - B-Boy Bouillabaisse: A.W.O.L. (2009 Digital Remaster),351.5228531346514,Gang Starr - The Illest Brother,270.6498106640361,Lauryn Hill - Interlude 5,177.55681244907646,Gang Starr - The Illest Brother,146.2275313473911,Alexandra Burke - Overcome,132.2793619084734,Emanon - She Thinks,226.0301159241132,Rhonda Vincent - Forever Ain't That Long Anymore,220.73878306102185,Lesley Gore - I Won't Love You Anymore (Sorry),212.34717587383693,Emanon - She Thinks,0.3537150984198105,Rhonda Vincent - Forever Ain't That Long Anymore,0.337578016271736,Gang Starr - The Illest Brother,0.33332870019572775
TRPWTNZ128F147AD9F,SOOTOZG12A6D4F73B5,ARO7DTP1187B9A1D2B,The Puppini Sisters,In The Mood,jazz,Lauryn Hill - Interlude 5,4859.0,Beastie Boys - B-Boy Bouillabaisse: A.W.O.L. (2009 Digital Remaster),4484.0,Twista - I'm A Winner (Amended Album Version),3974.0,Lauryn Hill - Interlude 5,4364.040000000001,Beastie Boys - B-Boy Bouillabaisse: A.W.O.L. (2009 Digital Remaster),4070.076249999989,Twista - I'm A Winner (Amended Album Version),3650.5274999999288,The Pharcyde - Pack The Pipe,570.7924564591989,Sage Francis - Keep Moving,567.039423984935,Johnny Cash - I Was There When It Happened,562.0759004458507,The Pharcyde - Pack The Pipe,0.7295200646140947,Sage Francis - Keep Moving,0.7242958708268249,Johnny Cash - I Was There When It Happened,0.7147628554624083,Lauryn Hill - Interlude 5,267.4363446209493,Beastie Boys - B-Boy Bouillabaisse: A.W.O.L. (2009 Digital Remaster),226.3709283374704,Biz Markie - Vapors,206.15217742575598,Five - That's What You Told Me,135.25669038854852,TLC - Shock Dat Monkey,135.21139240183953,Booty Luv - Don't Mess With My Man (Extended),123.69214192807848,Joy Electric - The Cobbler,222.33309736759983,Bill Withers - Who Is He? (And What Is He To You?),214.62005327855687,Kathy Troccoli - I Call Him Love,201.374538209425,Joy Electric - The Cobbler,0.3160239013282646,Bill Withers - Who Is He? (And What Is He To You?),0.31241102864909026,Porter Wagoner - Skid row Joe,0.30533263034888636
TRNDNKN12903CC8A4C,SOQIBZY12AB018A208,ARIFGKC1187B9B04D5,Dean Martin,Kiss,jazz,Lauryn Hill - Interlude 5,7297.0,Twista - I'm A Winner (Amended Album Version),6537.0,Beastie Boys - B-Boy Bouillabaisse: A.W.O.L. (2009 Digital Remaster),5055.0,Lauryn Hill - Interlude 5,6643.799999999986,Twista - I'm A Winner (Amended Album Version),6110.112500000072,Erykah Badu - I Want You,4677.931250000067,The Handful - Memorial Day,507.7434344650141,Hieroglyphics - You Never Knew,507.45687205190256,Boyz II Men - 4 Seasons Of Loneliness,504.1402056662048,Hieroglyphics - You Never Knew,0.6545102826679078,The Handful - Memorial Day,0.6542646757730994,Boyz II Men - 4 Seasons Of Loneliness,0.6486180987691934,Lauryn Hill - Interlude 5,371.7624839974713,R. Kelly - Kickin' It With Your Girlfriend,281.07472377394777,Beastie Boys - B-Boy Bouillabaisse: A.W.O.L. (2009 Digital Remaster),264.7038836389469,R. Kelly - Kickin' It With Your Girlfriend,205.97312789596472,Lauryn Hill - Interlude 5,180.09115180201863,Aretha Franklin - Jim,161.6149071244677,Paul Potts - La Prima Volta (First Time Ever I Saw Your Face),264.4837095502558,R. Kelly - Kickin' It With Your Girlfriend,234.96597527109566,Con Funk Shun - Electric Lady,224.09332260640497,Paul Potts - La Prima Volta (First Time Ever I Saw Your Face),0.3714665292725677,R. Kelly - Kickin' It With Your Girlfriend,0.3615699065059031,Con Funk Shun - Electric Lady,0.3545377440867611
TRJALGV12903D0447E,SOOCHTW12AC468DF40,ARIFGKC1187B9B04D5,Dean Martin,Let Me Go Lover,jazz,Danity Kane - Hold Me Down (Album Version),3082.0,Five - That's What You Told Me,3028.0,Lauryn Hill - Interlude 5,2730.0,Danity Kane - Hold Me Down (Album Version),2978.8474999999366,Five - That's What You Told Me,2942.694999999998,Lauryn Hill - Interlude 5,2507.359999999987,Jessica Mauboy - Let Me Be Me,567.4325738785042,Diana Krall - Peel Me A Grape,539.3831667429862,Jill Scott - He Loves Me (Lyzel In E Flat),534.9262901024475,Jessica Mauboy - Let Me Be Me,0.7153791078828564,Diana Krall - Peel Me A Grape,0.6791598801046382,Jill Scott - He Loves Me (Lyzel In E Flat),0.6737487430261436,Lauryn Hill - Interlude 5,109.10501663112954,Beastie Boys - B-Boy Bouillabaisse: A.W.O.L. (2009 Digital Remaster),106.67863873036687,Jessica Simpson - The Lover In Me,97.4900316007347,Jessica Simpson - The Lover In Me,84.2274248376161,Spinners - Cupid/I've Loved You For A Long Time (Remastered Single Version),81.70395352450569,Cinderella Effect - Clone Your Lover,78.64090084388552,Cinderella Effect - Clone Your Lover,309.32247673719024,Mercury Rev - The Climbing Rose,276.61134570265966,Gregory Isaac - My Only Lover,271.92797877042136,Cinderella Effect - Clone Your Lover,0.4049181566717206,Mercury Rev - The Climbing Rose,0.36750114544241297,Gregory Isaac - My Only Lover,0.3629435727482472
TRPQFJA128F145AC60,SOLLBAY12AF72A5F48,ARIFGKC1187B9B04D5,Dean Martin,On An Evening In Roma (Sott'er Celo De Roma),jazz,Lauryn Hill - Interlude 5,1799.0,Beastie Boys - B-Boy Bouillabaisse: A.W.O.L. (2009 Digital Remaster),1739.0,The Pharcyde - Otha Fish,1620.0,Lauryn Hill - Interlude 5,1546.9200000000048,Beastie Boys - B-Boy Bouillabaisse: A.W.O.L. (2009 Digital Remaster),1528.1912500000162,The Pharcyde - Otha Fish,1488.9937500000274,Blind Pilot - Paint or Pollen,446.9677690843714,Amici Forever - Vita Mia,411.270076971109,Robbie Williams - Never Touch That Switch (Dark Horse Dub Mix),398.7162602463422,Blind Pilot - Paint or Pollen,0.5792850446739107,Amici Forever - Vita Mia,0.5339097178395226,Robbie Williams - Never Touch That Switch (Dark Horse Dub Mix),0.5186392549293459,Fabrizio De Andrè - Sinan Capudan Pascià,173.2671674070346,Gemelli Diversi - Istruzioni Per L'(Ill)uso,170.42372935050435,Andrea Bocelli - E Chiove,165.51420187725904,Fabrizio De Andrè - Sinan Capudan Pascià,146.41066527893045,Gemelli Diversi - Istruzioni Per L'(Ill)uso,146.40815833023552,Vinicio Capossela - L'uomo vivo (inno al gioia),140.59083066189683,Alessandro Safina - Canto La Vita,333.91931863848146,Après La Classe - Libero liberi libera,304.81003852606227,Marlene Kuntz - Una Canzone Arresa,299.78337216265083,Alessandro Safina - Canto La Vita,0.425300067314166,Après La Classe - Libero liberi libera,0.3981447168868386,Marlene Kuntz - Una Canzone Arresa,0.39336215525483015
TRHBSKB128E07924CB,SOOEYBB12D021B0EAA,ARDCFNZ1187FB3DDB0,Enrique Iglesias,No Puedo Mas Sin Ti (I'm Your Man),latin,Violadores del Verso - Dale tiempo al rumor,3303.0,Gilberto Santa Rosa - Desde Que No Estas,2942.0,Tego Calderon - Al Natural (Amended Version),2858.0,Violadores del Verso - Dale tiempo al rumor,3166.743749999974,Gilberto Santa Rosa - Desde Que No Estas,2878.8437499999627,Tego Calderon - Al Natural (Amended Version),2765.550000000034,Gilberto Santa Rosa - Desde Que No Estas,646.4019713847566,Beatriz Luengo - Precisamente Ahora,641.5206871806098,La 5A Estacion - Algo Mas,619.3319202519614,Gilberto Santa Rosa - Desde Que No Estas,0.8113457523147225,Beatriz Luengo - Precisamente Ahora,0.8053881780570903,La 5A Estacion - Algo Mas,0.7780688835356941,Violadores del Verso - Dale tiempo al rumor,653.068705187495,Violadores del Verso - Cantando,631.93078908013,Johnny Prez - Entra,584.1704234479029,Violadores del Verso - Dale tiempo al rumor,593.7178538333053,Violadores del Verso - Cantando,574.1078152501677,Johnny Prez - Entra,544.0485737054767,Ana Gabriel - Y Aqui Estoy,553.9262634591383,Selena - Amame,547.2516244339569,Intocable - Te Extrano,511.38130562566323,Ana Gabriel - Y Aqui Estoy,0.7017821726387734,Selena - Amame,0.6947394440573372,Intocable - Te Extrano,0.6516919550156205
TRBSLQC128F9333C5D,SOIOBWT12A8C14075B,AR6PJ8R1187FB5AD70,Shakira,En Tus Pupilas,latin,Violadores del Verso - Dale tiempo al rumor,2333.0,Violadores del Verso - Cantando,1857.0,Victor Manuelle - Lloré Lloré,1581.0,Violadores del Verso - Dale tiempo al rumor,2241.7399999999743,Violadores del Verso - Cantando,1776.5399999999993,Victor Manuelle - Lloré Lloré,1533.1199999999944,Ricardo Arjona - Amor de Tele,636.5468721000759,Juana Molina - Yo se que,635.5045499808296,Love Of Lesbian - El ectoplasta,609.3423149765929,Ricardo Arjona - Amor de Tele,0.7998713666928152,Juana Molina - Yo se que,0.798463415818205,Love Of Lesbian - El ectoplasta,0.768230608501723,Violadores del Verso - Dale tiempo al rumor,559.9514344721199,Violadores del Verso - Cantando,516.0634078317853,Violadores del Verso - La ciudad nunca duerme,477.23097846627564,Violadores del Verso - Dale tiempo al rumor,499.76913809406045,Violadores del Verso - Cantando,457.4303929870702,Beatriz Luengo - Pretendo Hablarte,428.96721006703956,Alejandro Fernandez - Quisiera,451.80479499535494,Yanni - Desire,444.5032797789802,Gilberto Santa Rosa - Te Propongo,438.0037117540271,Alejandro Fernandez - Quisiera,0.5806817989316969,Yanni - Desire,0.5722922006571778,Obie Bermudez - Celos,0.5655323509964536
TRGJXTC128F4278ECC,SONTHAL12A8C135908,AR6PJ8R1187FB5AD70,Shakira,Que Me Quedes Tu,latin,Violadores del Verso - Dale tiempo al rumor,2618.0,Violadores del Verso - Cantando,2117.0,Tego Calderon - Al Natural (Amended Version),1872.0,Violadores del Verso - Dale tiempo al rumor,2528.641249999991,Violadores del Verso - Cantando,2038.216250000003,Tego Calderon - Al Natural (Amended Version),1811.3699999999865,El Gran Combo De Puerto Rico - No Hay Manera,644.8381004383608,Huey Dunbar - Amor De Siempre,633.4299341548302,Tito El Bambino - Grito Latino,632.5828231572875,El Gran Combo De Puerto Rico - No Hay Manera,0.8097341995030434,Huey Dunbar - Amor De Siempre,0.7957888817872214,Tito El Bambino - Grito Latino,0.7945766632425001,Violadores del Verso - Dale tiempo al rumor,613.4900258830597,Violadores del Verso - Cantando,565.0241588028721,Violadores del Verso - La ciudad nunca duerme,532.9770133940896,Violadores del Verso - Dale tiempo al rumor,565.7011299531922,Violadores del Verso - Cantando,518.465499311605,Violadores del Verso - La ciudad nunca duerme,492.53341187209355,Violadores del Verso - No Paseis Por Alto A Los Genios,530.4900726050547,Los Jaivas - Pregon Para Iluminarse,520.167842211128,Diego Torres - Después De Ti,501.40378329750524,Violadores del Verso - No Paseis Por Alto A Los Genios,0.6754144487201396,Los Jaivas - Pregon Para Iluminarse,0.6599215533437214,Diego Torres - Después De Ti,0.6387425998598528
TRQEQHH12903CA6CE5,SODBAHE12A8C132D34,AR6PJ8R1187FB5AD70,Shakira,Sombra De Ti,latin,Violadores del Verso - Dale tiempo al rumor,3176.0,Los Van Van - El Negro Está Cocinando,2689.0,Victor Manuelle - Lloré Lloré,2671.0,Violadores del Verso - Dale tiempo al rumor,3053.686250000036,Los Van Van - El Negro Está Cocinando,2620.2437499999805,Victor Manuelle - Lloré Lloré,2606.8274999999853,La 5A Estacion - Ahora Que Te Vas,643.2075609368624,Beatriz Luengo - Precisamente Ahora,641.1083931835152,Juniper Moon - Cosas Que Nunca Te Dije,638.8817222337217,La 5A Estacion - Ahora Que Te Vas,0.8069001678014539,Beatriz Luengo - Precisamente Ahora,0.8048195108405131,Juniper Moon - Cosas Que Nunca Te Dije,0.8022013139991617,Violadores del Verso - Dale tiempo al rumor,653.7299967133686,Daddy Yankee - Todos Quieren A Raymond,602.4075495353926,Violadores del Verso - Cantando,585.8106407026464,Violadores del Verso - Dale tiempo al rumor,589.2118327226359,Daddy Yankee - Todos Quieren A Raymond,541.9642008256212,Violadores del Verso - Cantando,522.953377110403,Luz Casal - No Te Vayas,545.1427765537578,Los Van Van - Quien No Ha Dicho Una Mentira,537.4322418007328,Karamelo Santo - Tu Pa Mi,500.8797345322008,Luz Casal - No Te Vayas,0.6924265393682872,Los Van Van - Quien No Ha Dicho Una Mentira,0.6846491784216401,Karamelo Santo - Tu Pa Mi,0.6405520044617257
TRXMTST12903CCD9E1,SOPVLJP12A8C1358F4,AR6PJ8R1187FB5AD70,Shakira,Te Dejo Madrid,latin,Violadores del Verso - Dale tiempo al rumor,1910.0,Violadores del Verso - Cantando,1524.0,Tryo - Yakamonéyé,1327.0,Violadores del Verso - Dale tiempo al rumor,1830.7812499999657,Violadores del Verso - Cantando,1454.1562499999854,Fonky Family - Sans Rémission,1254.031249999999,Sanalejo - Mujer Calavera,624.1943897882779,Natalia Oreiro - Basta De Ti,609.4232915595716,Ana Gabriel - Miedo,602.9302309930309,Sanalejo - Mujer Calavera,0.7852584688314189,Natalia Oreiro - Basta De Ti,0.7665407811673396,Ana Gabriel - Miedo,0.7589095832130647,Violadores del Verso - Cantando,557.8329980450915,Beatriz Luengo - Pretendo Hablarte,514.9482157226669,Daddy Yankee - Todos Quieren A Raymond,488.0113072379495,Violadores del Verso - Cantando,505.18056784911573,Beatriz Luengo - Pretendo Hablarte,481.0161389826162,Gilberto Santa Rosa - Amor Mio No Te Vayas,440.45158321226575,Elvis Crespo - Suavemente,530.3860569882322,Gilberto Santa Rosa - Amor Mio No Te Vayas,529.8820494325654,Carlos Ponce - Quiero,521.109159506471,Gilberto Santa Rosa - Amor Mio No Te Vayas,0.6752684264573232,Elvis Crespo - Suavemente,0.6735461987718507,Carlos Ponce - Quiero,0.6632043856193673
TRAQEOP12903CA65E2,SONPFMD12AB017C1B3,AR6PJ8R1187FB5AD70,Shakira,Tú,latin,Violadores del Verso - Dale tiempo al rumor,1271.0,Violadores del Verso - Cantando,1038.0,Daddy Yankee - Como Y Vete,939.0,Violadores del Verso - Dale tiempo al rumor,1215.2300000000032,Violadores del Verso - Cantando,988.8299999999836,Daddy Yankee - Como Y Vete,895.8799999999992,Carlos Vives - 19 De Noviembre,666.1261359958645,Jerry Rivera - Tierra Sin Sol,651.5928857418611,Camila - Entre Tus Alas,628.6409489479145,Carlos Vives - 19 De Noviembre,0.8362489262818654,Jerry Rivera - Tierra Sin Sol,0.8188561345120972,Camila - Entre Tus Alas,0.7903073371354952,Violadores del Verso - Dale tiempo al rumor,465.0835469896919,Violadores del Verso - Cantando,432.0265049664385,Violadores del Verso - La ciudad nunca duerme,420.67516348039067,Violadores del Verso - Dale tiempo al rumor,421.080041445454,Violadores del Verso - Cantando,389.15578801029363,Violadores del Verso - La ciudad nunca duerme,383.4351266648667,Carlos Vives - 19 De Noviembre,551.3382085029547,Reik - Sin Conocerte,537.5844123517337,Gilberto Santa Rosa - Ni Te Llamo Ni Te Busco,520.2879766193095,Carlos Vives - 19 De Noviembre,0.6999615367476244,Reik - Sin Conocerte,0.6865415217265854,Selena - Amame,0.6623917883948305
TRSRORJ128E0791C74,SOMBFMU12A670214E6,ARDCFNZ1187FB3DDB0,Enrique Iglesias,La Chica De Ayer,latin,Abba - Move On,1407.0,Horace Andy - Horse With No Name,1343.0,Violadores del Verso - Dale tiempo al rumor,1222.0,Abba - Move On,1366.0999999999844,Horace Andy - Horse With No Name,1306.2000000000169,Violadores del Verso - Dale tiempo al rumor,1171.299999999983,Grupo Niche - Miserable,609.4674872353752,Illya Kuryaki And The Valderramas - Abarajame,597.1628778896883,Alejandra Guzman - Tu Eres Mi Luz,594.6116861436013,Grupo Niche - Miserable,0.7668571851736232,Illya Kuryaki And The Valderramas - Abarajame,0.752991291300014,Alejandra Guzman - Tu Eres Mi Luz,0.7472755860636138,Violadores del Verso - Dale tiempo al rumor,441.89746345117857,Violadores del Verso - Cantando,387.37417067738005,David Bisbal - Quien Me Iba A Decir,368.36810196899245,Violadores del Verso - Dale tiempo al rumor,404.59801149510815,Violadores del Verso - Cantando,351.03492389122243,David Bisbal - Quien Me Iba A Decir,346.5665829430321,Alejandro Fernandez - Eres,495.89078792870055,Vittorio Grigolo - Magia De Amor,489.88408227070687,Café Quijano - Lágrimas De Miel,489.5256175652,Alejandro Fernandez - Eres,0.6322514615168908,Vittorio Grigolo - Magia De Amor,0.6231420141522386,Café Quijano - Lágrimas De Miel,0.6224459282742609
TRYDDZE128F92F3B79,SOFBLLI12A58A7D19C,ARDCFNZ1187FB3DDB0,Enrique Iglesias,Adicto,latin,Violadores del Verso - Dale tiempo al rumor,1983.0,Violadores del Verso - Cantando,1710.0,Victor Manuelle - Lloré Lloré,1406.0,Violadores del Verso - Dale tiempo al rumor,1901.246249999978,Violadores del Verso - Cantando,1637.9212500000142,Victor Manuelle - Lloré Lloré,1363.1075000000071,Aventura - Obsesion (English Remix_ Album Version),632.0663768231257,Niña Pastori - Cartita de amor,626.925120058443,Ricardo Arjona - Animal Nocturno,624.1894636126931,Aventura - Obsesion (English Remix_ Album Version),0.796114779262946,Niña Pastori - Cartita de amor,0.7890451967444105,Ricardo Arjona - Animal Nocturno,0.7856641174982398,Violadores del Verso - Cantando,596.4235139608099,Violadores del Verso - Dale tiempo al rumor,582.2547896996788,Daddy Yankee - Todos Quieren A Raymond,523.1188374783528,Violadores del Verso - Cantando,539.0162253638944,Violadores del Verso - Dale tiempo al rumor,523.3306073810519,Daddy Yankee - Todos Quieren A Raymond,467.9161677335258,Fito Paez - Giros,528.5273020479237,David Bisbal - Como La Primera Vez,509.6965735515112,Aventura - Obsesion (English Remix_ Album Version),505.02827334667876,Fito Paez - Giros,0.6724019377162346,David Bisbal - Como La Primera Vez,0.6516504705102006,Aventura - Obsesion (English Remix_ Album Version),0.6489083663155616
TREGBAS128F145EC8B,SOERVFF12A6D4F790F,ARDCFNZ1187FB3DDB0,Enrique Iglesias,Al Despertar,latin,Victor Manuelle - Lloré Lloré,1633.0,Violadores del Verso - Dale tiempo al rumor,1622.0,Violadores del Verso - Cantando,1550.0,Victor Manuelle - Lloré Lloré,1595.427499999995,Violadores del Verso - Dale tiempo al rumor,1550.3862499999864,Violadores del Verso - Cantando,1486.8612499999886,Bebe - La Coqueta,640.2481247632451,Intocable - Te Extrano,634.617260496717,Panteón Rococó - Buscándote,633.7993543968512,Bebe - La Coqueta,0.8048735205818199,Intocable - Te Extrano,0.7977568423979617,Panteón Rococó - Buscándote,0.7971076508349461,Violadores del Verso - Dale tiempo al rumor,513.8795136324835,Violadores del Verso - Cantando,496.82855107071913,Daddy Yankee - Todos Quieren A Raymond,469.55355591520333,Violadores del Verso - Dale tiempo al rumor,470.1718868756544,Violadores del Verso - Cantando,454.2460960516956,Daddy Yankee - Todos Quieren A Raymond,428.6063999217522,Fanny Lu - Es Por Ti,516.1009286826117,Bebe - La Coqueta,513.7364903546509,Shakira - Te Necesito,501.58838184279807,Fanny Lu - Es Por Ti,0.6578551361465542,Bebe - La Coqueta,0.6544101259840046,Shakira - Te Necesito,0.6403206781469308
TRXQFEE128F145EC9A,SOJXCPV12A6D4F791D,ARDCFNZ1187FB3DDB0,Enrique Iglesias,Alguien Como Tú,latin,Violadores del Verso - Dale tiempo al rumor,1636.0,Violadores del Verso - Cantando,1433.0,Victor Manuelle - Lloré Lloré,1349.0,Violadores del Verso - Dale tiempo al rumor,1558.6825000000051,Violadores del Verso - Cantando,1364.832499999988,Victor Manuelle - Lloré Lloré,1308.4349999999915,Huey Dunbar - Amor De Siempre,556.6649019295054,Panteón Rococó - Buscándote,547.3753457187897,Camilo Sesto - No Sabes Cuanto Te Quiero,530.2899590573727,Huey Dunbar - Amor De Siempre,0.7020804367392917,Panteón Rococó - Buscándote,0.6912959317893964,Camilo Sesto - No Sabes Cuanto Te Quiero,0.6706164254888761,Willie Colon - Gitana,477.39783476437367,Violadores del Verso - Dale tiempo al rumor,474.4881401951478,Violadores del Verso - Cantando,466.051030338143,Willie Colon - Gitana,442.6793147460474,Violadores del Verso - Dale tiempo al rumor,429.33613307935696,Violadores del Verso - Cantando,422.061377852013,Juan Luis Guerra - Como Yo,476.85460238365295,Mago de Oz - Desde mi cielo,468.2832675503994,Illya Kuryaki And The Valderramas - Virgen De Riña,466.5723335477791,Juan Luis Guerra - Como Yo,0.6074127048750652,Mago de Oz - Desde mi cielo,0.5995042988745183,Illya Kuryaki And The Valderramas - Virgen De Riña,0.5942338765420896
TRZGBAF128F145ECA8,SOFAZCL12A58A79B38,ARDCFNZ1187FB3DDB0,Enrique Iglesias,Inalcanzable,latin,Violadores del Verso - Dale tiempo al rumor,945.0,Violadores del Verso - Cantando,748.0,Danity Kane - Hold Me Down (Album Version),718.0,Violadores del Verso - Dale tiempo al rumor,900.637499999992,Violadores del Verso - Cantando,708.8875000000071,Alain Clark - Heerlijk,677.774999999986,Café Quijano - Vete De Mi,576.5083373519326,Chavela Vargas - Tu Me Acostumbraste,547.5126770499522,Enrique Iglesias - Lloro Por Ti,541.1267573123462,Café Quijano - Vete De Mi,0.725253641400674,Chavela Vargas - Tu Me Acostumbraste,0.6892827735923821,Enrique Iglesias - Lloro Por Ti,0.681798255414245,Violadores del Verso - Dale tiempo al rumor,368.4251541579082,Violadores del Verso - Cantando,336.2623122245224,Daddy Yankee - Todos Quieren A Raymond,309.5293094068842,Violadores del Verso - Dale tiempo al rumor,338.8410153941963,Violadores del Verso - Cantando,307.43976221074223,Daddy Yankee - Todos Quieren A Raymond,281.8136351693128,José José - Cosas Imposibles,458.1799113317333,Ekhymosis - Una Flor En El Desierto,457.69961157367106,Enrique Iglesias - Adicto,446.1703728491912,Ekhymosis - Una Flor En El Desierto,0.5829532100580483,José José - Cosas Imposibles,0.5821276762865142,Enrique Iglesias - Adicto,0.5701178800382924
TRUQGGJ128F427E02B,SOOHKUS12A8C13AB12,ARDCFNZ1187FB3DDB0,Enrique Iglesias,Lloro Por Ti,latin,Violadores del Verso - Dale tiempo al rumor,2870.0,Violadores del Verso - Cantando,2305.0,Victor Manuelle - Lloré Lloré,1816.0,Violadores del Verso - Dale tiempo al rumor,2754.657500000033,Violadores del Verso - Cantando,2203.307499999994,Victor Manuelle - Lloré Lloré,1755.484999999985,Café Quijano - Vete De Mi,645.6030693661507,Reik - Fui,617.3382343985554,Il Divo - Por Ti Seré (You Raise Me Up),605.2259732775268,Café Quijano - Vete De Mi,0.8111340524279981,Reik - Fui,0.7766371888415745,Il Divo - Por Ti Seré (You Raise Me Up),0.7606448332307226,Violadores del Verso - Dale tiempo al rumor,640.0130267626988,Daddy Yankee - Todos Quieren A Raymond,613.5025668064669,Willie Colon - Gitana,602.6956828227122,Violadores del Verso - Dale tiempo al rumor,581.4048858108309,Daddy Yankee - Todos Quieren A Raymond,558.5959780000554,Willie Colon - Gitana,557.6304012361052,Ricardo Arjona - Amor de Tele,541.1648502159088,Terranova - De Oro,540.4163268094798,Sanalejo - Mujer Calavera,526.4592922833323,Terranova - De Oro,0.6869241022781764,Ricardo Arjona - Amor de Tele,0.6867212848594235,Sanalejo - Mujer Calavera,0.6708682614746574
TRDEKRZ128E0791C7A,SOCPKAV12A670214EC,ARDCFNZ1187FB3DDB0,Enrique Iglesias,Mamacita,latin,Violadores del Verso - Dale tiempo al rumor,1694.0,Violadores del Verso - Cantando,1623.0,Los Van Van - El Negro Está Cocinando,1450.0,Violadores del Verso - Dale tiempo al rumor,1619.8512499999883,Violadores del Verso - Cantando,1557.626250000016,Los Van Van - El Negro Está Cocinando,1408.3187499999872,Fonseca - Sueño,634.9349057105003,Willie Colon - Guaracha,619.6605925367388,Cabas - La Quejosa,617.8608231300649,Fonseca - Sueño,0.7983060717671225,Willie Colon - Guaracha,0.781184766205748,Cabas - La Quejosa,0.7779809488814922,Violadores del Verso - Cantando,556.6558290774824,Violadores del Verso - Dale tiempo al rumor,523.3039219885742,Wilfrido Vargas - El Semáforo,469.1605946515338,Violadores del Verso - Cantando,507.7950292844405,Violadores del Verso - Dale tiempo al rumor,473.15205546419145,Wilfrido Vargas - El Semáforo,433.76811550658147,Love Of Lesbian - El ectoplasta,497.79874349988165,Elvis Crespo - Vuelve Conmigo,496.7156939379651,Buena Vista Social Club - Buena Vista Social Club,494.4348430568816,Love Of Lesbian - El ectoplasta,0.6370280155657482,Buena Vista Social Club - Buena Vista Social Club,0.6342197512876276,Elvis Crespo - Vuelve Conmigo,0.6328223184113303
TRFFSMS128F428BC88,SOEMVNF12A8C13C53A,ARDCFNZ1187FB3DDB0,Enrique Iglesias,Miss You,latin,Lauryn Hill - Interlude 5,13632.0,Twista - I'm A Winner (Amended Album Version),12008.0,Erykah Badu - I Want You,10887.0,Lauryn Hill - Interlude 5,12757.999999999887,Twista - I'm A Winner (Amended Album Version),11436.812500000042,Erykah Badu - I Want You,10565.781250000067,The Airborne Toxic Event - The Girls In Their Summer Dresses,616.186701228857,Tracey Ullman - Breakaway,601.226835969844,KeKe Wyatt - Never Do It Again,582.8436028874419,The Airborne Toxic Event - The Girls In Their Summer Dresses,0.7737294430604407,Tracey Ullman - Breakaway,0.7550425327997425,KeKe Wyatt - Never Do It Again,0.7335975568454328,Lauryn Hill - Interlude 5,237.97554019213982,Eminem - 8 Mile,213.00758723246184,Prince - I Love U In Me ( LP Version),207.88225720824903,Johnny Winter - Miss Ann,167.75763915144316,Michael Bublé - You'll Never Find Another Love Like Mine (Album Version),166.88331290760328,The Dells - I Miss You,163.48336157797416,The Dells - I Miss You,261.8050337312161,Johnny Winter - Miss Ann,259.2597701350815,Joe Nichols - Freedom Feels Like Lonely,240.37146926696664,The Dells - I Miss You,0.3639132352569434,Johnny Winter - Miss Ann,0.35033720547282005,Joe Nichols - Freedom Feels Like Lonely,0.33406981705643635
TRUPWID128F4215874,SOPTXAZ12AF729F789,ARDCFNZ1187FB3DDB0,Enrique Iglesias,Para De Jugar,latin,Violadores del Verso - Dale tiempo al rumor,2101.0,Violadores del Verso - Cantando,1912.0,Wisin & Yandel - Por Mi Reggae Muero,1730.0,Violadores del Verso - Dale tiempo al rumor,1969.813750000044,Violadores del Verso - Cantando,1796.338750000054,Wisin & Yandel - Por Mi Reggae Muero,1662.466250000022,Los Calzones - Libre,534.2667943704809,Sanalejo - Mujer Calavera,481.10772035816166,Gipsy Kings - Madre Mia,478.3055532989033,Los Calzones - Libre,0.6722947027867966,Sanalejo - Mujer Calavera,0.6106130596152857,Gipsy Kings - Madre Mia,0.604483787776118,Violadores del Verso - Dale tiempo al rumor,490.468949644783,Violadores del Verso - Cantando,489.4081464391703,Wisin & Yandel - Por Mi Reggae Muero,485.73402550179907,Wisin & Yandel - Por Mi Reggae Muero,454.7628769708591,Violadores del Verso - Cantando,435.89943098816804,Violadores del Verso - Dale tiempo al rumor,435.54635389200723,Enrique Iglesias - Al Despertar,479.23551511525886,Pablo Milanés - Te Quiero Porque Te Quiero,471.0255060559993,Luis Miguel - La Media Vuelta,470.44448993688474,Enrique Iglesias - Al Despertar,0.6110944718647311,Pablo Milanés - Te Quiero Porque Te Quiero,0.6026928529157018,Luis Miguel - La Media Vuelta,0.5998291718701699
TRIIBVP128E0792750,SOWFIVV12A6701FFBF,ARDCFNZ1187FB3DDB0,Enrique Iglesias,She Be The One,latin,Lauryn Hill - Interlude 5,6600.0,Twista - I'm A Winner (Amended Album Version),6088.0,Michael Jackson - Man In The Mirror,4367.0,Lauryn Hill - Interlude 5,6048.000000000035,Twista - I'm A Winner (Amended Album Version),5727.250000000005,Michael Jackson - Man In The Mirror,3893.750000000005,Billy Squier - She's A Runner (24-Bit Digitally Remastered 02),588.9743101495985,The Bluetones - Carnt Be Trusted,585.4571208957275,Robert Palmer - Too Good To Be True,544.9403628468818,Billy Squier - She's A Runner (24-Bit Digitally Remastered 02),0.7437487791483225,The Bluetones - Carnt Be Trusted,0.739590795519174,Robert Palmer - Too Good To Be True,0.6894555971893391,Beastie Boys - B-Boy Bouillabaisse: A.W.O.L. (2009 Digital Remaster),311.2500410087147,Twiztid - She Ain't Afraid,288.09346282611267,Daft Punk - Touch It / Technologic,265.78029827393806,Daft Punk - Touch It / Technologic,202.83450166024045,Twiztid - She Ain't Afraid,190.05587944537785,Ying Yang Twins - 1st Booty On Duty,155.7393670670275,Billy Squier - She's A Runner (24-Bit Digitally Remastered 02),247.92817026145045,Fear - Beef Bologna,244.62291021189233,Daft Punk - Touch It / Technologic,242.24841168297348,Billy Squier - She's A Runner (24-Bit Digitally Remastered 02),0.3649983035001176,Daft Punk - Touch It / Technologic,0.36235956111543977,Mutya Buena - Not Your Baby,0.3457210153670119
TRQMXBD128F145ECA2,SONBQQE12A6D4F7922,ARDCFNZ1187FB3DDB0,Enrique Iglesias,Trapecista,latin,Violadores del Verso - Dale tiempo al rumor,1950.0,Violadores del Verso - Cantando,1664.0,Daddy Yankee - Como Y Vete,1515.0,Violadores del Verso - Dale tiempo al rumor,1870.1475000000105,Violadores del Verso - Cantando,1593.5974999999985,Daddy Yankee - Como Y Vete,1453.260000000004,Cabas - Guacamaya,645.3832186705083,El sueño de Morfeo - Sonrisa especial,608.524489511845,Kudai - Volar,578.3044662141341,Cabas - Guacamaya,0.8107519604972093,El sueño de Morfeo - Sonrisa especial,0.7655637412106407,Kudai - Volar,0.728733969848113,Violadores del Verso - Dale tiempo al rumor,597.6163018459958,Violadores del Verso - Cantando,577.4167599889448,Daddy Yankee - Todos Quieren A Raymond,444.02800677671394,Violadores del Verso - Dale tiempo al rumor,545.4406210738247,Violadores del Verso - Cantando,526.5842452901002,Toby Love - Amores Como El Tuyo,403.9604601765014,Enrique Iglesias - Tu Vacio,534.6231409314379,Cabas - Guacamaya,520.1506483559926,Jennifer Lopez - Amarte Es Todo,484.85302990891097,Enrique Iglesias - Tu Vacio,0.6808043370759881,Cabas - Guacamaya,0.6612664327844339,Jennifer Lopez - Amarte Es Todo,0.6182321103674419
TREGRRQ128F145EC8D,SOMRUDM12A6D4F7911,ARDCFNZ1187FB3DDB0,Enrique Iglesias,Tu Vacio,latin,Violadores del Verso - Dale tiempo al rumor,2723.0,Violadores del Verso - Cantando,2313.0,Victor Manuelle - Lloré Lloré,1972.0,Violadores del Verso - Dale tiempo al rumor,2611.4600000000014,Violadores del Verso - Cantando,2214.6599999999694,Victor Manuelle - Lloré Lloré,1913.480000000015,Aventura - Todavía Me Amas,670.2832565524916,Los Van Van - Quien No Ha Dicho Una Mentira,660.6775931865782,Camilo Sesto - No Sabes Cuanto Te Quiero,656.1655659989759,Aventura - Todavía Me Amas,0.8419892355587912,Los Van Van - Quien No Ha Dicho Una Mentira,0.8305141623440622,Camilo Sesto - No Sabes Cuanto Te Quiero,0.8251332986321729,Violadores del Verso - Dale tiempo al rumor,697.8285580148568,Violadores del Verso - Cantando,590.8676491561305,Violadores del Verso - La ciudad nunca duerme,587.1413838229308,Violadores del Verso - Dale tiempo al rumor,633.0903302562983,Violadores del Verso - La ciudad nunca duerme,532.3536128196071,Violadores del Verso - Cantando,527.7959869293755,Cabas - Llega La Noche,537.2097708515512,Enrique Iglesias - Trapecista,534.6231409314379,Gilberto Santa Rosa - Desde Que No Estas,534.2875608938933,Cabas - Llega La Noche,0.6827817358016455,Gilberto Santa Rosa - Desde Que No Estas,0.6823420432306128,Enrique Iglesias - Trapecista,0.6808043370759881
TRLILBA128F42158A3,SOPPWVJ12A6D4F7915,ARDCFNZ1187FB3DDB0,Enrique Iglesias,Volveré,latin,Violadores del Verso - Dale tiempo al rumor,1781.0,Victor Manuelle - Lloré Lloré,1540.0,Tego Calderon - Al Natural (Amended Version),1532.0,Violadores del Verso - Dale tiempo al rumor,1684.0362500000097,Victor Manuelle - Lloré Lloré,1489.127499999991,Tego Calderon - Al Natural (Amended Version),1466.2100000000055,Joe Veras - Intentalo tu,564.0624483213317,Raulin Rodriguez - ya No,557.8675384020164,Natalia Oreiro - Gitano Corazon,556.3298949533686,Joe Veras - Intentalo tu,0.7132860159735198,Raulin Rodriguez - ya No,0.7047160219839157,Natalia Oreiro - Gitano Corazon,0.7033752313996001,Violadores del Verso - Dale tiempo al rumor,663.6472211601961,Violadores del Verso - Cantando,612.6312554231239,Willie Colon - Gitana,570.9545247000758,Violadores del Verso - Dale tiempo al rumor,604.9032035355079,Violadores del Verso - Cantando,555.3994935144607,Willie Colon - Gitana,525.7847641038467,Aventura - Obsesion (English Remix_ Album Version),513.4884764470851,Victor Manuelle - Lloré Lloré,504.53408173048973,Karamelo Santo - Tu Pa Mi,504.1074800427958,Aventura - Obsesion (English Remix_ Album Version),0.6569922372070509,Karamelo Santo - Tu Pa Mi,0.644137663851708,Victor Manuelle - Lloré Lloré,0.6439278459689813
TRBFJPO128F4295BE3,SOZOEJC12CF5CFAD99,AR6PJ8R1187FB5AD70,Shakira,Estoy Aquí,latin,Violadores del Verso - Dale tiempo al rumor,687.0,Johnny Prez - Te Vuelvo Loca,576.0,Tego Calderon - Al Natural (Amended Version),543.0,Violadores del Verso - Dale tiempo al rumor,644.5387499999974,Johnny Prez - Te Vuelvo Loca,549.0324999999928,Tego Calderon - Al Natural (Amended Version),514.1899999999988,Móveis Coloniais de Acaju - Receio do remorso,600.5313020015142,Ana Carolina - Rosas,596.7164352559018,Raimundos - Nêga Jurema,574.1096193502963,Móveis Coloniais de Acaju - Receio do remorso,0.7535410105085976,Ana Carolina - Rosas,0.7496491157650809,Raimundos - Nêga Jurema,0.7217252418300996,Ana Carolina - Rosas,372.0106568266397,O Rappa - Eu Quero Ver Gol,327.60709877193653,Expensive Soul - O Show Não Vai Parar,307.41603676233433,Ana Carolina - Rosas,362.35034125726736,O Rappa - Eu Quero Ver Gol,318.3725645250752,Expensive Soul - O Show Não Vai Parar,298.74970169543843,Ana Carolina - Rosas,586.0672189003942,João Gilberto - Sampa,577.4802921591588,Mombojó - splash shine,536.908877371715,Ana Carolina - Rosas,0.7377059163417733,João Gilberto - Sampa,0.7266937143011741,Mombojó - splash shine,0.6757869014859792
TRCLERB12903CBBC8D,SODKNST12D02193AD7,ARB054P1187B9AD32E,Santana,Life Is Anew,latin,Lauryn Hill - Interlude 5,1944.0,Twista - I'm A Winner (Amended Album Version),1399.0,Beastie Boys - B-Boy Bouillabaisse: A.W.O.L. (2009 Digital Remaster),1243.0,Lauryn Hill - Interlude 5,1787.600000000011,Twista - I'm A Winner (Amended Album Version),1296.787499999998,Beastie Boys - B-Boy Bouillabaisse: A.W.O.L. (2009 Digital Remaster),1112.206249999993,Tony Bennett - Because Of You,551.4050060388246,Assemblage 23 - MAPS OF REALITY,511.5629832235654,Dawn of Relic - The Awakening,466.5242625549888,Tony Bennett - Because Of You,0.6979276657996403,Assemblage 23 - MAPS OF REALITY,0.6509717320768102,Dawn of Relic - The Awakening,0.5958706870221957,Lauryn Hill - Interlude 5,140.86980975189792,Beastie Boys - B-Boy Bouillabaisse: A.W.O.L. (2009 Digital Remaster),126.9452740698949,Savatage - The Hourglass,100.50206777977067,Lauryn Hill - Interlude 5,80.55321229926054,Janet Jackson - Because Of Love,69.52171134165451,Beastie Boys - B-Boy Bouillabaisse: A.W.O.L. (2009 Digital Remaster),65.46683025467912,Tony Bennett - Because Of You,257.5377289951707,Janet Jackson - Because Of Love,227.14192680996598,Alison Krauss / Union Station - New Favorite,222.59012097740828,Tony Bennett - Because Of You,0.3491656802503126,Janet Jackson - Because Of Love,0.3156957596951621,Alison Krauss / Union Station - New Favorite,0.30268623161628033
TRNXCMJ128F4295BC6,SOCYFSR12AB018C4AF,AR6PJ8R1187FB5AD70,Shakira,Donde Estas Corazon,latin,Violadores del Verso - Dale tiempo al rumor,2540.0,Violadores del Verso - La ciudad nunca duerme,1973.0,Rey Ruiz - No Existe Un Lugar,1868.0,Violadores del Verso - Dale tiempo al rumor,2442.4024999999883,Violadores del Verso - La ciudad nunca duerme,1907.164999999981,Rey Ruiz - No Existe Un Lugar,1822.5699999999883,Rosana - Nadie mas que yo (directo Las Ventas),606.0942374756904,Todos Tus Muertos - No Mas Apartheid,593.469029927447,Mecano - Cenando En Paris,591.6608077872351,Rosana - Nadie mas que yo (directo Las Ventas),0.7623361782989397,Todos Tus Muertos - No Mas Apartheid,0.7437103690368632,Mecano - Cenando En Paris,0.7430553759796567,Violadores del Verso - La ciudad nunca duerme,556.9757268300414,Daddy Yankee - Todos Quieren A Raymond,550.898851981647,Violadores del Verso - Dale tiempo al rumor,535.0590959361023,Violadores del Verso - La ciudad nunca duerme,509.96361817179536,Daddy Yankee - Todos Quieren A Raymond,498.85691855140203,Violadores del Verso - Dale tiempo al rumor,479.5087323788052,La Oreja de Van Gogh - El 28,520.7134757127943,Joan Manuel Serrat - Mediterraneo,496.25251879867113,Carlos Vives - 19 De Noviembre,495.43332139727477,La Oreja de Van Gogh - El 28,0.6621457430135217,Joan Manuel Serrat - Mediterraneo,0.6359535614166062,Carlos Vives - 19 De Noviembre,0.6321674594857196
TRNXJGR128F93044E7,SOUGMXP12AB017C76C,AR6PJ8R1187FB5AD70,Shakira,Octavo Día,latin,Violadores del Verso - Dale tiempo al rumor,1325.0,Violadores del Verso - Cantando,1247.0,Victor Manuelle - Lloré Lloré,1004.0,Violadores del Verso - Dale tiempo al rumor,1266.6950000000036,Violadores del Verso - Cantando,1195.5950000000012,Victor Manuelle - Lloré Lloré,973.409999999996,Malu - Agua De Mayo,614.4889262823573,Malu - Y Sigo Preguntandome,598.1961971958689,Joan Manuel Serrat - Mediterraneo,597.9184468706145,Malu - Agua De Mayo,0.7738504648542559,Malu - Y Sigo Preguntandome,0.75420571824152,Joan Manuel Serrat - Mediterraneo,0.7541124213306418,Violadores del Verso - Cantando,579.4883671178757,Violadores del Verso - Dale tiempo al rumor,509.95659740519466,Daddy Yankee - Todos Quieren A Raymond,403.3098057135974,Violadores del Verso - Cantando,533.7143171243604,Violadores del Verso - Dale tiempo al rumor,462.9730429959654,Aventura - Enséñame A Olvidar,360.90295102342117,Malu - Agua De Mayo,535.1128901375542,Diego Torres - Como Un Haz De Luna,516.9540645879105,Violadores del Verso - Cantando,507.54801977526375,Malu - Agua De Mayo,0.6801457129128257,Diego Torres - Como Un Haz De Luna,0.6571378849581355,Violadores del Verso - Cantando,0.6504470858217083
TRJHDIB128F92E5849,SOVJQJJ12A8C1448E7,AR6PJ8R1187FB5AD70,Shakira,Te Necesito,latin,Violadores del Verso - Dale tiempo al rumor,1756.0,Violadores del Verso - Cantando,1436.0,Johnny Prez - Te Vuelvo Loca,1398.0,Violadores del Verso - Dale tiempo al rumor,1671.7112500000226,Violadores del Verso - Cantando,1361.686249999991,Johnny Prez - Te Vuelvo Loca,1344.467500000007,Aventura - Todavía Me Amas,676.8420741197534,Aventura - Obsesion (English Remix_ Album Version),664.1244625772132,Luz Casal - No Te Vayas,662.496649209261,Aventura - Todavía Me Amas,0.8502642554113827,Aventura - Obsesion (English Remix_ Album Version),0.8351481735151566,Luz Casal - No Te Vayas,0.8320262743702862,Violadores del Verso - Dale tiempo al rumor,651.7098294624886,Daddy Yankee - Todos Quieren A Raymond,587.0703444490949,Violadores del Verso - Cantando,578.4155021197631,Violadores del Verso - Dale tiempo al rumor,589.9863512722729,Daddy Yankee - Todos Quieren A Raymond,529.2451757668939,Violadores del Verso - Cantando,518.2809803285205,Fanny Lu - Es Por Ti,550.2253006758671,La Oreja de Van Gogh - El 28,531.0784853218024,Diego Torres - Volver,519.5972069230904,Fanny Lu - Es Por Ti,0.7033654595182293,La Oreja de Van Gogh - El 28,0.6758529700819925,Joan Manuel Serrat - Mediterraneo,0.6668713910900347
TRYQVKS128F4259A11,SOXVXZS12AF72ABF9F,ARB054P1187B9AD32E,Santana,Evil Ways,latin,Lauryn Hill - Interlude 5,3945.0,Beastie Boys - B-Boy Bouillabaisse: A.W.O.L. (2009 Digital Remaster),2783.0,Michael Jackson - Man In The Mirror,2768.0,Lauryn Hill - Interlude 5,3650.5999999999735,Beastie Boys - B-Boy Bouillabaisse: A.W.O.L. (2009 Digital Remaster),2536.799999999992,Michael Jackson - Man In The Mirror,2515.599999999982,Fat Joe - Preacher On A Sunday Morning,538.2106680980687,Amel Larrieux - Sweet Misery,536.9200032594808,The Monkees - I'll Spend My Life With You,535.7735741838169,Fat Joe - Preacher On A Sunday Morning,0.688377986229675,Atmosphere - Happymess,0.6853527735800584,Westside Connection - Superstar (Double Murder = Double Platinum),0.6848710777238295,Beastie Boys - B-Boy Bouillabaisse: A.W.O.L. (2009 Digital Remaster),168.34884501295087,Lauryn Hill - Interlude 5,146.8239498056173,Michael Jackson - Man In The Mirror,145.41496560411838,Mississippi Fred McDowell - Shake 'Em On Down,99.02045519503764,Michael Jackson - Man In The Mirror,95.84840569521499,The Isley Brothers - Contagious,94.78185469687688,Swans - Can't Find My Way Home,235.08612045851763,Stevie Wonder - If You Really Love Me,224.53226481981181,Shannon Curfman - If You Change Your Mind,218.30803818945932,Swans - Can't Find My Way Home,0.32806468752674584,Stevie Wonder - If You Really Love Me,0.3201334983780427,Shannon Curfman - If You Change Your Mind,0.3167835945142846
TRSOTQI128E0789132,SOURGXB12A6701F9E5,ARJW1SP1187FB4CA51,Pink Martini,Anna (el negro zumbon),latin,Lauryn Hill - Interlude 5,2965.0,Danity Kane - Hold Me Down (Album Version),2314.0,Beastie Boys - B-Boy Bouillabaisse: A.W.O.L. (2009 Digital Remaster),2066.0,Lauryn Hill - Interlude 5,2587.800000000025,Danity Kane - Hold Me Down (Album Version),2139.2375,Five - That's What You Told Me,1753.474999999991,Inti Illimani - El Arado,447.1805821294073,Rosana - A fuego lento (directo Las Ventas),439.6167938792604,Thomas Dybdahl - U,398.5574096449876,Inti Illimani - El Arado,0.5687488472595515,Rosana - A fuego lento (directo Las Ventas),0.558964734607865,Gloria Estefan - Nuevo Dia (New Day),0.5144103695797536,Violadores del Verso - La ciudad nunca duerme,296.6609272301105,Violadores del Verso - Cantando,283.5613626209924,Juanes - Tu Y Yo,276.3267126266247,Violadores del Verso - La ciudad nunca duerme,229.10711182960708,Juanes - Tu Y Yo,226.7748318696206,Daddy Yankee - Grito Mundial,222.10408307198156,Mecano - La Estación,281.9457318293261,Thievery Corporation - Exilio,280.25715785588415,El sueño de Morfeo - Ven,275.20373523850816,Mecano - La Estación,0.37377380447353964,El sueño de Morfeo - Ven,0.3705493564961004,Thievery Corporation - Exilio,0.3605767292148959
TRZHOUV128F9316269,SOIYPYO12AB017C8BE,ARJW1SP1187FB4CA51,Chavela Vargas,Piensa en mi,latin,Abba - Move On,627.0,Violadores del Verso - Dale tiempo al rumor,614.0,Horace Andy - Horse With No Name,601.0,Abba - Move On,599.3924999999883,Violadores del Verso - Dale tiempo al rumor,579.7775000000094,Horace Andy - Horse With No Name,576.1600000000191,Enrique Iglesias - La Chica De Ayer,511.7959481729911,Maelo Ruiz - Asi Eres Tu,469.9098252574024,Shakira - Tú,469.6561710902592,Enrique Iglesias - La Chica De Ayer,0.6470591680907622,Maelo Ruiz - Asi Eres Tu,0.5960973863107749,Shakira - Tú,0.5956847588351356,Violadores del Verso - Dale tiempo al rumor,287.43085211441235,Frank Reyes - Que Voy A hacer Sin Tí,272.9363310905544,Willie Colon - Gitana,269.66753458533236,Violadores del Verso - Dale tiempo al rumor,259.8508511307332,Frank Reyes - Que Voy A hacer Sin Tí,256.02672654406825,Victor Manuelle - Como Duele,249.30657322890207,Diego Torres - Después De Ti,459.6638607381044,Malu - No Voy A Cambiar,414.5480023268473,Frank Reyes - Que Voy A hacer Sin Tí,409.87991699106476,Diego Torres - Después De Ti,0.5853672521757632,Malu - No Voy A Cambiar,0.5316012248324076,Frank Reyes - Que Voy A hacer Sin Tí,0.5262454487487807
TRPXMGA128F42A98BA,SOGHCII12D021B3225,ARB054P1187B9AD32E,Santana,Esperando,latin,Beastie Boys - B-Boy Bouillabaisse: A.W.O.L. (2009 Digital Remaster),1122.0,The Roots - Mellow My Man,1113.0,Nina Simone - My Baby Just Cares For Me,1109.0,Nina Simone - My Baby Just Cares For Me,1051.8800000000176,The Roots - Mellow My Man,1021.0199999999884,Beastie Boys - B-Boy Bouillabaisse: A.W.O.L. (2009 Digital Remaster),949.6599999999962,Nina Simone - My Baby Just Cares For Me,372.5983559111461,Patty Griffin - Waiting For My Child,371.4190281700381,Doyle Bramhall - Cryin',355.2511999229215,Patty Griffin - Waiting For My Child,0.4834836432419623,Nina Simone - My Baby Just Cares For Me,0.4783821398184999,Doyle Bramhall - Cryin',0.461600542171137,Violadores del Verso - Cantando,271.5292784914374,Tego Calderon - Al Natural (Amended Version),270.21805312299125,Daddy Yankee - Todos Quieren A Raymond,267.0734595582753,Tego Calderon - Al Natural (Amended Version),240.35587120505159,Wilfrido Vargas - El Semáforo,228.35911835873532,Estopa - Gulere Gulere,227.8672958717908,Estopa - Gulere Gulere,388.47825567405295,Tito Rojas - He Chocado Con La Vida,361.6021963602929,Aterciopelados - El Diablo,338.16097333838314,Estopa - Gulere Gulere,0.5044347592419146,Tito Rojas - He Chocado Con La Vida,0.46401445658311513,Aterciopelados - El Diablo,0.4455729568825546
TRBYMWR128F425DD8E,SOMNTDT12A8AE47628,AR65K7A1187FB4DAA4,Beyoncé,Beautiful Liar (Bello Embustero),latin,Enrique Iglesias - Miss You,1932.0,Violadores del Verso - Dale tiempo al rumor,1779.0,Tracey Ullman - Breakaway,1748.0,Enrique Iglesias - Miss You,1844.124999999996,Tracey Ullman - Breakaway,1694.5349999999862,Violadores del Verso - Dale tiempo al rumor,1685.2049999999745,Frank Reyes - Vine A Decirte Adios,545.6801613127329,Rey Ruiz - No Existe Un Lugar,536.8722845301145,Shakira - Años Luz,514.7734036448971,Frank Reyes - Vine A Decirte Adios,0.6859793305271504,Rey Ruiz - No Existe Un Lugar,0.6770187355102132,Shakira - Años Luz,0.6510024687072693,Violadores del Verso - Cantando,697.4056678718886,Violadores del Verso - Dale tiempo al rumor,667.3065871161176,Daddy Yankee - Todos Quieren A Raymond,531.8617348524248,Violadores del Verso - Cantando,638.0718942956316,Violadores del Verso - Dale tiempo al rumor,606.4050156029808,Daddy Yankee - Todos Quieren A Raymond,474.806563157371,Violadores del Verso - Cantando,476.3387313190822,Grupo Niche - Buenaventura Y Caney,462.32788412934707,Ana Torroja - Cruz De Navajas,453.2620929204121,Violadores del Verso - Cantando,0.6141373226798931,Grupo Niche - Buenaventura Y Caney,0.5950309300704897,Ana Torroja - Cruz De Navajas,0.5826842547496371
TRPAZDJ128F42881A1,SOGAFMO12D02199AD2,ARYN2M61187B995BD6,Juanes,Rosario Tijeras,latin,Abba - Move On,2808.0,Horace Andy - Horse With No Name,2595.0,Violadores del Verso - Dale tiempo al rumor,2494.0,Abba - Move On,2730.801250000004,Horace Andy - Horse With No Name,2525.539999999948,Violadores del Verso - Dale tiempo al rumor,2398.303750000026,Joan Manuel Serrat - La Aristocracia del Barrio,661.3471665834064,Tito El Bambino - Sol_ Playa Y Arena,632.2598736802245,Mercedes Sosa - El Cosechero,606.6878724936934,Joan Manuel Serrat - La Aristocracia del Barrio,0.8298251097347298,Tito El Bambino - Sol_ Playa Y Arena,0.7937309125358529,Mercedes Sosa - El Cosechero,0.7626811957876786,Violadores del Verso - La ciudad nunca duerme,580.5162714703971,Gilberto Santa Rosa - Un Montón de Estrellas,579.2673652660634,Violadores del Verso - Dale tiempo al rumor,567.2087800251645,Gilberto Santa Rosa - Un Montón de Estrellas,540.5191384364832,Violadores del Verso - La ciudad nunca duerme,532.0705090360535,Victor Manuelle - Como Duele,526.9932250743287,Café Quijano - En Algún Rincón,482.323459090973,Abuela Coca - Se Duerme,481.77112793835465,Aventura - Me Voy,467.7181230164504,Café Quijano - En Algún Rincón,0.6156095776277264,Abuela Coca - Se Duerme,0.6153066080890786,Aventura - Me Voy,0.600692101569626
TRHZGZO128F9341C4A,SOAUETF12D02199708,ARLUF1T1187FB3603B,Ricardo Arjona,Animal Nocturno,latin,Violadores del Verso - Dale tiempo al rumor,2421.0,Violadores del Verso - Cantando,2178.0,Violadores del Verso - La ciudad nunca duerme,1658.0,Violadores del Verso - Dale tiempo al rumor,2339.246249999961,Violadores del Verso - Cantando,2105.9212500000217,Los Van Van - El Negro Está Cocinando,1606.0437500000075,Los Van Van - Quien No Ha Dicho Una Mentira,707.0470771846951,El Barrio - Don Manuel Sr. Molina,689.7036173354845,Juan Carlos Baglietto - Cuando,686.5937454305747,Los Van Van - Quien No Ha Dicho Una Mentira,0.8865650602336969,El Barrio - Don Manuel Sr. Molina,0.8654340962571605,Juan Carlos Baglietto - Cuando,0.86156836677929,Violadores del Verso - Dale tiempo al rumor,593.7730655231278,Violadores del Verso - Cantando,581.8188171914792,Violadores del Verso - La ciudad nunca duerme,530.7410795906515,Violadores del Verso - Dale tiempo al rumor,541.438018414939,Violadores del Verso - Cantando,530.8310387471971,Violadores del Verso - La ciudad nunca duerme,486.4500837496071,Natalia Oreiro - Rio De La Plata,554.1107809856398,Silvio Rodríguez - Santiago de Chile,549.962118988949,Juan Carlos Baglietto - Cuando,546.7830062250829,Natalia Oreiro - Rio De La Plata,0.704463283976811,Silvio Rodríguez - Santiago de Chile,0.697562385480217,Juan Carlos Baglietto - Cuando,0.6965366846398285
TRDFNLR12903CB0FE4,SOFDJSB12AB0183B5B,ARGN0KR1187B991A99,Camila,Alejate De Mi,latin,Violadores del Verso - Dale tiempo al rumor,2804.0,Victor Manuelle - Lloré Lloré,2504.0,Los Van Van - El Negro Está Cocinando,2440.0,Violadores del Verso - Dale tiempo al rumor,2682.9537499999733,Victor Manuelle - Lloré Lloré,2440.4925000000044,Los Van Van - El Negro Está Cocinando,2371.9562499999706,Aventura - Obsesion (English Remix_ Album Version),627.302265805031,Bebe - La Coqueta,624.6220047227253,Edurne - Aqui Se Termino (Never Forever),614.2481414055836,Aventura - Obsesion (English Remix_ Album Version),0.7898638191270088,Bebe - La Coqueta,0.7863864435880652,Edurne - Aqui Se Termino (Never Forever),0.7735494241238626,Violadores del Verso - Dale tiempo al rumor,743.880461242836,Daddy Yankee - Como Y Vete,663.473688256411,Violadores del Verso - Cantando,662.8965462580029,Violadores del Verso - Dale tiempo al rumor,677.4569687850901,Daddy Yankee - Como Y Vete,611.7297749642357,Violadores del Verso - Cantando,598.1830033442037,Il Divo - Enamorado,562.3292875656437,Aventura - Enséñame A Olvidar,504.8824853366195,Illya Kuryaki And The Valderramas - Virgen De Riña,495.08168863268247,Il Divo - Enamorado,0.7107875507710657,Aventura - Enséñame A Olvidar,0.6470741923482867,Illya Kuryaki And The Valderramas - Virgen De Riña,0.6298890993072591
TROBWIG12903CB0FD7,SODWRNB12AB0183B3B,ARGN0KR1187B991A99,Camila,Entre Tus Alas,latin,Violadores del Verso - Dale tiempo al rumor,1915.0,Violadores del Verso - Cantando,1542.0,Victor Manuelle - Lloré Lloré,1308.0,Violadores del Verso - Dale tiempo al rumor,1839.5837499999968,Violadores del Verso - Cantando,1475.5087500000138,Victor Manuelle - Lloré Lloré,1268.432499999995,Carlos Vives - 19 De Noviembre,652.7044971554038,Fanny Lu - Es Por Ti,638.8872709984579,Carlos Vives - Amor Latino,630.6248425715202,Carlos Vives - 19 De Noviembre,0.8195208037719853,Fanny Lu - Es Por Ti,0.8025887616656597,Carlos Vives - Amor Latino,0.7918395959918446,Violadores del Verso - Dale tiempo al rumor,492.24212500519354,Violadores del Verso - Cantando,490.5261126846101,Panteón Rococó - La Dosis Perfecta,458.2259808622135,Violadores del Verso - Dale tiempo al rumor,444.8716581190455,Violadores del Verso - Cantando,444.37511055786285,Panteón Rococó - La Dosis Perfecta,431.5437545174174,Enrique Iglesias - Lloro Por Ti,523.8306861820375,Malu - Llanto Lloro,510.07775644098604,Luis Miguel - Pensar En Ti,508.14002031919347,Enrique Iglesias - Lloro Por Ti,0.6656133421366833,Malu - Llanto Lloro,0.6494213925497083,Luis Miguel - Pensar En Ti,0.6458396748942069
TRDWUTF12903CA9249,SODRAIV12A8C1430AB,ARGN0KR1187B991A99,Camila,Me Basto,latin,Violadores del Verso - Dale tiempo al rumor,1368.0,Violadores del Verso - Cantando,1265.0,Daddy Yankee - Como Y Vete,1257.0,Violadores del Verso - Dale tiempo al rumor,1294.485000000015,Violadores del Verso - Cantando,1200.1850000000004,Daddy Yankee - Como Y Vete,1200.1600000000053,Luz Casal - No Te Vayas,557.6314916664243,Intocable - Te Extrano,552.053840896331,Enrique Iglesias - Al Despertar,549.5103040779636,Luz Casal - No Te Vayas,0.7033607175156156,Intocable - Te Extrano,0.6967956337518377,Enrique Iglesias - Al Despertar,0.693488685426632,Violadores del Verso - Dale tiempo al rumor,528.551162469587,Violadores del Verso - Cantando,473.02451290621525,Jowell & Randy - Te Ando Buscando,428.88645090247786,Violadores del Verso - Dale tiempo al rumor,482.9853680788022,Violadores del Verso - Cantando,428.63172533057065,Jowell & Randy - Te Ando Buscando,399.81491783337793,Julieta Venegas - Despedida,471.09169784015677,Nena Daconte - Pierdo El Tiempo,455.0237098129323,Rey Ruiz - No Me Acostumbro,453.23685080391397,Julieta Venegas - Despedida,0.6012606478596212,Nena Daconte - Pierdo El Tiempo,0.5819665112003407,Rey Ruiz - No Me Acostumbro,0.5818873963841845
TRCRNBS128F9347F55,SOTOLCQ12AF729AC84,ARGN0KR1187B991A99,Camila,Va Para Ti,latin,Enrique Iglesias - Miss You,3888.0,Tracey Ullman - Breakaway,3474.0,Los Van Van - El Negro Está Cocinando,2940.0,Enrique Iglesias - Miss You,3773.999999999975,Tracey Ullman - Breakaway,3404.639999999952,Los Van Van - El Negro Está Cocinando,2871.6000000000454,Moenia - Manto Estelar,654.2716712706169,Mecano - La Estación,624.6636865506146,Rey Ruiz - No Me Acostumbro,545.8089579572045,Moenia - Manto Estelar,0.8202663217275167,Mecano - La Estación,0.78266981996399,Rey Ruiz - No Me Acostumbro,0.6868530733604221,Violadores del Verso - Cantando,526.2208836306183,Willie Colon - Gitana,488.91701432542345,Violadores del Verso - Dale tiempo al rumor,488.9130521987026,Violadores del Verso - Cantando,478.42715884544225,Willie Colon - Gitana,451.196157330084,Violadores del Verso - Dale tiempo al rumor,439.8564563942617,Moenia - Manto Estelar,454.77370952527923,Pablo Milanés - Te Quiero Porque Te Quiero,452.8878901720358,Ricardo Montaner - La Novia Del Sol (La Canción de Evaluna),440.75568407935725,Moenia - Manto Estelar,0.5802999489086782,Pablo Milanés - Te Quiero Porque Te Quiero,0.5788657412155469,Ricardo Montaner - La Novia Del Sol (La Canción de Evaluna),0.5644360761008821
TRDYKYQ12903CAD2B8,SOCDZHG12A58A81315,AR81DGA1187B9A0A43,Reik,Fui,latin,Violadores del Verso - Dale tiempo al rumor,1123.0,Violadores del Verso - Cantando,963.0,Violadores del Verso - La ciudad nunca duerme,811.0,Violadores del Verso - Dale tiempo al rumor,1074.834999999991,Violadores del Verso - Cantando,920.5349999999952,Violadores del Verso - La ciudad nunca duerme,778.5099999999914,Enrique Iglesias - Lloro Por Ti,617.3382343985554,Gilberto Santa Rosa - No Pense Enamorarme Otra Vez,591.0161248093515,Canteca de macao - La rabia,584.2413824927668,Enrique Iglesias - Lloro Por Ti,0.7766371888415745,Gilberto Santa Rosa - No Pense Enamorarme Otra Vez,0.7448531250656283,Canteca de macao - La rabia,0.7356504997947901,Violadores del Verso - La ciudad nunca duerme,385.8546915483394,Violadores del Verso - Cantando,380.5308057303635,Violadores del Verso - Dale tiempo al rumor,375.7577830633157,Violadores del Verso - La ciudad nunca duerme,354.053348851228,Violadores del Verso - No Paseis Por Alto A Los Genios,345.76208996592266,Violadores del Verso - Cantando,343.9211114825704,Rey Ruiz - Enamorado,506.48869376206716,Il Divo - Por Ti Seré (You Raise Me Up),488.87926013632807,Shakira - Que Me Quedes Tu,487.78626856388155,Rey Ruiz - Enamorado,0.6450950388157899,Shakira - Que Me Quedes Tu,0.6210171953931091,Il Divo - Por Ti Seré (You Raise Me Up),0.6209211958474123
TRAYQRI12903CAD2A1,SOFPPPB12AB018BB18,AR81DGA1187B9A0A43,Reik,Ilusionado,latin,Violadores del Verso - Dale tiempo al rumor,1263.0,Los Van Van - El Negro Está Cocinando,1189.0,Violadores del Verso - Cantando,1154.0,Violadores del Verso - Dale tiempo al rumor,1195.1887499999946,Los Van Van - El Negro Está Cocinando,1150.8812499999844,Violadores del Verso - Cantando,1094.2137499999917,Bebe - La Coqueta,549.1121226161674,Daddy Yankee - Todos Quieren A Raymond,537.6207556645147,Fonseca - Sueño,527.5414763704626,Bebe - La Coqueta,0.6949663275352392,Daddy Yankee - Todos Quieren A Raymond,0.682693490330219,Fonseca - Sueño,0.6674967319502595,Daddy Yankee - Todos Quieren A Raymond,518.7700244854651,Violadores del Verso - Dale tiempo al rumor,480.9333904771456,Violadores del Verso - Cantando,468.33179834801797,Daddy Yankee - Todos Quieren A Raymond,468.11294593201177,Violadores del Verso - Dale tiempo al rumor,426.8612424051152,Violadores del Verso - Cantando,415.6516373804781,Tego Calderon - Llévatelo Todo (Album Version),438.7141390511009,Plastilina Mosh - Enzo,436.9257934842427,Daddy Yankee - Todos Quieren A Raymond,420.68691981297485,Tego Calderon - Llévatelo Todo (Album Version),0.5660923637469067,Plastilina Mosh - Enzo,0.5640449073383921,Daddy Yankee - Todos Quieren A Raymond,0.5493372599216735
TRGFMTT12903CAD2A2,SOIKGCB12AF72A11C6,AR81DGA1187B9A0A43,Reik,Piel De Ciudad,latin,Violadores del Verso - Cantando,1253.0,Violadores del Verso - Dale tiempo al rumor,1226.0,Victor Manuelle - Lloré Lloré,1193.0,Violadores del Verso - Cantando,1190.4199999999903,Victor Manuelle - Lloré Lloré,1155.760000000008,Violadores del Verso - Dale tiempo al rumor,1155.01999999999,Lynda - Voy A Seguir,497.6520360422713,Juanes - Tu Y Yo,478.92269858071575,Camila - Alejate De Mi,474.345539179555,Lynda - Voy A Seguir,0.6320537686475144,Juanes - Tu Y Yo,0.608231897975064,Camila - Alejate De Mi,0.6027363984654994,Violadores del Verso - Cantando,591.1201497328947,Juanes - Tu Y Yo,501.13955845446355,Daddy Yankee - Todos Quieren A Raymond,494.29467764640356,Violadores del Verso - Cantando,542.8714805961449,Juanes - Tu Y Yo,470.396649864089,Daddy Yankee - Todos Quieren A Raymond,447.8989078220423,Juanes - Tu Y Yo,475.8288823484309,Love Of Lesbian - El ectoplasta,455.6524598800375,Victor Manuelle - Hazme Sentir,434.6017269864508,Juanes - Tu Y Yo,0.608666596735188,Love Of Lesbian - El ectoplasta,0.5838625717078453,Victor Manuelle - Hazme Sentir,0.5581996756059193
TRJXNZL128F92E54EE,SOQUZCC12A8C140463,AR81DGA1187B9A0A43,Reik,Quedate,latin,Violadores del Verso - Dale tiempo al rumor,2547.0,Los Van Van - El Negro Está Cocinando,2002.0,Violadores del Verso - Cantando,1951.0,Violadores del Verso - Dale tiempo al rumor,2454.472500000017,Los Van Van - El Negro Está Cocinando,1949.9874999999656,Violadores del Verso - Cantando,1869.422499999975,Gilberto Santa Rosa - Ni Te Llamo Ni Te Busco,662.3624727919646,Aventura - Todavía Me Amas,657.6507164609011,Edurne - Aqui Se Termino (Never Forever),649.4902053120763,Gilberto Santa Rosa - Ni Te Llamo Ni Te Busco,0.8315872982003084,Aventura - Todavía Me Amas,0.8260536790580612,Edurne - Aqui Se Termino (Never Forever),0.8160223564817328,Violadores del Verso - Dale tiempo al rumor,601.943218694525,Violadores del Verso - Cantando,550.37397824988,Violadores del Verso - La ciudad nunca duerme,485.37721475050046,Violadores del Verso - Dale tiempo al rumor,545.4282112875309,Violadores del Verso - Cantando,495.3138448274735,Johnny Prez - Entra,441.7687982661236,Malu - No Voy A Cambiar,494.1251722012344,KALIMBA - Se Te Olvido,485.4867156678344,Elvis Crespo - Vuelve Conmigo,483.94548873734203,Malu - No Voy A Cambiar,0.63348150638916,KALIMBA - Se Te Olvido,0.6229438610763681,Elvis Crespo - Vuelve Conmigo,0.6176540748472196
TRDOVAF128F93112F7,SOLRFDT12AB0183B0D,ARU3BQ91187FB5A3D6,Animal Collective,Brother Sport,latin,Lauryn Hill - Interlude 5,2783.0,Michael Jackson - Man In The Mirror,2126.0,Marques Houston - Cancel (Album Version),2124.0,Lauryn Hill - Interlude 5,2514.359999999993,Marques Houston - Cancel (Album Version),2032.5674999999983,Fatboy Slim - Acid 8000,1974.2425,Fergie - Get Your Hands Up,466.9977563469667,Ignite - In Moderation,452.1192073890829,Depeche Mode - Freestate,447.461121701288,Fergie - Get Your Hands Up,0.5941177712013598,Ignite - In Moderation,0.5773178593548627,Depeche Mode - Freestate,0.5692627890631652,Gang Starr - The Illest Brother,141.21818268596556,Twiztid - She Ain't Afraid,131.18492461878165,Lauryn Hill - Interlude 5,127.17750080840959,Gang Starr - The Illest Brother,103.38737914587395,Us3 - Just Another Brother,95.53638518093945,Twiztid - She Ain't Afraid,88.76928348493246,Praga Khan - Far Beyond The Sun,247.8325366059375,Depeche Mode - Freestate,234.7941833296075,Buddy Holly - Door To My Heart,229.784427975173,Praga Khan - Far Beyond The Sun,0.33354343239699313,Depeche Mode - Freestate,0.31869172821185393,Buddy Holly - Door To My Heart,0.3074295665348238
TRVPMSA128F9331D03,SOJQZHG12AB0185EAB,ART5MUE1187B98C961,Metallica,The Prince,metal,Beastie Boys - B-Boy Bouillabaisse: A.W.O.L. (2009 Digital Remaster),1689.0,Lauryn Hill - Interlude 5,1523.0,Erykah Badu - I Want You,1448.0,Beastie Boys - B-Boy Bouillabaisse: A.W.O.L. (2009 Digital Remaster),1505.8887499999998,Erykah Badu - I Want You,1367.5262500000304,Lauryn Hill - Interlude 5,1304.039999999986,Diana Krall - I've Grown Accustomed To His Face,444.2801557398685,Gil Scott-Heron - Me And The Devil,429.6664453880794,The Pietasters - Crime,421.6771998194514,Diana Krall - I've Grown Accustomed To His Face,0.5705951008000594,Gil Scott-Heron - Me And The Devil,0.5592928659148159,The Pietasters - Crime,0.5432249025218393,Beastie Boys - B-Boy Bouillabaisse: A.W.O.L. (2009 Digital Remaster),148.3628896133057,Savatage - The Hourglass,124.53723403959893,Ja Rule - One of Us,121.80415993119982,Scapegoat - Marry the Devil,77.5994670935744,Jamiroquai - Corner Of The Earth,76.3132876050358,Insane Clown Posse - Piggy Pie,74.22581201231921,Stoa - I Wish You Could Smile,240.33030866525814,Stoa - Autumn,230.59181772401627,Scapegoat - Marry the Devil,190.42307860357303,Stoa - I Wish You Could Smile,0.3271254765486024,Stoa - Autumn,0.3124043981227204,Scapegoat - Marry the Devil,0.28770190978251703
TRPCZPE12903CAF5BD,SOAVPPJ12A8C13EFBC,ARC9CR51187FB51A13,Avenged Sevenfold,Second Heartbeat,metal,Lauryn Hill - Interlude 5,3310.0,Beastie Boys - B-Boy Bouillabaisse: A.W.O.L. (2009 Digital Remaster),2658.0,Twista - I'm A Winner (Amended Album Version),2620.0,Lauryn Hill - Interlude 5,2890.480000000005,Twista - I'm A Winner (Amended Album Version),2345.8300000000195,Beastie Boys - B-Boy Bouillabaisse: A.W.O.L. (2009 Digital Remaster),2307.1649999999986,Rufio - Just a Memory,517.8963802323235,Leon Jackson - A Song For You,510.3864409772564,Musiq - Whereareyougoing,510.1382646661847,Rufio - Just a Memory,0.6689599218780159,Leon Jackson - A Song For You,0.6590634224753672,Musiq - Whereareyougoing,0.658762686126843,Savatage - The Hourglass,253.71388398180062,Eminem - 8 Mile,249.7749178022456,Beastie Boys - B-Boy Bouillabaisse: A.W.O.L. (2009 Digital Remaster),231.0282481180598,Savatage - The Hourglass,139.53763704948528,Eminem - 8 Mile,117.15157166271167,Wolverine - Towards Loss,116.86971618529107,John Lee Hooker - It Serves Me Right To Suffer,241.1954538200403,Wolverine - Towards Loss,239.14086308697938,Mest - Can't Take This (Album Version),224.69956542062948,Wolverine - Towards Loss,0.37320690406730833,Mest - Can't Take This (Album Version),0.33977630942378995,Keith Whitley - A Day In The Life Of A Fool,0.339254223209348
TRNUDHG12903CAF56B,SOLFXQT12A8C13E06C,ARC9CR51187FB51A13,Avenged Sevenfold,To End The Rapture,metal,Lauryn Hill - Interlude 5,626.0,Ja Rule - One of Us,343.0,Pain of Salvation - Spitfall,341.0,Lauryn Hill - Interlude 5,578.1600000000002,Pain of Salvation - Spitfall,317.9899999999997,Ja Rule - One of Us,314.07499999999305,Theatres Des Vampires - Throne Of Dark Immortals,458.7685573476701,Anacrusis - What You Became,443.0168798238329,Incantation - Apocalyptic Destroyer of Angels,432.7918068032789,Theatres Des Vampires - Throne Of Dark Immortals,0.583115436899835,Anacrusis - What You Became,0.5634006699500398,Bad Religion - Chimaera (Album Version),0.5513067596400915,Savatage - The Hourglass,52.159222958358505,Josh Groban - It Came Upon A Midnight Clear (Album Version),43.67713846339686,Recoil - Curse,42.39902795824381,Josh Groban - It Came Upon A Midnight Clear (Album Version),40.32029534244046,Nik Kershaw - City Of Angels,35.413684045843546,Savatage - The Hourglass,33.97951892356038,Natalie Cole - Ev'ry Time We Say Goodbye,239.96488902905162,Josh Groban - It Came Upon A Midnight Clear (Album Version),215.83295074442572,Incantation - Apocalyptic Destroyer of Angels,214.5439961348426,Natalie Cole - Ev'ry Time We Say Goodbye,0.3189580366336885,Josh Groban - It Came Upon A Midnight Clear (Album Version),0.2858116316630535,Incantation - Apocalyptic Destroyer of Angels,0.2854666337091701
TRJAABI12903CF759F,SOKACRK12AC90759DA,ARJ94571187B98C352,blessthefall,Witness,metal,Lauryn Hill - Interlude 5,5559.0,Twista - I'm A Winner (Amended Album Version),4362.0,Eminem - My Darling,3888.0,Lauryn Hill - Interlude 5,5165.239999999976,Twista - I'm A Winner (Amended Album Version),4104.66499999999,Eminem - My Darling,3646.9825000000246,"Brand New Heavies_ The - You Are The Universe (Roger's Universal 7"" Edit)",604.0261420365722,Chiasm - Incision,602.9120464135628,Kevin Devine - It's Only Your Life,601.3385002468115,Chiasm - Incision,0.7617512019044316,"Brand New Heavies_ The - You Are The Universe (Roger's Universal 7"" Edit)",0.7607870252913538,Kevin Devine - It's Only Your Life,0.7596541767604351,Ja Rule - One of Us,203.30618265268578,Lauryn Hill - Interlude 5,171.5620095680997,Beastie Boys - B-Boy Bouillabaisse: A.W.O.L. (2009 Digital Remaster),165.48967670729073,Ja Rule - One of Us,138.05238253589707,Toni Braxton - Breathe Again,129.31944894767994,Beverley Knight - Till I See Ya,113.08826219192649,Combichrist - without emotions,241.03876104693634,Milk Inc. - Breathe Without You,234.4663624855891,Toni Braxton - Breathe Again,229.92737815080065,Toni Braxton - Breathe Again,0.32873593058592293,Milk Inc. - Breathe Without You,0.3222688714571387,Beverley Craven - Say You're Sorry,0.3137751586764971
TRREMAP128F42983BD,SOWEDJU12D02198FF6,ARU6HMT1187FB38801,HIM,Heartache Every Moment,metal,Lauryn Hill - Interlude 5,2505.0,Vanilla Ice - Ice Is Workin' It,1834.0,Beastie Boys - B-Boy Bouillabaisse: A.W.O.L. (2009 Digital Remaster),1811.0,Lauryn Hill - Interlude 5,2229.00000000002,Vanilla Ice - Ice Is Workin' It,1703.5000000000166,Daft Punk - Touch It / Technologic,1618.0624999999775,Final Fantasy - The Miner Becomes Forgetful,444.106488041256,Reckless Kelly - Broken Heart,435.2627601596798,Classified - All About U,432.2929333295693,Final Fantasy - The Miner Becomes Forgetful,0.5733116454565457,Classified - All About U,0.56094269289156,Reckless Kelly - Broken Heart,0.5607269076324319,Keith Anderson - Lost In This Moment,155.15467997718423,Sebadoh - Showtape '91,126.52793411416674,Lauryn Hill - Interlude 5,125.4029338700358,Keith Anderson - Lost In This Moment,133.24034783960883,T Bone Burnett - I'm Going On A Long Journey Never To Return,96.61731572816,Avant - Heaven,95.32466098269005,Keith Anderson - Lost In This Moment,277.7790387306893,Josh Groban - When You Say You Love Me (Album Version),219.6191241328184,Dark Fortress - Hirudineans,217.6468467492102,Keith Anderson - Lost In This Moment,0.3820945757753572,Josh Groban - When You Say You Love Me (Album Version),0.3172713853942507,Dark Fortress - Hirudineans,0.31364176532809396
TRFRDZW128F429C337,SOAVNID12A8C13B197,ARU6HMT1187FB38801,HIM,Sigillum Diaboli,metal,Lauryn Hill - Interlude 5,7876.0,Erykah Badu - I Want You,6915.0,Beastie Boys - B-Boy Bouillabaisse: A.W.O.L. (2009 Digital Remaster),6895.0,Lauryn Hill - Interlude 5,7412.320000000035,Erykah Badu - I Want You,6744.584999999878,Beastie Boys - B-Boy Bouillabaisse: A.W.O.L. (2009 Digital Remaster),6507.235000000068,Bouncing Souls_ The - Pervert,609.3849757891877,Joe Henry - Sold,600.3427273403663,Gang Starr - Gotta Get Over (Taking Loot) (Explicit),590.0788169113581,Bouncing Souls_ The - Pervert,0.7674733890742158,Joe Henry - Sold,0.7560001819507821,Gang Starr - Gotta Get Over (Taking Loot) (Explicit),0.7437197471761641,Eminem - My Darling,158.52594317466952,Beastie Boys - B-Boy Bouillabaisse: A.W.O.L. (2009 Digital Remaster),134.32969603506163,Lauryn Hill - Interlude 5,117.99996010551828,Eminem - My Darling,106.83872940995839,Sonique - You're The Reason,81.9103944176582,Carole King - Child Of Mine,80.53222409581292,The Cardigans - Explode,252.91864825007076,Harry Connick_ Jr. - We Are In Love,236.98615755646034,The Mick Fleetwood Blues Band - Black Magic Woman,227.9011245822573,The Cardigans - Explode,0.3430875046438105,Harry Connick_ Jr. - We Are In Love,0.32995856658807343,The Mick Fleetwood Blues Band - Black Magic Woman,0.31448073864894466
TRHVUCJ128F934B68C,SOPDMDM12A8C132ABD,ARWMY7E1187B9B7049,As I Lay Dying,Refined By Your Embrace,metal,Twista - I'm A Winner (Amended Album Version),1451.0,Lauryn Hill - Interlude 5,1318.0,Beastie Boys - B-Boy Bouillabaisse: A.W.O.L. (2009 Digital Remaster),1187.0,Twista - I'm A Winner (Amended Album Version),1389.6724999999851,Lauryn Hill - Interlude 5,1224.1599999999976,Beastie Boys - B-Boy Bouillabaisse: A.W.O.L. (2009 Digital Remaster),1108.5237500000153,Jay-Jay Johanson - I fantasize of you,616.2755958834091,Eminem - Rabbit Run,603.6134045681603,KATAKLYSM - Beyond Salvation,598.7906160937988,Jay-Jay Johanson - I fantasize of you,0.7769301279624139,Eminem - Rabbit Run,0.7614979452464139,KATAKLYSM - Beyond Salvation,0.7545010379247884,Patrizio Buanne - A Man Without Love,52.55538052249886,Juice Newton - Lay Back In The Arms Of Someone,51.00385519263834,Eminem - My Darling,48.44450339221351,Juice Newton - Lay Back In The Arms Of Someone,45.52745416954791,Patrizio Buanne - A Man Without Love,45.323124025688784,Toni Braxton - Breathe Again,38.87524956413903,Juice Newton - Lay Back In The Arms Of Someone,242.26244797474018,Patrizio Buanne - A Man Without Love,222.53671761055955,Annihilator - Hunter killer,221.43084855464025,Juice Newton - Lay Back In The Arms Of Someone,0.3271515133529805,Patrizio Buanne - A Man Without Love,0.30794804319753805,Annihilator - Hunter killer,0.30276101972543623
TRIBZVH128F934B68D,SOWJVZY12A8C132AC2,ARWMY7E1187B9B7049,As I Lay Dying,The Innocence Spilled,metal,Lauryn Hill - Interlude 5,1358.0,Beastie Boys - B-Boy Bouillabaisse: A.W.O.L. (2009 Digital Remaster),1172.0,Eminem - My Darling,1076.0,Lauryn Hill - Interlude 5,1207.119999999985,Beastie Boys - B-Boy Bouillabaisse: A.W.O.L. (2009 Digital Remaster),1045.822499999998,Eminem - My Darling,983.64750000001,Dashboard Confessional - The End Of An Anchor,502.6055877966624,Robben Ford - Something For The Pain,491.6709370577682,Dominici - So Help Me God,471.2309293657317,Dashboard Confessional - The End Of An Anchor,0.6429775687565498,Robben Ford - Something For The Pain,0.6307495590298327,Onyx - Feel Me,0.607793765392342,Hollywood Undead - Pain,109.28505766146198,Ja Rule - One of Us,98.07047828492144,Tech N9ne - One Good Time,97.05479183491911,Hollywood Undead - Pain,89.96560961875251,Bon Jovi - This Ain't A Love Song,74.41454257040776,My Dying Bride - Grace Unhearing,73.78209621569367,Hollywood Undead - Pain,249.95608359498092,My Dying Bride - Grace Unhearing,243.523698041391,Lorrie Morgan - Tears On My Pillow,219.8839449870549,Hollywood Undead - Pain,0.35446376472775587,My Dying Bride - Grace Unhearing,0.33912520812674657,Bon Jovi - This Ain't A Love Song,0.3156780898318001
TRZOLOQ128F428FA00,SOHEPVU12A8C13A03D,ARMGBBW1187FB4A7A0,August Burns Red,An American Dream,metal,Lauryn Hill - Interlude 5,623.0,Ja Rule - One of Us,527.0,The Pharcyde - Otha Fish,510.0,Lauryn Hill - Interlude 5,479.47999999999655,Ja Rule - One of Us,440.2249999999964,Jennifer Lopez - The Way It Is,438.0949999999899,Silje Nergaard - This Is Not America,416.2206105401072,Poisonblack - Bear The Cross,401.5958239945973,Against All Authority - Threat,396.666496492187,Silje Nergaard - This Is Not America,0.534408956120613,Poisonblack - Bear The Cross,0.5189855735517976,Against All Authority - Threat,0.518232718424729,The Streets - Weak Become Heroes,113.06413713476802,Ja Rule - One of Us,107.69256631441468,Lauryn Hill - Interlude 5,106.98193406151817,The Streets - Weak Become Heroes,75.72859079226652,Ja Rule - One of Us,69.9104366342327,Pain of Salvation - Kingdom of Loss,65.32835919510254,Knapsack - Simple Favor,235.75284819942416,Good Riddance - Torches and Tragedies,192.07691623390983,Lard - Moths,189.35385408199275,Knapsack - Simple Favor,0.32121950414190986,Good Riddance - Torches and Tragedies,0.28421932406104883,Lard - Moths,0.2788006075204049
TRFQWAQ128F14B084D,SOLXNXB12A6D4FBCDA,ARPFK3E1187B9A43BF,Underoath,The Changing Of Times,metal,Lauryn Hill - Interlude 5,3021.0,Twista - I'm A Winner (Amended Album Version),2329.0,Beastie Boys - B-Boy Bouillabaisse: A.W.O.L. (2009 Digital Remaster),2184.0,Lauryn Hill - Interlude 5,2759.720000000033,Twista - I'm A Winner (Amended Album Version),2158.244999999969,Beastie Boys - B-Boy Bouillabaisse: A.W.O.L. (2009 Digital Remaster),1965.4975000000368,Musiq - Whereareyougoing,584.8183367791274,Ginuwine - Only When ur Lonely,575.6709531579477,Hello Saferide - Get Sick Soon,573.7729899362931,Musiq - Whereareyougoing,0.7449862482077669,Ginuwine - Only When ur Lonely,0.733394067028018,Hello Saferide - Get Sick Soon,0.7267941008784884,Lauryn Hill - Interlude 5,167.73421440141564,Beastie Boys - B-Boy Bouillabaisse: A.W.O.L. (2009 Digital Remaster),154.77216546114684,Recoil - Curse,142.47750649629077,REO Speedwagon - Wherever You're Goin' (It's Alright),83.84071583724959,Kelly Price - Don't Say Goodbye,82.9181825829668,Eternal - Good Thing,82.33909445397853,Enya - Someone Said Goodbye,198.44946690602436,John Mayer - All We Ever Do Is Say Goodbye,192.9826194276091,REO Speedwagon - Wherever You're Goin' (It's Alright),191.8643820029428,Enya - Someone Said Goodbye,0.29521137992683744,Kelly Price - Don't Say Goodbye,0.2936033595812697,REO Speedwagon - Wherever You're Goin' (It's Alright),0.2901893491617044
TRLKWJA128F92E154E,SOFDWFR12A58A77D46,ARLHB6B1187B9B1B14,Haste The Day,Autumn,metal,Beastie Boys - B-Boy Bouillabaisse: A.W.O.L. (2009 Digital Remaster),787.0,Daft Punk - Touch It / Technologic,776.0,The Roots - Mellow My Man,719.0,Daft Punk - Touch It / Technologic,718.6262499999941,Slick Rick - Let's Get Crazy,674.1787499999878,Beastie Boys - B-Boy Bouillabaisse: A.W.O.L. (2009 Digital Remaster),665.4387500000089,Texta - Sprachbarrieren,441.97830986471337,Jupiter Jones - Auf das Leben,419.8535901981497,Samy Deluxe - Viel Mehr,409.2720379102835,Texta - Sprachbarrieren,0.5613776561989384,Jupiter Jones - Auf das Leben,0.5348470254830876,Samy Deluxe - Viel Mehr,0.5249714919813976,Blumentopf - Von Disco Zu Disco,482.0068922004344,Rapsoul - Gott schenk ihr Flügel,453.03229485076236,Olli Banjo - Toastbrot,427.1203564078553,Blumentopf - Von Disco Zu Disco,449.5856211923098,Rapsoul - Gott schenk ihr Flügel,429.17603392491617,Olli Banjo - Toastbrot,399.29358598458816,Jupiter Jones - Auf das Leben,520.2272839159687,Ohrbooten - Dschungelpartei,496.0808517177071,Rammstein - ROSENROT,470.0995059933413,Jupiter Jones - Auf das Leben,0.6588487267524257,Ohrbooten - Dschungelpartei,0.6287589858984453,Rammstein - ROSENROT,0.5972369020175765
TRNQSWR128EF34375F,SOWHMAY12A67ADD2E3,ARLHB6B1187B9B1B14,Haste The Day,Chorus Of Angels,metal,Ja Rule - One of Us,2670.0,Lauryn Hill - Interlude 5,2651.0,Röyksopp - Remind Me (Live),2586.0,Röyksopp - Remind Me (Live),2485.5150000000144,Fatboy Slim - Right Here Right Now,2362.759999999989,Ja Rule - One of Us,2327.349999999997,Ed Harcourt - Fireflies Take Flight,351.6563286368423,Röyksopp - Remind Me (Live),335.47401499418,Vienna Teng - Now Three,324.97340507964185,Ed Harcourt - Fireflies Take Flight,0.4597561279570419,Vienna Teng - Now Three,0.4306685085680515,Röyksopp - Remind Me (Live),0.4265376123019277,Prince - I Love U In Me ( LP Version),253.09812656072737,Lauryn Hill - Interlude 5,234.07865487934535,The Streets - Weak Become Heroes,215.51360962004816,Josh Groban - It Came Upon A Midnight Clear (Album Version),178.97322803178582,Lemar - Lullaby,158.84815833665834,Fatboy Slim - Right Here Right Now,151.3417940224847,Josh Groban - It Came Upon A Midnight Clear (Album Version),228.84739613349748,The Prodigy - Wake Up Call (Album Version),215.91624986587223,Little Big Town - From This Dream,215.83787289954793,Josh Groban - It Came Upon A Midnight Clear (Album Version),0.3100323398642787,Lemar - Lullaby,0.30544901608623437,Little Big Town - From This Dream,0.30442831603746406
TRGQLSE128F93257D8,SOUZNST12A58A7EF1D,ARQETJY1187FB3FE74,Demon Hunter,Follow The Wolves,metal,Ja Rule - One of Us,1494.0,Eminem - If I Had,1075.0,Lauryn Hill - Interlude 5,1035.0,Ja Rule - One of Us,1326.0124999999923,Eminem - If I Had,965.713749999992,BAL-SAGOTH - The chronicle of shadows,794.60000000001,Goatwhore - Vengeance of Demonic Fury,415.7423944804507,Sandy Denny - Full Moon,411.97789327969366,Akercocke - Son Of The Morning,384.0063139199244,Sandy Denny - Full Moon,0.5332640701283287,Goatwhore - Vengeance of Demonic Fury,0.5315028598171133,Akercocke - Son Of The Morning,0.4948458974865205,Cross Canadian Ragweed - 17,143.43863542910378,Savatage - The Hourglass,132.19471565743828,Lard - The Power Of Lard,126.94798975939088,Cross Canadian Ragweed - 17,118.93466525250807,Amon Amarth - Abandoned,98.0579640428757,Lard - The Power Of Lard,96.3729266839712,Cross Canadian Ragweed - 17,268.373113798955,Amon Amarth - Abandoned,228.76141965191923,Neil Young - Stayin' Power (Remastered Album Version),226.602749665533,Cross Canadian Ragweed - 17,0.37680243779419564,Amon Amarth - Abandoned,0.3290833905961347,Dismantled - Extirpation,0.3094926735779371
TRCAWAA128F93257D1,SOCLOSW12AB0187E07,ARQETJY1187FB3FE74,Demon Hunter,I Am You,metal,Lauryn Hill - Interlude 5,3589.0,Beastie Boys - B-Boy Bouillabaisse: A.W.O.L. (2009 Digital Remaster),2555.0,Twista - I'm A Winner (Amended Album Version),2457.0,Lauryn Hill - Interlude 5,3208.1199999999985,Beastie Boys - B-Boy Bouillabaisse: A.W.O.L. (2009 Digital Remaster),2236.478750000017,Twista - I'm A Winner (Amended Album Version),2208.0825000000323,Kingston Falls - The Weak Shall Prevail,454.0264877668481,For Today - Redemption,441.9782741044871,Seventh Day Slumber - Burning Bridges,440.6085201736098,Kingston Falls - The Weak Shall Prevail,0.5841452226386992,For Today - Redemption,0.5688475571419305,Seventh Day Slumber - Burning Bridges,0.56312139828566,Flobots - Rise,189.16711404380203,R. Kelly - Rise Up,181.50496017692151,Eminem - My Darling,150.86985583158088,Flobots - Rise,158.37398421918863,R. Kelly - Rise Up,141.4286409020365,Cannibal Corpse - Sentenced to Burn,116.64823397889118,Skinlab - No Sympathy (for The Devil),277.0561287716595,Flobots - Rise,248.432437053673,Cannibal Corpse - Sentenced to Burn,231.123969271018,Skinlab - No Sympathy (for The Devil),0.3574488793453273,Flobots - Rise,0.34952839647055484,Cannibal Corpse - Sentenced to Burn,0.3212781546436341
TRWPRIF128EF34B8F8,SOXZKPU12AF72AAB3B,ARQETJY1187FB3FE74,Demon Hunter,The Science Of Lies,metal,Lauryn Hill - Interlude 5,2909.0,Ja Rule - One of Us,2041.0,Beastie Boys - B-Boy Bouillabaisse: A.W.O.L. (2009 Digital Remaster),1815.0,Lauryn Hill - Interlude 5,2577.7999999999943,Ja Rule - One of Us,1840.7500000000173,Beastie Boys - B-Boy Bouillabaisse: A.W.O.L. (2009 Digital Remaster),1538.0249999999926,Immortal Technique - The 4th Branch,533.7947300559666,Sebadoh - Showtape '91,483.1811499396948,Andrew Lloyd Webber - Masquerade,474.0404446543281,Immortal Technique - The 4th Branch,0.6846821034003884,Sebadoh - Showtape '91,0.6247838357190857,Andrew Lloyd Webber - Masquerade,0.614847186264281,Lauryn Hill - Interlude 5,205.91065406809696,Ja Rule - One of Us,187.0999653784974,Aceyalone - Mr. Outsider,159.4196125530258,Ja Rule - One of Us,123.65532211677167,Twiztid - Buckets of Blood,98.52240077656762,Nothingface - Incarnadine,94.80130282785031,Depeche Mode - Freestate,219.11164944736493,Beverley Craven - Phoenix From The Fire,214.99686125998795,Our Last Night - Forecasting,214.52765118585674,Beverley Craven - Phoenix From The Fire,0.3108174752756853,Depeche Mode - Freestate,0.30874698251049293,Nothingface - Incarnadine,0.30846553058903103
TRKLLYD128F4273FF4,SOHRFIP12A8C12FFD1,AR8DTVF1187B9AA292,Ozzy Osbourne,Slow Down,metal,Lauryn Hill - Interlude 5,5555.0,Twista - I'm A Winner (Amended Album Version),4147.0,Eminem - My Darling,4014.0,Lauryn Hill - Interlude 5,5102.360000000015,Twista - I'm A Winner (Amended Album Version),3851.185000000002,Eminem - My Darling,3736.9425,Field Music - You're Not Supposed To,561.9981277825959,Harry Belafonte - Angelina,560.6630118153246,The Plasmatics - You're A Zombie,560.2936316012344,Harry Belafonte - Angelina,0.7114579744009516,The Plasmatics - You're A Zombie,0.7113010446343779,Kevin Devine - It's Only Your Life,0.7098931701274067,Beastie Boys - B-Boy Bouillabaisse: A.W.O.L. (2009 Digital Remaster),201.89148178691076,OutKast - Mainstream,192.34953440992,UGK (Underground Kingz) - She Luv It,182.45750328339093,Mariah Carey - Joy Ride,138.63301127873606,UGK (Underground Kingz) - She Luv It,127.47840753533023,Michelle Williams - Stop This Car,125.03492659932004,Massive Attack - Saturday Come Slow,218.46491380614657,Wolverine - Towards Loss,213.1861195925244,Room Eleven - Swimmer,196.17315494758776,Wolverine - Towards Loss,0.32333519879103567,Massive Attack - Saturday Come Slow,0.2963676464540907,Room Eleven - Swimmer,0.2855448676968478
TRQJQNX128F4266704,SOEVNLW12A8C13401E,AR8DTVF1187B9AA292,Ozzy Osbourne,Steal Away (The Night),metal,Lauryn Hill - Interlude 5,2136.0,Beastie Boys - B-Boy Bouillabaisse: A.W.O.L. (2009 Digital Remaster),1480.0,Eminem - My Darling,1399.0,Lauryn Hill - Interlude 5,1933.5999999999983,Beastie Boys - B-Boy Bouillabaisse: A.W.O.L. (2009 Digital Remaster),1310.7374999999947,Eminem - My Darling,1275.112499999998,Manic Street Preachers - Further Away,509.2027295306135,Incognito - Chase The Clouds Away,492.8630523562376,Burt Bacharach - The Look Of Love,482.5905555517884,Manic Street Preachers - Further Away,0.6459665063087461,Incognito - Chase The Clouds Away,0.6294273849928796,Burt Bacharach - The Look Of Love,0.6234445403238089,The Brand New Heavies - Last to Know,124.73269276771089,Beastie Boys - B-Boy Bouillabaisse: A.W.O.L. (2009 Digital Remaster),114.76603991181724,Joe Cocker - Chain Of Fools,109.79302680046625,The Brand New Heavies - Last to Know,95.17299811083309,Joe Cocker - Chain Of Fools,93.61180480128719,the bird and the bee - I'm a Broken Heart,68.66975543743689,Julie Roberts - That Ain't A Crime,219.17777323776872,Toni Braxton - Snowflakes Of Love,207.77015990327928,Joe Cocker - Chain Of Fools,205.70656654813993,Julie Roberts - That Ain't A Crime,0.3078758364927149,Toni Braxton - Snowflakes Of Love,0.2990072217284643,G4 - Remember Me,0.2922491542402075
TRYIKZR128E0783C64,SOBEOHW12AF72A5BFC,AR98JLC1187B9ADE23,Megadeth,Black Curtains (2004 Digital Remaster),metal,Beastie Boys - B-Boy Bouillabaisse: A.W.O.L. (2009 Digital Remaster),1522.0,Lauryn Hill - Interlude 5,1485.0,The Roots - Mellow My Man,1342.0,Beastie Boys - B-Boy Bouillabaisse: A.W.O.L. (2009 Digital Remaster),1338.888750000001,Lauryn Hill - Interlude 5,1266.039999999992,The Roots - Mellow My Man,1244.2712499999932,Ima Robot - Black Jettas,465.72654007757376,Martin Sexton - Black Sheep,461.8359338068252,Joan Baez - Black Is The Color,458.55064199392143,Ima Robot - Black Jettas,0.6012765820603042,Martin Sexton - Black Sheep,0.5965315473346697,Joan Baez - Black Is The Color,0.5853071854852668,Beastie Boys - B-Boy Bouillabaisse: A.W.O.L. (2009 Digital Remaster),121.57927069057027,Jeru The Damaja - Me Or The Papes,116.27247413646536,Aceyalone - Mr. Outsider,114.13665966173356,Joan Baez - Black Is The Color,79.32592379997935,Anatomy Of A Ghost - Last Transmission,76.7755865412631,Goatwhore - Bloodletting Upon The Cloven Hoof,76.56492599275657,Joan Baez - Black Is The Color,270.64814208172777,Public Image Ltd - Bags,241.16932367732923,Nevermore - C.b.f.,209.0899996994005,Joan Baez - Black Is The Color,0.3620517006314124,Public Image Ltd - Bags,0.3267888346396581,Nevermore - C.b.f.,0.3077964894406224
TRIOZOZ128F92FA0C2,SOVOXQN12A3F1EC5FA,AR98JLC1187B9ADE23,Megadeth,Die Dead Enough,metal,Beastie Boys - B-Boy Bouillabaisse: A.W.O.L. (2009 Digital Remaster),7906.0,Eminem - 8 Mile,7598.0,Mario Vazquez - Everytime I...,7414.0,Beastie Boys - B-Boy Bouillabaisse: A.W.O.L. (2009 Digital Remaster),7413.600000000005,Mario Vazquez - Everytime I...,7234.000000000154,Eminem - 8 Mile,7226.400000000041,Manafest - Runaway,604.9765177626181,Deep Dish - Awake Enough,596.4235027811461,Joe Bonamassa - Ball Peen Hammer,590.5829344763198,Manafest - Runaway,0.761836093336518,Deep Dish - Awake Enough,0.7505999415922849,Joe Bonamassa - Ball Peen Hammer,0.7439489791176387,Onyx - Face Down,228.29648699286108,Twista - Overdose (Album Version),213.4455956985688,Recoil - Curse,203.8886787355564,Onyx - Face Down,136.34344078248554,Deep Dish - Awake Enough,121.20902571279115,Recoil - Curse,115.00422088316901,Poisonblack - Never Enough,259.77026803264016,Shamen - Lightspan,248.89888625784067,Chris Garneau - Hymn,231.74735424263733,Poisonblack - Never Enough,0.35677926616042704,Shamen - Lightspan,0.3205644288783517,Chris Garneau - Hymn,0.31279323227913164
TRUHHWN128F93045BA,SOKAEJQ12AB0181294,ARVSQHB1187B992FF0,Drowning Pool,Bodies,metal,Danity Kane - Hold Me Down (Album Version),1981.0,Akon - Locked Up,1906.0,Lauryn Hill - Interlude 5,1870.0,Danity Kane - Hold Me Down (Album Version),1749.1199999999644,Akon - Locked Up,1743.8200000000368,Jessica Mauboy - Let Me Be Me,1639.1599999999685,Lisa Lisa & Cult Jam - Let The Beat Hit 'Em,308.5795989018685,Dean Martin - Let Me Go Lover,303.316078163667,Jessica Mauboy - Let Me Be Me,262.3091358830477,Lisa Lisa & Cult Jam - Let The Beat Hit 'Em,0.4039837531850325,Dean Martin - Let Me Go Lover,0.3918310297917783,Jessica Mauboy - Let Me Be Me,0.344624943503443,Will Smith - Switch,243.25381019761465,Marques Houston - Naked,227.42104463046087,Kurtis Blow - AJ Scratch,226.82666443661816,Will Smith - Switch,196.61809938694245,Kurtis Blow - AJ Scratch,192.65485065479635,Marques Houston - Naked,182.4645366646753,As Cities Burn - Wrong Body,223.9779574399338,Mountain Goats - Have To Explode,222.9619778529847,Marques Houston - Naked,219.7189618315451,Marques Houston - Naked,0.3160502844539314,Mountain Goats - Have To Explode,0.31081694712374497,Will Smith - Switch,0.30584586310547823
TRJHNLI128F934B2CA,SONCWXR12D021B1283,AR5Z3L01187B99C5A9,Cannibal Corpse,Rotting Head,metal,Ja Rule - One of Us,815.0,Beastie Boys - B-Boy Bouillabaisse: A.W.O.L. (2009 Digital Remaster),724.0,Lauryn Hill - Interlude 5,724.0,Ja Rule - One of Us,728.2250000000088,Life Without Buildings - New Town,616.4275000000056,The Pharcyde - Otha Fish,616.4124999999882,Moonsorrow - Tuleen Ajettu Maa,524.244703437729,Goatwhore - Vengeance of Demonic Fury,521.9285885724998,Goatwhore - Bloodletting Upon The Cloven Hoof,491.568456592439,Moonsorrow - Tuleen Ajettu Maa,0.6720242612554111,Goatwhore - Vengeance of Demonic Fury,0.6617835182605531,Kurt Elling - Resolution,0.632672464973576,Beastie Boys - B-Boy Bouillabaisse: A.W.O.L. (2009 Digital Remaster),117.36857663018212,Insane Clown Posse - Piggy Pie,105.85456313600267,Recoil - Curse,99.80817923534028,Fun Lovin' Criminals - Blues For Suckers,74.58180886979646,Us3 - Just Another Brother,73.98459849354698,Insane Clown Posse - Piggy Pie,72.8833423190529,Cannibal Corpse - Mummified in Barbed Wire,238.0857041185217,Bauhaus - The Sanity Assassin,231.08846508445825,One Way System - Gutter Boy,216.90045853473163,Cannibal Corpse - Mummified in Barbed Wire,0.3292360748893387,Bauhaus - The Sanity Assassin,0.32550247224733897,Rory Gallagher - Bourbon,0.30301140229726325
TRQGFHN128F428643E,SOVKLCX12A8C13860D,AR0KBXO1187B996460,Slipknot,Gehenna,metal,Lauryn Hill - Interlude 5,6553.0,Twista - I'm A Winner (Amended Album Version),6296.0,Erykah Badu - I Want You,5931.0,Lauryn Hill - Interlude 5,6024.920000000024,Twista - I'm A Winner (Amended Album Version),5950.882499999916,Erykah Badu - I Want You,5736.916249999923,Common - I Want You,555.4256179196485,Jonny Lang - Breakin Me,534.002097325722,Psapp - I Want That,524.7636027438313,Common - I Want You,0.7027788680568936,Jonny Lang - Breakin Me,0.6772164810780862,Psapp - I Want That,0.6615524853091157,Jill Scott - Brotha,349.9894177687306,Lyfe Jennings - She Got Kids,347.0706694889686,Big Brovaz - Find A Way,321.7719864187508,Jill Scott - Brotha,326.4627856546661,Lyfe Jennings - She Got Kids,291.1115761123531,Mariah Carey - Sprung,288.85125764424976,Jill Scott - Brotha,393.3378345326921,Blink-182 - GO,388.1520961914716,999 - Me And My Desire,379.10775879944725,Jill Scott - Brotha,0.5087892481630193,Blink-182 - GO,0.5066150452128547,999 - Me And My Desire,0.4961618741398864
TRHCDHI128F92C4B9B,SOOHRVS12AF729C881,AR0KBXO1187B996460,Slipknot,[sic] [Explicit],metal,Lauryn Hill - Interlude 5,5014.0,Twista - I'm A Winner (Amended Album Version),4682.0,Erykah Badu - I Want You,3907.0,Lauryn Hill - Interlude 5,4633.119999999965,Twista - I'm A Winner (Amended Album Version),4433.082499999945,Erykah Badu - I Want You,3767.016250000056,Clawfinger - Revenge,638.6382792044725,Shayne Ward - Tangled Up,631.6108765697926,Weeping Willows - Your Eyes,630.8911937428527,Clawfinger - Revenge,0.8055664449826841,Shayne Ward - Tangled Up,0.7971794189891338,Weeping Willows - Your Eyes,0.7964214263895867,Twista - Overdose (Album Version),273.01024395463406,Twiztid - She Ain't Afraid,260.3357690992652,Ying Yang Twins - 1st Booty On Duty,236.88869627489206,Twiztid - She Ain't Afraid,181.50577421785417,Twista - Overdose (Album Version),176.78114488917677,Ying Yang Twins - 1st Booty On Duty,164.03040190940652,Pissed Jeans - I'm Sick,243.90602650541604,Cavalera Conspiracy - Nevertrust [Explicit],229.8366699003986,Twiztid - She Ain't Afraid,213.4049982306007,Twiztid - She Ain't Afraid,0.3384281966809594,Eminem - Rabbit Run,0.3308405546095256,Pissed Jeans - I'm Sick,0.3274852359216365
TRVHKNP128F429DDCE,SOENNBZ12A58A7B5A7,ARK9TRQ1187B99C095,Nine Inch Nails,Gunshots by Computer,metal,Lauryn Hill - Interlude 5,3135.0,Twista - I'm A Winner (Amended Album Version),2542.0,Beastie Boys - B-Boy Bouillabaisse: A.W.O.L. (2009 Digital Remaster),2420.0,Lauryn Hill - Interlude 5,2755.959999999998,Twista - I'm A Winner (Amended Album Version),2294.2850000000267,Beastie Boys - B-Boy Bouillabaisse: A.W.O.L. (2009 Digital Remaster),2103.017500000025,Lauryn Hill - Ex-Factor,413.5047070442317,Grace Jones - Nipple To The Bottle,400.5742185045883,Above The Law - Untouchable,399.9588248239634,Lauryn Hill - Ex-Factor,0.5377272114850229,Binary Star - Honest Expression,0.5242725953050008,Above The Law - Untouchable,0.5239390877455391,Lauryn Hill - Interlude 5,182.84553145749052,Afroman - Let's All Get Drunk,170.9585932218781,Houston - Twizala,169.01891126197535,Houston - Twizala,142.09994697428,Afroman - Let's All Get Drunk,126.73670134184029,Rupaul - Tranny Chaser,124.82882857756087,Rupaul - Tranny Chaser,239.00165842359124,Houston - Twizala,234.21679782784508,The Adicts - Disco,210.22625494075143,Rupaul - Tranny Chaser,0.3377523120387453,Houston - Twizala,0.32973176482895306,Billy Currington - Here I Am,0.287550427934502
TREFLCZ128F4236589,SOJKLWM12A81C23BBC,ARDQ9AP1187B9BA3F6,Killswitch Engage,Hope Is... (Album Version),metal,Lauryn Hill - Interlude 5,1777.0,Röyksopp - Remind Me (Live),1776.0,Enrique Iglesias - Miss You,1498.0,Röyksopp - Remind Me (Live),1731.6300000000006,Lauryn Hill - Interlude 5,1526.7600000000054,Enrique Iglesias - Miss You,1417.2500000000305,Supreme Majesty - Heroes Of Our Land,499.7317536502209,Ella Fitzgerald - Manhattan,450.7039376916487,Alexisonfire - We Are the End,426.86958644462266,Supreme Majesty - Heroes Of Our Land,0.6340553127318005,Ella Fitzgerald - Manhattan,0.575011056267938,Alexisonfire - We Are the End,0.5454685055683166,R. Kelly - Rise Up,130.47799805605806,Jamiroquai - (Don't) Give Hate A Chance,108.73001663245437,Keith Anderson - Lost In This Moment,100.93596372122829,R. Kelly - Rise Up,108.04223593009628,Jamiroquai - (Don't) Give Hate A Chance,89.51613089174283,Keith Anderson - Lost In This Moment,86.81395565835213,Animal Collective - No More Runnin,232.41380992435776,Keith Anderson - Lost In This Moment,223.55909255312048,R. Kelly - Rise Up,207.96266681520186,Animal Collective - No More Runnin,0.3182827193101443,Keith Anderson - Lost In This Moment,0.3095792714152987,R. Kelly - Rise Up,0.295200713090949
TRQFRJG128F4260199,SOVJLIF12A8C137957,ARHXK5N1187B98F942,Opeth,The Moor,metal,Lauryn Hill - Interlude 5,3473.0,Beastie Boys - B-Boy Bouillabaisse: A.W.O.L. (2009 Digital Remaster),2908.0,Twista - I'm A Winner (Amended Album Version),2291.0,Lauryn Hill - Interlude 5,3154.679999999992,Beastie Boys - B-Boy Bouillabaisse: A.W.O.L. (2009 Digital Remaster),2641.7962499999608,Twista - I'm A Winner (Amended Album Version),2082.9675000000366,Saul Williams - Elohim (1972),608.2528163245049,Autopsy - Skullptures,580.7726126164167,Snoop Dogg - Snoopafella (Edited),577.8900746759124,Saul Williams - Elohim (1972),0.773323513414559,Autopsy - Skullptures,0.7385221318397993,Snoop Dogg - Snoopafella (Edited),0.7375630740202269,Beastie Boys - B-Boy Bouillabaisse: A.W.O.L. (2009 Digital Remaster),181.2719857152588,Lauryn Hill - Interlude 5,157.56970076130088,Company Flow - The Fire In Which You Burn (feat. J-Treds & The Brewin From The Juggaknots),145.36179456936355,Cinderella Effect - Standing,77.92087417580714,Jazzamor - fly,72.55378606157336,T Bone Burnett - I'm Going On A Long Journey Never To Return,71.28323981631891,Motion City Soundtrack - Cambridge (Album Version),234.89287100170876,Cinderella Effect - Standing,187.76361153796,Maria McKee - Turn Away,184.49469252072797,Motion City Soundtrack - Cambridge (Album Version),0.340771045232525,Cinderella Effect - Standing,0.2999371428062602,Maria McKee - Turn Away,0.2835563638852276
TRMFSTL128F427B6C1,SOIXQXH12A8C135FC8,ARMOHN71187FB3959F,Atreyu,This Flesh A Tomb (Instrumental Version),metal,Lauryn Hill - Interlude 5,4268.0,Beastie Boys - B-Boy Bouillabaisse: A.W.O.L. (2009 Digital Remaster),3816.0,Twista - I'm A Winner (Amended Album Version),3325.0,Lauryn Hill - Interlude 5,3883.440000000016,Beastie Boys - B-Boy Bouillabaisse: A.W.O.L. (2009 Digital Remaster),3494.401249999976,Twista - I'm A Winner (Amended Album Version),3073.677499999951,Crotchduster - Let Me Into Starfish Land,604.9728552587303,Matt Nathanson - Bent,604.5381654812289,Manafest - Runaway,604.398804177907,Crotchduster - Let Me Into Starfish Land,0.7664126056021127,Matt Nathanson - Bent,0.7658798907769248,Manafest - Runaway,0.7653720646791049,Eminem - 8 Mile,219.34325658449964,Lauryn Hill - Interlude 5,201.03289568313863,Beastie Boys - B-Boy Bouillabaisse: A.W.O.L. (2009 Digital Remaster),191.32486037015886,Eric Carmen - Make Me Lose Control,116.00321515075434,Eminem - 8 Mile,110.6643475452801,Recoil - Curse,96.20179329692648,Enrique Iglesias - Little Girl,213.53504535387154,Enrique Iglesias - Heroe,210.4861522364774,Michael Jackson - Baby Be Mine,205.10078375785582,Michael Jackson - Baby Be Mine,0.32267810931970026,Enrique Iglesias - Little Girl,0.3193426090834775,Alice Smith - Dream,0.3189745662016701
TRALERK12903CDCAFD,SOZABYO12A8C143546,ARWMFZH11C8A4219E0,For Today,A Higher Standard,metal,Lauryn Hill - Interlude 5,1972.0,Vanilla Ice - Ice Is Workin' It,1384.0,Daft Punk - Touch It / Technologic,1382.0,Lauryn Hill - Interlude 5,1758.560000000003,Daft Punk - Touch It / Technologic,1297.7550000000065,Vanilla Ice - Ice Is Workin' It,1283.0800000000215,MxPx - It's Undeniable,548.2930979334949,Basia - Prime Time TV,537.8233618239917,Robbie Williams - It's De-Lovely,523.754808858354,MxPx - It's Undeniable,0.6986506430099624,Basia - Prime Time TV,0.6878967658034362,Robbie Williams - It's De-Lovely,0.6639397904075182,Ja Rule - One of Us,148.74866210284603,Beastie Boys - B-Boy Bouillabaisse: A.W.O.L. (2009 Digital Remaster),147.7393290990431,Michael Jackson - Man In The Mirror,132.97074050135976,Ja Rule - One of Us,104.55953907546896,Michael Jackson - Man In The Mirror,92.09043887280596,Kurt Elling - Resolution,71.13419518620734,Innocence Mission - Migration,222.17025312596385,The Vision Bleak - By Our Brotherhood With Seth,211.7809853152744,Bad Religion - Automatic Man (Album Version),210.15395568954702,Ja Rule - One of Us,0.3170591427668153,Innocence Mission - Migration,0.30931556517799774,Bad Religion - Automatic Man (Album Version),0.30685437340785643
TRDIJKP12903CDCAF4,SOATHYW12A8C143527,ARWMFZH11C8A4219E0,For Today,Redemption,metal,Lauryn Hill - Interlude 5,1761.0,Beastie Boys - B-Boy Bouillabaisse: A.W.O.L. (2009 Digital Remaster),1390.0,Eminem - My Darling,1161.0,Lauryn Hill - Interlude 5,1595.400000000026,Beastie Boys - B-Boy Bouillabaisse: A.W.O.L. (2009 Digital Remaster),1251.5124999999985,Eminem - My Darling,1059.637499999984,I Am Ghost - So_ I Guess This Is Goodbye,492.35029474197273,Atmosphere - Happymess,489.2859784289932,Despised Icon - Furtive Monologue,487.6742115746914,I Am Ghost - So_ I Guess This Is Goodbye,0.6321840409012528,Atmosphere - Happymess,0.6292424298161395,Despised Icon - Furtive Monologue,0.6228251496053563,Lauryn Hill - Interlude 5,102.87494246908408,Twista - Overdose (Album Version),92.50766248326603,John Denver - Let It Be,89.83839305574826,John Denver - Let It Be,56.67273817114664,Spearhead - Wayfarin' Stranger,56.205716096716976,Jah Cure - Sticky,55.99342786371752,Marvin Gaye - God Is My Friend,208.6028796447996,Biohazard - Domination,202.78508122784646,Cinderella Effect - Call the Ships to Port,195.4136567284682,Biohazard - Domination,0.2950622228917658,Marvin Gaye - God Is My Friend,0.2947492749564852,Cinderella Effect - Call the Ships to Port,0.28685682836099485
TRZQYIJ128F92E7F49,SOYPYRU12AB017F852,ARVJR1N1187FB4144A,Lamb Of God,We Die Alone (Bonus Track),metal,Lauryn Hill - Interlude 5,1626.0,The Prodigy - We Gonna Rock,1182.0,Hollywood Undead - Undead,1013.0,Lauryn Hill - Interlude 5,1419.9200000000117,The Prodigy - We Gonna Rock,1139.4400000000028,Hollywood Undead - Undead,915.9800000000006,Lifetime - Daneurysm,463.5817588152424,Kaizers Orchestra - Die Polizei,436.73097767096914,Suicide Commando - Dead March,432.6660676867978,Lifetime - Daneurysm,0.5869391856534222,Kaizers Orchestra - Die Polizei,0.5552489765968329,Tommy James & The Shondells - I Think We're Alone Now (Single/LP Version),0.5523507547078581,Savatage - The Hourglass,133.7074461738904,Beastie Boys - B-Boy Bouillabaisse: A.W.O.L. (2009 Digital Remaster),128.70078387794342,Watch Them Die - Resurrection,106.13922091112963,P.o.d - Rise Against,91.27090831186689,Madonna - Die Another Day [Live],82.33732250526832,Savatage - The Hourglass,78.92673262478009,UnsraW - -9-,274.30436700912236,Sunk Loto - 5 Years Of Silence,272.45566739811477,P.o.d - Rise Against,264.8495308491919,Sunk Loto - 5 Years Of Silence,0.36098212622749065,P.o.d - Rise Against,0.36001497011543077,UnsraW - -9-,0.3546834644604174
TRMYVVL128F92E865E,SODLQJO12A8C139576,ARWIA8D1187B990A0C,STRATOVARIUS,Elements,metal,Lauryn Hill - Interlude 5,2289.0,Ja Rule - One of Us,2216.0,Beastie Boys - B-Boy Bouillabaisse: A.W.O.L. (2009 Digital Remaster),2135.0,Ja Rule - One of Us,2003.512499999988,Lauryn Hill - Interlude 5,1937.5600000000045,Beastie Boys - B-Boy Bouillabaisse: A.W.O.L. (2009 Digital Remaster),1841.09875000002,Spiral Architect - Fountainhead,451.480928909533,Ziggy Marley And The Melody Makers - 13 Months Of Sunshine,447.00361459265616,BAL-SAGOTH - The chronicle of shadows,434.0046911813146,Spiral Architect - Fountainhead,0.5809928937741268,Ziggy Marley And The Melody Makers - 13 Months Of Sunshine,0.5721870309909729,BAL-SAGOTH - The chronicle of shadows,0.5582489746603887,Moonsorrow - Tuleen Ajettu Maa,169.85142660926053,Joni Mitchell - Paprika Plains  (Remix),146.8129085234935,Kurt Elling - Resolution,143.90267417316255,Moonsorrow - Tuleen Ajettu Maa,122.24170840591054,Ark - Heal The Waters,117.01382425029762,Ledisi - Joy,103.77950181275095,Stoa - Infant Joy,219.79965935149843,Ark - Heal The Waters,218.80352218379366,Black Uhuru - Utterance,211.80119207219505,Ark - Heal The Waters,0.3104811678605333,Black Uhuru - Utterance,0.3002066674209912,Stoa - Infant Joy,0.2916341838466242
TRIKFKO128F426A6FC,SORDWWC12A8C13AA28,ARWIA8D1187B990A0C,STRATOVARIUS,Know The Difference,metal,Lauryn Hill - Interlude 5,3160.0,Beastie Boys - B-Boy Bouillabaisse: A.W.O.L. (2009 Digital Remaster),2246.0,Michael Jackson - Man In The Mirror,2051.0,Lauryn Hill - Interlude 5,2895.040000000009,Beastie Boys - B-Boy Bouillabaisse: A.W.O.L. (2009 Digital Remaster),2024.4199999999933,Michael Jackson - Man In The Mirror,1823.8400000000024,Sara Groves - What Do I Know,448.7156226811147,Julia Fordham - Genius,440.8171591330758,John Legend - I Can Change,433.1927500079269,Sara Groves - What Do I Know,0.5777648532054018,Julia Fordham - Genius,0.5595505781204345,John Legend - I Can Change,0.557300624962853,Lauryn Hill - Interlude 5,178.47205509578245,Conjure One - One Word,131.8241637791693,Lloyd Banks - Make A Move,131.42637075093057,Conjure One - One Word,99.7125107439512,Natalie Cole - Don't Get Around Much Anymore,91.82057200901491,Lauryn Hill - Interlude 5,89.46729469532352,Natalie Cole - Don't Get Around Much Anymore,254.9209785834786,Field Music - You're Not Supposed To,244.78246259719324,Jill Scott - He Loves Me (Lyzel In E Flat),243.06149303599116,Natalie Cole - Don't Get Around Much Anymore,0.34489333646637077,Jill Scott - He Loves Me (Lyzel In E Flat),0.3315329064185237,Field Music - You're Not Supposed To,0.3270601110158287
TRJAFPP128F426AB25,SOXHFBO12A8C13132A,AR9C8IE1187B9ACC99,System of a Down,Peephole,metal,Twista - I'm A Winner (Amended Album Version),5819.0,Lauryn Hill - Interlude 5,5190.0,Life Without Buildings - New Town,4318.0,Twista - I'm A Winner (Amended Album Version),5540.020000000012,Lauryn Hill - Interlude 5,4763.119999999993,Life Without Buildings - New Town,4140.809999999982,Concrete Blonde - It's Only Money,496.6512107474043,Jeff Healey - It's Only Money,496.6512107474043,Ian Van Dahl - Castles In The Sky,484.316440752517,Concrete Blonde - It's Only Money,0.6292793229203554,Jeff Healey - It's Only Money,0.6292793229203554,Ian Van Dahl - Castles In The Sky,0.6144659106620916,Marvin Sease - Stuck In The Middle,185.4966308559197,Saliva - Bleed For Me,154.2423848584068,Bob Dylan - Stuck Inside Of Mobile With The Memphis Blues Again,152.4211294409119,Marvin Sease - Stuck In The Middle,166.04067230713727,Saliva - Bleed For Me,141.4876896550143,Seventh Day Slumber - Burning Bridges,122.62368799878456,Saliva - Bleed For Me,283.63817399651333,Marvin Sease - Stuck In The Middle,264.5643747294339,Archers Of Loaf - Web In Front,245.3136692763652,Saliva - Bleed For Me,0.37331310224161196,Marvin Sease - Stuck In The Middle,0.3528544642896407,Archers Of Loaf - Web In Front,0.32685003376437266
TRYMCCD128F421CD27,SOPTZIL12A6D4FD7AC,ARR057Y1187B9A16E7,Children Of Bodom,Hellhounds on My Trail,metal,Lauryn Hill - Interlude 5,4753.0,Twista - I'm A Winner (Amended Album Version),3783.0,Beastie Boys - B-Boy Bouillabaisse: A.W.O.L. (2009 Digital Remaster),3635.0,Lauryn Hill - Interlude 5,4274.5999999999885,Twista - I'm A Winner (Amended Album Version),3470.350000000012,Erykah Badu - I Want You,3328.175000000027,The Sundays - My Finest Hour,574.8750540641232,Good Old War - Tell Me (Acoustic),569.4274170396279,Permanent Me - Heartattack,566.9476555917604,The Sundays - My Finest Hour,0.7325219522759784,Good Old War - Tell Me (Acoustic),0.7279971810899087,Permanent Me - Heartattack,0.7233155202192146,Lauryn Hill - Interlude 5,347.2306020214621,Beastie Boys - B-Boy Bouillabaisse: A.W.O.L. (2009 Digital Remaster),268.27306202338156,Twista - Overdose (Album Version),242.75719546786326,Lauryn Hill - Interlude 5,165.0750966492775,Hollywood Undead - Undead,129.79299079339,Marilyn Manson - Para-noir,121.12218836546552,Marilyn Manson - Para-noir,224.2866047076508,Alexandra Burke - Gotta Go,221.37800653864372,The Forces Of Evil - Vague Love Song,210.33943860792957,Classified - All About U,0.3388101800988015,Alexandra Burke - Gotta Go,0.33094759841282173,Lauryn Hill - Interlude 5,0.32769750382445895
TRVIFKS128F426813A,SOKVYHH12A81C22CC4,ARR057Y1187B9A16E7,Children Of Bodom,No Commands,metal,Lauryn Hill - Interlude 5,2491.0,Beastie Boys - B-Boy Bouillabaisse: A.W.O.L. (2009 Digital Remaster),2308.0,Enrique Iglesias - Miss You,2142.0,Lauryn Hill - Interlude 5,2211.3200000000024,Beastie Boys - B-Boy Bouillabaisse: A.W.O.L. (2009 Digital Remaster),2074.110000000028,Enrique Iglesias - Miss You,2051.750000000008,Kosheen - Pride,575.2688573722668,The Airborne Toxic Event - The Girls In Their Summer Dresses,554.3655710860166,Animal Collective - No More Runnin,538.6108768353658,Kosheen - Pride,0.730685325394385,The Airborne Toxic Event - The Girls In Their Summer Dresses,0.7059013632518532,Animal Collective - No More Runnin,0.685946789689363,Lauryn Hill - Interlude 5,201.45932570375035,Beastie Boys - B-Boy Bouillabaisse: A.W.O.L. (2009 Digital Remaster),151.47726491240923,Conjure One - One Word,146.3739924262501,Conjure One - One Word,110.05323944327755,Puressence - It Doesn't Matter Anymore,108.24760276203062,Lauryn Hill - Interlude 5,100.78808609897918,Puressence - It Doesn't Matter Anymore,267.43937608970424,Jon Secada - Take Me,232.86818766730394,Conjure One - One Word,216.68138436651833,Puressence - It Doesn't Matter Anymore,0.37718416023353835,Jon Secada - Take Me,0.3387268207065607,Conjure One - One Word,0.32976723258166274
TRLHJMW128F1493BA1,SOZUQLN12A5891F885,AR4KS8C1187FB4CF3D,Tori Amos,Mother (2006 Remastered Alternate Mix),metal,Lauryn Hill - Interlude 5,3989.0,Beastie Boys - B-Boy Bouillabaisse: A.W.O.L. (2009 Digital Remaster),3698.0,Twista - I'm A Winner (Amended Album Version),3159.0,Lauryn Hill - Interlude 5,3540.040000000018,Beastie Boys - B-Boy Bouillabaisse: A.W.O.L. (2009 Digital Remaster),3322.5450000000496,Twista - I'm A Winner (Amended Album Version),2865.5900000000165,Beastie Boys - B-Boy Bouillabaisse: A.W.O.L. (2009 Digital Remaster),542.4851664274681,Parliament - Mr. Wiggles,532.8361219162264,Sage Francis - Clickety Clack,527.1439099284316,Beastie Boys - B-Boy Bouillabaisse: A.W.O.L. (2009 Digital Remaster),0.7006273830040078,Parliament - Mr. Wiggles,0.6860587240275627,Sage Francis - Clickety Clack,0.6789315977170077,Lauryn Hill - Interlude 5,274.7629698234661,Beastie Boys - B-Boy Bouillabaisse: A.W.O.L. (2009 Digital Remaster),247.3404089465848,Eminem - My Darling,223.03044514559872,Paris Hilton - Not Leaving Without You (Album Version),127.86026728911581,Coheed and Cambria - The Light & The Glass,127.61641816113237,Jodeci - It's Alright,121.05332805139413,Telepopmusik - Dance Me,206.32354522301392,John Foxx - Plaza,202.34144600679426,Liza Minnelli - All That Jazz,187.7902542770044,Coheed and Cambria - The Light & The Glass,0.2937202897611261,Liza Minnelli - All That Jazz,0.29370480962818396,John Foxx - Plaza,0.2829537377348955
TRZGXNM128F1451ADF,SOGGUIK12A6D4F5F5B,ARHTAPO1187FB5AADE,Iron Maiden,Lord Of The Flies (Live In Dortmund),metal,Lauryn Hill - Interlude 5,2778.0,Beastie Boys - B-Boy Bouillabaisse: A.W.O.L. (2009 Digital Remaster),2016.0,Ja Rule - One of Us,1833.0,Lauryn Hill - Interlude 5,2452.3199999999724,Beastie Boys - B-Boy Bouillabaisse: A.W.O.L. (2009 Digital Remaster),1743.6412500000165,Ja Rule - One of Us,1636.0874999999885,The Starting Line - Photography,513.072707694172,Pigeon John - Growin' Old,501.6442374633232,Pretty Maids - Perfect Stranger,489.25062953138064,The Starting Line - Photography,0.649652866201779,Pigeon John - Growin' Old,0.6422040191894371,Pretty Maids - Perfect Stranger,0.6240552973474305,Lauryn Hill - Oh Jerusalem,184.9632302115551,Lauryn Hill - Interlude 5,180.36894634035306,Recoil - Curse,174.37419271225897,Lauryn Hill - Oh Jerusalem,130.91574847976563,Recoil - Curse,105.87600419728511,Will.I.Am - She's A Star,98.53404730313841,Old Man's Child - Soul Possessed,270.90655088241556,Celtic Woman - May It Be,256.2606914698687,Robert Wyatt - Red Flag,217.14406193194895,Old Man's Child - Soul Possessed,0.3691415970569102,Celtic Woman - May It Be,0.35231044989486826,Lauryn Hill - Oh Jerusalem,0.3278260054008906
TROGUOT128F147F39A,SOPFDRI12A6D4F83F4,ARHTAPO1187FB5AADE,Iron Maiden,Phantom Of The Opera (Live) (1998 Digital Remaster),metal,Lauryn Hill - Interlude 5,4990.0,Twista - I'm A Winner (Amended Album Version),3658.0,Eminem - My Darling,3483.0,Lauryn Hill - Interlude 5,4688.239999999974,Twista - I'm A Winner (Amended Album Version),3460.7899999999963,Eminem - My Darling,3298.295000000019,HELLYEAH - Nausea,672.4985557406919,Harry Belafonte - Angelina,669.7045353412572,Delta Goodrem - Predictable,667.9102971600608,HELLYEAH - Nausea,0.8467369926646121,Harry Belafonte - Angelina,0.8429679722119156,Delta Goodrem - Predictable,0.840067919980346,Onyx - Slam Harder,164.3431252988251,Onyx - Slam,164.3431252988251,Beastie Boys - B-Boy Bouillabaisse: A.W.O.L. (2009 Digital Remaster),152.80133927425098,Onyx - Slam Harder,118.64323306336239,Onyx - Slam,118.64323306336239,Marilyn Monroe - Do It Again,81.15435099480621,Bunny Wailer - Walk The Proud Land,223.4306383400185,Bettye Swann - Don't Look Back,222.63860435977236,Hayseed Dixie - Runnin' With The Devil,221.19438177297928,Bettye Swann - Don't Look Back,0.3301421506205488,Onyx - Slam,0.32657654297518274,Onyx - Slam Harder,0.32657654297518274
TRJYSJS128EF356B75,SOTFXJB12A58A7692B,ARQATWU1187B98EE26,Ill Niño,Re-Birth,metal,Lauryn Hill - Interlude 5,9791.0,Twista - I'm A Winner (Amended Album Version),8922.0,Five - That's What You Told Me,7795.0,Lauryn Hill - Interlude 5,9169.07999999998,Twista - I'm A Winner (Amended Album Version),8515.554999999995,Five - That's What You Told Me,7556.710000000021,Sean Lennon - Into The Sun,667.1150779351791,The Berzerker - All About You,593.3294305763955,Avant - Out of Character,592.8506078023415,Sean Lennon - Into The Sun,0.8377308272040479,Avant - Out of Character,0.7489598668381433,The Berzerker - All About You,0.748672022688164,Lauryn Hill - Interlude 5,282.30177223773603,Beastie Boys - B-Boy Bouillabaisse: A.W.O.L. (2009 Digital Remaster),228.03162946677256,Savatage - The Hourglass,223.50257516932194,Lauryn Hill - Interlude 5,136.3987026978269,N-Dubz - Shoulda Put Something On,134.00152747829043,Aceyalone - Mr. Outsider,133.64115083524106,Sean Lennon - Into The Sun,305.24870076875214,No Use For A Name - Undefeated,258.8967609399375,Nine Inch Nails - Burn,233.54233630888388,Sean Lennon - Into The Sun,0.4170842574571827,No Use For A Name - Undefeated,0.3669224453377999,Nine Inch Nails - Burn,0.33302440344908957
TRSUANW128F930BD52,SOHWQLM12AB017E46B,ARDZQ7Z1187B99711A,Kamelot,This Pain,metal,Lauryn Hill - Interlude 5,2009.0,Beastie Boys - B-Boy Bouillabaisse: A.W.O.L. (2009 Digital Remaster),1722.0,Eminem - 8 Mile,1405.0,Lauryn Hill - Interlude 5,1760.6000000000097,Beastie Boys - B-Boy Bouillabaisse: A.W.O.L. (2009 Digital Remaster),1514.2687499999838,Eminem - 8 Mile,1248.2312500000278,Organized Konfusion - Releasing Hypnotical Gases,460.0746537283651,Bob Dylan - Ballad In Plain D,457.982101510864,Less Than Jake - Abandon Ship,452.7895157341106,Organized Konfusion - Releasing Hypnotical Gases,0.5980200053758546,Bob Dylan - Ballad In Plain D,0.5941583075925528,Less Than Jake - Abandon Ship,0.586963426420464,Lauryn Hill - Interlude 5,159.08222087003665,Twista - Overdose (Album Version),155.63689624947813,Twiztid - She Ain't Afraid,146.34136192006542,Floetry - Blessed 2 Have,97.52515030272033,Twiztid - She Ain't Afraid,85.98458499340487,Twista - Overdose (Album Version),81.9583646843737,Mansun - Witness To A Murder (Part 2),220.87543572881495,Willie Dixon - Pain in My Heart,192.03343372621094,Floetry - Blessed 2 Have,185.19617341578376,Mansun - Witness To A Murder (Part 2),0.3081426727662672,Floetry - Blessed 2 Have,0.2756361754705262,Willie Dixon - Pain in My Heart,0.2725067821029019
TRRIRCF128F426A606,SOFRVOH12A8C132F50,ARXPPEY1187FB51DF4,Michael Jackson,You Are Not Alone,pop,Lauryn Hill - Interlude 5,8798.0,Twista - I'm A Winner (Amended Album Version),7672.0,Eminem - My Darling,7036.0,Lauryn Hill - Interlude 5,8176.079999999968,Twista - I'm A Winner (Amended Album Version),7265.5550000000785,Eminem - My Darling,6655.327499999953,New Found Glory - Dressed To Kill,624.9220159396989,Royksopp - You Don't Have A Clue,620.1814822686987,G4 - To Where You Are,613.4944517163466,New Found Glory - Dressed To Kill,0.7874136640838154,Royksopp - You Don't Have A Clue,0.7824166637149198,G4 - To Where You Are,0.7746958016316867,Lauryn Hill - Interlude 5,236.0821340887522,Nivea - So Far,221.1331200122185,Savatage - The Hourglass,211.71634913284691,Nivea - So Far,169.18491593655523,The Cure - Apart,136.66072135643546,Girls Aloud - Stay Another Day,128.00863279908052,Girls Aloud - Stay Another Day,250.85378226980956,Nivea - So Far,232.84782716822457,Frank Sinatra - From Here To Eternity,232.79226445109066,Girls Aloud - Stay Another Day,0.3585380117322226,Nivea - So Far,0.34902635473980526,Frank Sinatra - From Here To Eternity,0.32780263156084344
TREUPHA128F4278F34,SOTLPVB12CF5CFD7F3,ARXPPEY1187FB51DF4,Michael Jackson,Baby Be Mine,pop,Lauryn Hill - Interlude 5,7579.0,Twista - I'm A Winner (Amended Album Version),6234.0,Beastie Boys - B-Boy Bouillabaisse: A.W.O.L. (2009 Digital Remaster),5254.0,Lauryn Hill - Interlude 5,6964.439999999979,Twista - I'm A Winner (Amended Album Version),5832.365000000078,Erykah Badu - I Want You,4890.132500000054,Kelly Clarkson - Anytime,608.4066187210213,Alice Smith - Dream,605.6042925419946,Fat Joe - Preacher On A Sunday Morning,580.8664140487804,Kelly Clarkson - Anytime,0.7709399009187753,Alice Smith - Dream,0.7679262438085412,Fat Joe - Preacher On A Sunday Morning,0.7391723196073088,Ryan Leslie - Just Right,217.66494315247544,Beastie Boys - B-Boy Bouillabaisse: A.W.O.L. (2009 Digital Remaster),210.8650615884547,Lauryn Hill - Interlude 5,210.0699745537494,Ryan Leslie - Just Right,162.40739064883763,Shai - Waiting For The Day,140.32937492105106,East 17 - Hey Child,139.6698395459328,OTT - Be My Girl,310.76765038345394,Kelly Clarkson - Anytime,265.7529299858488,Chanté Moore - Give Me Time,265.62016448553175,OTT - Be My Girl,0.42722739760020473,Kelly Clarkson - Anytime,0.3899333887186531,Chanté Moore - Give Me Time,0.38086206160528485
TRQAWKR128F425EEC3,SOFHEBR12CF5F892C7,ARXPPEY1187FB51DF4,Michael Jackson,Man In The Mirror,pop,Lauryn Hill - Interlude 5,22971.0,Twista - I'm A Winner (Amended Album Version),19432.0,Beastie Boys - B-Boy Bouillabaisse: A.W.O.L. (2009 Digital Remaster),15159.0,Lauryn Hill - Interlude 5,20648.919999999835,Twista - I'm A Winner (Amended Album Version),17914.445,Beastie Boys - B-Boy Bouillabaisse: A.W.O.L. (2009 Digital Remaster),13217.097499999914,Petey Pablo - Show Me The Money,457.4407798950037,Bow Wow - Sunshine,451.4990583360714,Lucy Pearl - LaLa,432.94006617761846,Petey Pablo - Show Me The Money,0.5897635004021178,Bow Wow - Sunshine,0.5880589018332385,Souls Of Mischief - One,0.5623304492220924,Lauryn Hill - Interlude 5,586.4028698272314,Nelly - Say Now,537.6366216256878,Black Eyed Peas - A8,522.7680003150881,Nelly - Say Now,383.67448107348974,Fun Lovin' Criminals - Blues For Suckers,381.9303327173591,Tiziano Ferro - Universal Prayer,373.0513244411654,Sentidos Opuestos - Oh Na Na Na,299.4619639174999,Kayah - Dla Niego,294.73229431912046,Tiziano Ferro - Universal Prayer,272.4952592900808,Tiziano Ferro - Universal Prayer,0.3976972179083155,Black Eyed Peas - A8,0.39111294505352134,Fun Lovin' Criminals - Blues For Suckers,0.38510286987296777
TRCYAYD128F92F3758,SODIHGW12CF5F88001,ARXPPEY1187FB51DF4,Michael Jackson,Why You Wanna Trip On Me,pop,Lauryn Hill - Interlude 5,4979.0,Danity Kane - Hold Me Down (Album Version),4785.0,Five - That's What You Told Me,4464.0,Danity Kane - Hold Me Down (Album Version),4585.514999999961,Lauryn Hill - Interlude 5,4548.439999999988,Five - That's What You Told Me,4299.029999999998,Thomas Dybdahl - U,496.1283332081295,Bessie Smith - Thinking Blues,478.30313496740143,George Ducas - Shame On Me,476.9942055999825,Thomas Dybdahl - U,0.6283285693322629,Bessie Smith - Thinking Blues,0.6096649878630613,George Ducas - Shame On Me,0.604518605708452,Lauryn Hill - Interlude 5,291.92437342670723,Michael Jackson - Man In The Mirror,208.280299578005,Beastie Boys - B-Boy Bouillabaisse: A.W.O.L. (2009 Digital Remaster),190.831265639159,Lauryn Hill - Interlude 5,179.4434024264599,Michael Jackson - Man In The Mirror,151.7431969763654,Billy Paul - Your Song,135.09988594164997,Hooverphonic - Everytime We Live Together We Die A Bit More,274.64325512360176,Keith Sweat - Give Me What I Want (LP Version),245.90854631257488,The Living End - What's On Your Radio?,227.51183305838532,Hooverphonic - Everytime We Live Together We Die A Bit More,0.3690216024747902,Keith Sweat - Give Me What I Want (LP Version),0.34993549415721364,Spice Girls - Ain't No Stopping Us Now,0.3309045640789887
TRGJXNX128F92F8757,SOEURRQ12D02194749,ARORMBJ1241B9CDB1A,Ke$ha,TiK ToK,pop,Lauryn Hill - Interlude 5,4104.0,Beastie Boys - B-Boy Bouillabaisse: A.W.O.L. (2009 Digital Remaster),4058.0,Twista - I'm A Winner (Amended Album Version),3618.0,Beastie Boys - B-Boy Bouillabaisse: A.W.O.L. (2009 Digital Remaster),3562.522499999964,Lauryn Hill - Interlude 5,3511.5200000000186,Twista - I'm A Winner (Amended Album Version),3230.79500000001,Mobb Deep - Trife Life,533.3660209957084,Spice Girls - Ain't No Stopping Us Now,529.117322068525,Warren G - We Brings Heat,496.9410073812129,Mobb Deep - Trife Life,0.6893796234755959,Spice Girls - Ain't No Stopping Us Now,0.6782559135932518,Warren G - We Brings Heat,0.6453767728066259,Lauryn Hill - Interlude 5,326.08827992462477,Beastie Boys - B-Boy Bouillabaisse: A.W.O.L. (2009 Digital Remaster),311.4759360375377,Twista - I'm A Winner (Amended Album Version),263.1729813549695,Afroman - Let's All Get Drunk,187.7725027399019,Twista - I'm A Winner (Amended Album Version),186.33416288382585,Vanilla Ice - It's A Party,183.5864488793801,Banaroo - Ringa Ding Ding,266.74617555258385,Radio 4 - Party Crashers,230.4000353322265,Vanilla Ice - It's A Party,227.38203689409235,Banaroo - Ringa Ding Ding,0.3709317948022522,Vanilla Ice - It's A Party,0.3551921773243003,Afroman - Let's All Get Drunk,0.3392912627997537
TRNQDAJ128F92F4AE0,SOQDMKM12A58A7A9B2,ARF5M7Q1187FB501E8,Maroon 5,Nothing Lasts Forever,pop,Lauryn Hill - Interlude 5,5698.0,Twista - I'm A Winner (Amended Album Version),4709.0,Erykah Badu - I Want You,4008.0,Lauryn Hill - Interlude 5,5114.719999999999,Twista - I'm A Winner (Amended Album Version),4327.807500000061,Erykah Badu - I Want You,3793.628749999975,Useless I.D. - It's Alright,558.2283822747875,Angela Bofill - I Try,503.068047088799,Nelly - Splurge,500.5120165133383,Useless I.D. - It's Alright,0.7116653289954948,Lou Reed - So Alone,0.6444344381904505,Nelly - Splurge,0.6425857531241738,Lauryn Hill - Interlude 5,290.72820496741883,Beastie Boys - B-Boy Bouillabaisse: A.W.O.L. (2009 Digital Remaster),285.76942978287695,Babyface - I Love You Babe,280.6312802034596,Babyface - I Love You Babe,242.28222670712034,The Jacksons - The Hurt,177.33535393229226,Mayday Parade - I'd Hate To Be You When People Find Out What This Song Is About (Album),154.60062091410467,Babyface - I Love You Babe,351.58202977380716,The Jacksons - The Hurt,254.60669904721007,Mayday Parade - I'd Hate To Be You When People Find Out What This Song Is About (Album),240.09064818211655,Babyface - I Love You Babe,0.47358245040502,The Jacksons - The Hurt,0.37053606731081506,Mayday Parade - I'd Hate To Be You When People Find Out What This Song Is About (Album),0.3535551103101326
TRHKYKI128E07921BC,SOPOYAC12D021B2BE2,ARDCFNZ1187FB3DDB0,Enrique Iglesias,Roamer,pop,Beastie Boys - B-Boy Bouillabaisse: A.W.O.L. (2009 Digital Remaster),5514.0,Eminem - 8 Mile,4976.0,Lauryn Hill - Interlude 5,4622.0,Beastie Boys - B-Boy Bouillabaisse: A.W.O.L. (2009 Digital Remaster),5063.146249999937,Eminem - 8 Mile,4635.753750000066,Rufio - Over It (Acoustic),4199.241250000006,Us3 - It's Like That,604.2383798975399,Eminem - 8 Mile,601.3964406860084,Dead Prez - Fucked Up,589.0071043704813,Us3 - It's Like That,0.7666848213591823,Eminem - 8 Mile,0.7642215266355509,Dead Prez - Fucked Up,0.7497658843732983,Beastie Boys - B-Boy Bouillabaisse: A.W.O.L. (2009 Digital Remaster),312.51579873589634,Eminem - 8 Mile,283.36993896432426,Murs - The Dance,228.44070868325034,Eminem - 8 Mile,166.85244072631858,Beastie Boys - B-Boy Bouillabaisse: A.W.O.L. (2009 Digital Remaster),165.10132272088177,Daft Punk - Touch It / Technologic,145.8610153437658,Martina Topley Bird - I Still Feel,219.44282274452826,JET - Let Me Out,213.3451498091752,LMFAO - I Am Not A Whore,198.37533888852033,JET - Let Me Out,0.3237304887767216,Martina Topley Bird - I Still Feel,0.31858968791184,Beastie Boys - B-Boy Bouillabaisse: A.W.O.L. (2009 Digital Remaster),0.3172659381135096
TRTJYFF128F9340CA9,SOYXNXN12A8C131F3D,ARML3X41187FB35F2E,Jason Mraz,Live High (Album Version),pop,Lauryn Hill - Interlude 5,2496.0,Daft Punk - Touch It / Technologic,2054.0,Vanilla Ice - Ice Is Workin' It,2044.0,Lauryn Hill - Interlude 5,2100.40000000001,Daft Punk - Touch It / Technologic,1897.8562500000207,Vanilla Ice - Ice Is Workin' It,1856.9500000000369,Blackstreet - Black & White,400.0402153692196,Jolie Holland - Mexico City,389.9945782942504,The Brian Setzer Orchestra - Let's Live It Up,368.2095355704892,Blackstreet - Black & White,0.5247903083791047,Jolie Holland - Mexico City,0.5052363035421391,Jamiroquai - Virtual Insanity,0.4831657252356816,Beastie Boys - B-Boy Bouillabaisse: A.W.O.L. (2009 Digital Remaster),264.51452010204804,Lauryn Hill - Interlude 5,211.20113725431244,Prince - I Love U In Me ( LP Version),193.18333756556993,Kelly Price - Someday,130.31402190272212,The Corrs - Queen Of Hollywood ( LP Version ),126.23996559375004,Beastie Boys - B-Boy Bouillabaisse: A.W.O.L. (2009 Digital Remaster),118.30705404009974,Boyz II Men - Easy,268.3898612616454,Felt - Penelope Tree,254.7806484194239,Billie Holiday - Easy Living,232.39542762158425,Boyz II Men - Easy,0.3691830397530088,Felt - Penelope Tree,0.35821554384206594,Billie Holiday - Easy Living,0.326109985776538
TRMBGMX128F92FD769,SOREOCT12AB0184E18,ARKSZW81187B9B695D,Mariah Carey,Did I Do That?,pop,Lauryn Hill - Interlude 5,12494.0,Twista - I'm A Winner (Amended Album Version),9967.0,Eminem - My Darling,8848.0,Lauryn Hill - Interlude 5,11608.95999999999,Twista - I'm A Winner (Amended Album Version),9388.597500000033,Erykah Badu - I Want You,8478.723750000017,Charlie Wilson - What You Do To Me,639.2614940493282,"Brand New Heavies_ The - You Are The Universe (Roger's Universal 7"" Edit)",610.5103631536335,A Tribe Called Quest - The Hop,609.3578157072066,Charlie Wilson - What You Do To Me,0.8054571054467728,A Tribe Called Quest - The Hop,0.770880030994126,Kevin Devine - It's Only Your Life,0.769442004214009,Lauryn Hill - Interlude 5,384.24041647492555,Beastie Boys - B-Boy Bouillabaisse: A.W.O.L. (2009 Digital Remaster),332.8053827723818,Eric B. & Rakim - What's On Your Mind,267.7381241735541,Lauryn Hill - Interlude 5,192.12049070769,Simply Red - So Not Over You,168.92770209489052,Eric B. & Rakim - What's On Your Mind,162.7205479805435,Simply Red - So Not Over You,209.29484659888612,Joss Stone - Killing Time,204.5621851620517,Grace Jones - Use Me,196.17410074552367,Simply Red - So Not Over You,0.3290830501229229,Clipse - Freedom,0.32029201683304975,Eric B. & Rakim - What's On Your Mind,0.31679949350897785
TRWMZQL128F9306DCB,SOQWWOQ12AAF3B22EA,ARKSZW81187B9B695D,Mariah Carey,I'll Be There,pop,Lauryn Hill - Interlude 5,7134.0,Twista - I'm A Winner (Amended Album Version),6537.0,Beastie Boys - B-Boy Bouillabaisse: A.W.O.L. (2009 Digital Remaster),6522.0,Lauryn Hill - Interlude 5,6594.87999999991,Twista - I'm A Winner (Amended Album Version),6184.667500000043,Erykah Badu - I Want You,6073.858749999866,RyanDan - I'll Be There,765.6510808224448,Ben Harper And The Blind Boys Of Alabama - There Will Be A Light,632.4539691693955,The Dells - It's All Up To You,626.8238834074175,RyanDan - I'll Be There,0.9577936708564238,Ben Harper And The Blind Boys Of Alabama - There Will Be A Light,0.793572943575263,The Dells - It's All Up To You,0.7879539273141432,RyanDan - I'll Be There,227.44109683580837,Beastie Boys - B-Boy Bouillabaisse: A.W.O.L. (2009 Digital Remaster),184.56002881181226,Lauryn Hill - Interlude 5,155.66880155530615,RyanDan - I'll Be There,210.7739070256804,Tree63 - All Over The World,93.20406992171722,Machinemade God - With You,92.3806115831119,RyanDan - I'll Be There,705.0154839096809,The Brand New Heavies - Worlds Keep Spinning,252.71125352295635,Phil Collins - You'll Be In My Heart,230.56392955801516,RyanDan - I'll Be There,0.8889923564633931,The Brand New Heavies - Worlds Keep Spinning,0.36568061416960296,Phil Collins - You'll Be In My Heart,0.3412376522897302
TRRIZDV128F92C1F17,SOBQRXD12A8C13FB26,ARBAW9R1187B98FB6B,Natasha Bedingfield,I Think They're Thinking - Interlude,pop,Beastie Boys - B-Boy Bouillabaisse: A.W.O.L. (2009 Digital Remaster),1039.0,Lauryn Hill - Interlude 5,1025.0,Nelly - Splurge,989.0,Beastie Boys - B-Boy Bouillabaisse: A.W.O.L. (2009 Digital Remaster),938.981249999994,Nelly - Splurge,929.4437499999872,Mario Vazquez - Everytime I...,907.4375000000194,The Bastard Fairies - Guns And Dolls,455.5876456574969,Whitney Houston - Thinking About You,451.9887624812168,Cherish - Oooh,451.2924290529386,The Bastard Fairies - Guns And Dolls,0.5804846047689669,Whitney Houston - Thinking About You,0.5771466951321084,Cherish - Oooh,0.575380998347272,Lauryn Hill - Interlude 5,92.28922178177794,Hollywood Undead - Undead,75.1135278345527,Beastie Boys - B-Boy Bouillabaisse: A.W.O.L. (2009 Digital Remaster),66.63703643901407,Cibelle - Hate,56.94756579453547,Hollywood Undead - Undead,54.837551550925696,Lauryn Hill - Interlude 5,54.76633799466261,Reel Big Fish - Your Guts (I Hate 'em) (Live),284.2190096635067,Cibelle - Hate,253.46437924821032,Bouncing Souls - Better Life,242.84358446752262,Reel Big Fish - Your Guts (I Hate 'em) (Live),0.37406099057822473,Cibelle - Hate,0.3390351945020721,Bouncing Souls - Better Life,0.3307675980819231
TREXAZN128F425A825,SOUPUNL12A8AE48502,ARBAW9R1187B98FB6B,Natasha Bedingfield,Silent Movie,pop,Lauryn Hill - Interlude 5,4849.0,Twista - I'm A Winner (Amended Album Version),3575.0,Danity Kane - Hold Me Down (Album Version),3340.0,Lauryn Hill - Interlude 5,4438.679999999988,Twista - I'm A Winner (Amended Album Version),3306.8424999999856,Danity Kane - Hold Me Down (Album Version),3149.892499999992,Ricky Nelson - Mighty Good,566.4758172648852,Delta Goodrem - Predictable,558.2868907311877,Royksopp - You Don't Have A Clue,556.4469560004496,Ricky Nelson - Mighty Good,0.7196103777143457,Delta Goodrem - Predictable,0.7081814897881549,Royksopp - You Don't Have A Clue,0.7073473561605901,Lauryn Hill - Interlude 5,251.65677526475622,Beastie Boys - B-Boy Bouillabaisse: A.W.O.L. (2009 Digital Remaster),244.68023441418586,Pain of Salvation - Spitfall,179.16431977103667,Lauryn Hill - Interlude 5,118.31273471378236,Beastie Boys - B-Boy Bouillabaisse: A.W.O.L. (2009 Digital Remaster),108.76765891547208,Pain of Salvation - Spitfall,102.54569734967737,Beverley Craven - Phoenix From The Fire,195.68900296096132,The Jacksons - Enjoy Yourself,195.14045180748104,Depeche Mode - Freestate,192.21154767226858,Beverley Craven - Phoenix From The Fire,0.292232233821769,The Jacksons - Enjoy Yourself,0.2880005822400353,Depeche Mode - Freestate,0.28006371840573757
TRFYGMB128F425A7A2,SOXDIRH12A8AE45FD5,ARBAW9R1187B98FB6B,Natasha Bedingfield,Stumble,pop,Lauryn Hill - Interlude 5,8293.0,Twista - I'm A Winner (Amended Album Version),7445.0,Erykah Badu - I Want You,6090.0,Lauryn Hill - Interlude 5,7764.920000000015,Twista - I'm A Winner (Amended Album Version),7099.882499999921,Erykah Badu - I Want You,5895.916249999917,Chris Brown - Ain't No Way (You Won't Love Me),661.1204437366109,Clawfinger - Revenge,658.3050428908489,Anastacia - Club Megamix,654.2936129298552,Chris Brown - Ain't No Way (You Won't Love Me),0.8328130724606821,Clawfinger - Revenge,0.829075976700141,Anastacia - Club Megamix,0.825193747963769,Lauryn Hill - Interlude 5,262.7615920329205,Beastie Boys - B-Boy Bouillabaisse: A.W.O.L. (2009 Digital Remaster),240.79425961156176,Hollywood Undead - Undead,187.86944864756583,Lauryn Hill - Interlude 5,115.8277258888681,Heather Headley - What's Not Being Said,109.62038518079004,Anastacia - Club Megamix,108.84456044926338,Matt Nathanson - More Than This,251.8965997263082,Heather Headley - What's Not Being Said,235.3330438138725,Westlife - More Than Words,215.33399289489927,Matt Nathanson - More Than This,0.36318006433065153,Heather Headley - What's Not Being Said,0.3591260966433739,Westlife - More Than Words,0.32471797564134225
TRSRDVR128F92E6CF4,SOIXPFM12AF72A3189,ARDCFNZ1187FB3DDB0,Enrique Iglesias,Heroe,pop,Twista - I'm A Winner (Amended Album Version),5891.0,Lauryn Hill - Interlude 5,5886.0,Erykah Badu - I Want You,4997.0,Twista - I'm A Winner (Amended Album Version),5616.8299999999335,Lauryn Hill - Interlude 5,5466.479999999953,Erykah Badu - I Want You,4842.815000000071,Enrique Iglesias - Little Girl,796.3288150246582,Hello Saferide - Get Sick Soon,627.529872866869,Level 42 - To Be With You Again,608.5966208549668,Enrique Iglesias - Little Girl,0.995545595126538,Hello Saferide - Get Sick Soon,0.7907233705356336,Level 42 - To Be With You Again,0.7681179384037037,Enrique Iglesias - Little Girl,345.4986089214002,Ja Rule - One of Us,188.17176597287207,Afroman - Let's All Get Drunk,180.3371868193839,Enrique Iglesias - Little Girl,323.97436861858944,Louise - One Kiss From Heaven,135.2421280837782,Afroman - Let's All Get Drunk,131.91202055400876,Enrique Iglesias - Little Girl,785.2678476507999,The Hurt Process - Tuesday,277.6509374152269,Blackstreet - Billie Jean,263.65257331206686,Enrique Iglesias - Little Girl,0.9827083902577364,The Hurt Process - Tuesday,0.3785461238414817,Blackstreet - Billie Jean,0.37660005817739856
TRNHATG128F428BC8A,SOVSGRO12A8C138859,ARDCFNZ1187FB3DDB0,Enrique Iglesias,Little Girl,pop,Twista - I'm A Winner (Amended Album Version),5753.0,Lauryn Hill - Interlude 5,5725.0,Erykah Badu - I Want You,4868.0,Twista - I'm A Winner (Amended Album Version),5488.449999999942,Lauryn Hill - Interlude 5,5320.199999999977,Erykah Badu - I Want You,4719.225000000011,Enrique Iglesias - Heroe,796.3288150246582,Hello Saferide - Get Sick Soon,623.977757252817,Level 42 - To Be With You Again,611.6151620378482,Enrique Iglesias - Heroe,0.995545595126538,Hello Saferide - Get Sick Soon,0.7863453831346229,Level 42 - To Be With You Again,0.7716834565632026,Enrique Iglesias - Heroe,345.4986089214002,Ja Rule - One of Us,176.46327781276196,Afroman - Let's All Get Drunk,160.9388904123069,Enrique Iglesias - Heroe,323.97436861858944,Louise - One Kiss From Heaven,128.15453110749013,Blackstreet - Billie Jean,116.38381389415964,Enrique Iglesias - Heroe,785.2678476507999,The Hurt Process - Tuesday,270.1398760078846,Dottie West - Forever Yours,259.50698036328765,Enrique Iglesias - Heroe,0.9827083902577364,The Hurt Process - Tuesday,0.36932644599745096,Louise - One Kiss From Heaven,0.3556681330770264
TREMCSO128F4215877,SOSVMLR12A6D4F7921,ARDCFNZ1187FB3DDB0,Enrique Iglesias,Ruleta Rusa,pop,Violadores del Verso - Dale tiempo al rumor,2382.0,Johnny Prez - Te Vuelvo Loca,2139.0,Tego Calderon - Al Natural (Amended Version),2070.0,Violadores del Verso - Dale tiempo al rumor,2274.2625000000166,Johnny Prez - Te Vuelvo Loca,2070.5749999999985,Tego Calderon - Al Natural (Amended Version),1996.8999999999955,Luis Miguel - La Media Vuelta,603.9558768108546,Karamelo Santo - Sacrificio,603.1067588050256,Johnny Prez - Entra,595.0353220873455,Karamelo Santo - Sacrificio,0.7600404918828338,Luis Miguel - La Media Vuelta,0.7593498242919043,Johnny Prez - Entra,0.7500954419169308,Violadores del Verso - Cantando,668.2403620902737,Violadores del Verso - Dale tiempo al rumor,652.364670157776,Daddy Yankee - Todos Quieren A Raymond,626.8651315020193,Violadores del Verso - Cantando,605.7215964432453,Violadores del Verso - Dale tiempo al rumor,588.1939483669005,Daddy Yankee - Todos Quieren A Raymond,566.7472813610849,Aventura - Obsesion (English Remix_ Album Version),519.3978967771565,Aventura - Mi Corazoncito,496.9308650906029,Maelo Ruiz - Me Lo Estas Poniendo Dificil,490.4826737400726,Aventura - Obsesion (English Remix_ Album Version),0.6650959595759787,Aventura - Mi Corazoncito,0.6365589165410266,Maelo Ruiz - Me Lo Estas Poniendo Dificil,0.629360969804318
TRMMVPU128F145EC99,SOTTMRS12A6D4F791C,ARDCFNZ1187FB3DDB0,Enrique Iglesias,Contigo,pop,Violadores del Verso - Dale tiempo al rumor,3252.0,Tego Calderon - Al Natural (Amended Version),2707.0,Violadores del Verso - Cantando,2568.0,Violadores del Verso - Dale tiempo al rumor,3108.138749999931,Tego Calderon - Al Natural (Amended Version),2609.3899999999903,Violadores del Verso - Cantando,2441.163749999987,Buena Vista Social Club - Candela,580.5198546725397,Ricardo Montaner - En el último lugar del mundo,574.9012630065137,Atahualpa Yupanqui - Milonga Del Solitario,570.6624909819717,Buena Vista Social Club - Candela,0.731668371221979,Ricardo Montaner - En el último lugar del mundo,0.724427634398472,Atahualpa Yupanqui - Milonga Del Solitario,0.7207350918709684,Violadores del Verso - Dale tiempo al rumor,801.0532314885153,Violadores del Verso - Cantando,696.2476006776737,Wilfrido Vargas - El Semáforo,661.0349839281854,Violadores del Verso - Dale tiempo al rumor,730.5372696133675,Violadores del Verso - Cantando,627.546941376804,Wilfrido Vargas - El Semáforo,611.2714380621787,Joan Manuel Serrat - Mediterraneo,510.26698118356387,Carlos Vives - 19 De Noviembre,494.1140275338251,Diego Torres - Sueños,493.9606346986554,Joan Manuel Serrat - Mediterraneo,0.6527019231775577,Diego Torres - Sueños,0.632278920519414,Carlos Vives - 19 De Noviembre,0.6305642892280187
TRFKPYW128F92F21C5,SOJHZAT12D02198B73,AR6PJ8R1187FB5AD70,Shakira,Años Luz,pop,Violadores del Verso - Dale tiempo al rumor,2295.0,Violadores del Verso - Cantando,1947.0,Los Van Van - El Negro Está Cocinando,1893.0,Violadores del Verso - Dale tiempo al rumor,2208.809999999992,Violadores del Verso - Cantando,1871.0099999999736,Los Van Van - El Negro Está Cocinando,1844.550000000019,Aventura - Obsesion (English Remix_ Album Version),675.8563332282347,Ana Gabriel - Clemencia,667.5239357337679,La 5A Estacion - Algo Mas,665.5482981538178,Aventura - Obsesion (English Remix_ Album Version),0.8486064974777672,Ana Gabriel - Clemencia,0.8379461754934256,La 5A Estacion - Algo Mas,0.8350606568769703,Violadores del Verso - Cantando,600.008141144653,Violadores del Verso - Dale tiempo al rumor,556.1888153416518,Daddy Yankee - Todos Quieren A Raymond,540.7533256044176,Violadores del Verso - Cantando,548.3350656728296,Violadores del Verso - Dale tiempo al rumor,503.15036335264125,Daddy Yankee - Todos Quieren A Raymond,491.06465732399545,Bebe - La Coqueta,588.4385916600895,Juan Carlos Baglietto - Mirta_ De Regreso,525.611246693152,Victor Manuelle - Hazme Sentir,519.851928458,Bebe - La Coqueta,0.7457744569371051,Juan Carlos Baglietto - Mirta_ De Regreso,0.6710002956780482,Victor Manuelle - Hazme Sentir,0.6634004364866097
TRCUKHR128F92DF656,SOCWCZN12A8C14388F,ARQ32IT1187FB589D3,Sara Bareilles,Love Song,pop,Lauryn Hill - Interlude 5,9640.0,Twista - I'm A Winner (Amended Album Version),9321.0,Eminem - My Darling,7152.0,Lauryn Hill - Interlude 5,8940.799999999945,Twista - I'm A Winner (Amended Album Version),8864.05000000006,Erykah Badu - I Want You,6780.024999999939,Chris Brown - Ain't No Way (You Won't Love Me),648.2172266215687,Clawfinger - Revenge,630.8271385540813,Jeff Timmons - Can't You See,628.0276896100705,Chris Brown - Ain't No Way (You Won't Love Me),0.8174797111797105,Clawfinger - Revenge,0.7961043133471438,Mutya Buena - Not Your Baby,0.7920351793826961,Lauryn Hill - Interlude 5,299.83593062219313,Beastie Boys - B-Boy Bouillabaisse: A.W.O.L. (2009 Digital Remaster),277.09797888268736,Billy Paul - Your Song,261.18239399971753,Billy Paul - Your Song,181.6913513629092,Michael Jackson - Man In The Mirror,146.5853257101118,Twista - I'm A Winner (Amended Album Version),144.1057081220814,Hazel O'Connor - Calls The Tune,236.73038645075346,Joe Henry - I Will Write My Book,229.3115807096398,Van Morrison - Rolling Hills,220.224158184314,Joe Henry - I Will Write My Book,0.3374923163418847,Hazel O'Connor - Calls The Tune,0.33637609622266434,Guttermouth - Vacation,0.32575391381846575
TRDLWAP128F428F6B9,SORXKZB12AF72A1F72,AR0S7TA1187FB4D024,Christina Aguilera,Candyman,pop,Lauryn Hill - Interlude 5,2374.0,Beastie Boys - B-Boy Bouillabaisse: A.W.O.L. (2009 Digital Remaster),2114.0,Ja Rule - One of Us,2024.0,Lauryn Hill - Interlude 5,1976.5599999999624,Ja Rule - One of Us,1783.700000000014,Beastie Boys - B-Boy Bouillabaisse: A.W.O.L. (2009 Digital Remaster),1781.6300000000158,Binary Star - Wolfman Jack,505.01861355118,Bellamy Brothers - Old Hippie,497.1566876109054,Bad Religion - Automatic Man (Album Version),490.91208067536667,Binary Star - Wolfman Jack,0.6556354648529685,Bellamy Brothers - Old Hippie,0.6376046190404733,Bad Religion - Automatic Man (Album Version),0.6288748355708191,KMD - Plumskinzz (Loose Hoe_ God & Cupid),315.44831535705583,The Chi-Lites - Have You Seen Her,308.0908538494562,Beastie Boys - B-Boy Bouillabaisse: A.W.O.L. (2009 Digital Remaster),286.800897452829,The Chi-Lites - Have You Seen Her,250.82683700011702,KMD - Plumskinzz (Loose Hoe_ God & Cupid),230.04812824066855,Aretha Franklin - Jump To It,213.71809643767793,Zapp & Roger - Computer Love,279.48356705990824,Aaron Neville - Such A Night,262.05096685800225,KMD - Plumskinzz (Loose Hoe_ God & Cupid),260.892486096028,KMD - Plumskinzz (Loose Hoe_ God & Cupid),0.39548020292058494,Zapp & Roger - Computer Love,0.38071803894136247,Aaron Neville - Such A Night,0.37792410514620334
TRPEWXU12903CE6EA2,SONLEKN12AC9618818,ARVOZXD12454A4CC66,Selena Gomez & The Scene,Tell Me Something I Don't Know,pop,Lauryn Hill - Interlude 5,11672.0,R. Kelly - I Mean (I Don't Mean It),10461.0,Beastie Boys - B-Boy Bouillabaisse: A.W.O.L. (2009 Digital Remaster),9474.0,Lauryn Hill - Interlude 5,10805.360000000055,R. Kelly - I Mean (I Don't Mean It),10094.208749999823,Nelly - Splurge,8941.44625000018,Faithless - Salva Mea,607.0752121301695,Willie Nelson - All Of Me,594.0289160629424,Nancy Sinatra - Flowers On The Wall,566.9381101084449,Faithless - Salva Mea,0.7640494606995895,Willie Nelson - All Of Me,0.7486372291303719,Nancy Sinatra - Flowers On The Wall,0.7159010857040885,Lauryn Hill - Interlude 5,309.61597322077836,Eminem - 8 Mile,226.02549645459183,Alicia Keys - Tell You Something (Nana's Reprise),191.84166264756152,Lauryn Hill - Interlude 5,164.85753435388145,Alicia Keys - Tell You Something (Nana's Reprise),142.2532191603136,Thalia - Alguien Real (Baby_ I'm In Love),133.52721600262078,João Gilberto - You Do Something To Me,232.77530285820416,Brownstone - Kiss And Tell,214.19906542374468,Elastica - Stutter,213.2981602910929,Shannon McNally - Miracle Mile,0.32014313325978544,Brownstone - Kiss And Tell,0.3160010992193111,Elastica - Stutter,0.3136324549791314
TRAYJOF128F92F9EEA,SOAYXCJ12AB0183822,ARJGIOD1187B9AE920,Kelly Clarkson,Cry,pop,Lauryn Hill - Interlude 5,9255.0,Twista - I'm A Winner (Amended Album Version),8700.0,Beastie Boys - B-Boy Bouillabaisse: A.W.O.L. (2009 Digital Remaster),7576.0,Lauryn Hill - Interlude 5,8535.559999999989,Twista - I'm A Winner (Amended Album Version),8229.822500000057,Erykah Badu - I Want You,7207.586249999985,Mario Vazquez - Everytime I...,654.2570003831636,Corinne Bailey Rae - I'd Like To,637.8436151937447,Less Than Jake - I Think I Love You,633.1260773628653,Mario Vazquez - Everytime I...,0.8202984502943056,Corinne Bailey Rae - I'd Like To,0.8047271924485088,Bouncing Souls_ The - Pervert,0.7981103760430076,Lauryn Hill - Interlude 5,378.74963254423466,Eminem - My Darling,324.3893547734819,Eminem - 8 Mile,298.42834454076825,Eminem - My Darling,186.78903798973855,Lauryn Hill - Interlude 5,176.57382173239472,Sia - Lentil (Live),150.7814410927386,Sia - Lentil (Live),223.0700900567489,Tony Bennett - Don't Cry Baby,203.70926127865505,The Decemberists - I Was Meant For the Stage,199.5288218485167,Sia - Lentil (Live),0.33452673724952575,Fantasia - Bump What Your Friends Say,0.31653333914070175,Atmosphere - Happymess,0.316459553060212
TRARKBB128F92E9468,SORUPLB12A8C14211F,ARFWL8S1187B9B4B44,Céline Dion,Zora sourit,pop,Lauryn Hill - Interlude 5,983.0,Twiztid - She Ain't Afraid,770.0,Sniper - Panam All Star,764.0,Lauryn Hill - Interlude 5,670.1999999999985,Fonky Family - L'Amour Du Risque,640.5000000000113,Sniper - Panam All Star,639.8999999999986,Jacques Dutronc - Laquelle Des Deux Est La Plus Snob,291.9445061080786,Miss Kittin - 3ème Sexe,291.42200747956355,Raine Maida - Earthless,275.36646455102084,Miss Kittin - 3ème Sexe,0.3899696796781597,Jacques Dutronc - Laquelle Des Deux Est La Plus Snob,0.3890252053892492,Raine Maida - Earthless,0.3742605624292089,Sniper - Panam All Star,723.0766972003081,Fonky Family - L'Amour Du Risque,693.8899196810887,Fonky Family - Sans Rémission,657.8419823892591,Sniper - Panam All Star,620.2927799547305,Fonky Family - L'Amour Du Risque,611.7043491343969,Fonky Family - Sans Rémission,571.800764380967,Miss Kittin - 3ème Sexe,476.92122022013604,Jacques Dutronc - Laquelle Des Deux Est La Plus Snob,465.23451706795964,Jacques Brel - Au Printemps,446.33947419884686,Miss Kittin - 3ème Sexe,0.6138424718730454,Jacques Dutronc - Laquelle Des Deux Est La Plus Snob,0.5971468192898574,Dominique A - Le Commerce De L'eau,0.5732922441127999
TRFBXJZ128F92D25C0,SOZGQFY12A8C140D8B,ARUFTTR1187FB3A4B0,Newsboys,Dance,pop,Lauryn Hill - Interlude 5,2566.0,Beastie Boys - B-Boy Bouillabaisse: A.W.O.L. (2009 Digital Remaster),2058.0,Twista - I'm A Winner (Amended Album Version),2056.0,Lauryn Hill - Interlude 5,2168.559999999965,Twista - I'm A Winner (Amended Album Version),1796.2600000000234,Beastie Boys - B-Boy Bouillabaisse: A.W.O.L. (2009 Digital Remaster),1725.630000000015,Pete Rock & C.L. Smooth - Act Like You Know (LP Version),414.5357838608921,Bahamadia - WordPlay,401.01828783496495,Dilated Peoples - Ruggedness,385.8982766319632,Pete Rock & C.L. Smooth - Act Like You Know (LP Version),0.5471104547616711,Bahamadia - WordPlay,0.5160011665636731,Dilated Peoples - Ruggedness,0.5105247911486431,Lauryn Hill - Interlude 5,243.9648575782353,Eminem - My Darling,203.67799773578196,Beastie Boys - B-Boy Bouillabaisse: A.W.O.L. (2009 Digital Remaster),201.4488232177045,Martin Jondo - Hold You,132.18729333771017,The Manhattan Transfer - Goodnight,109.9979846617259,Eric B. & Rakim - I Know You Got Soul,108.43786602833055,UnsraW - -9-,221.3560544054,Martin Jondo - Hold You,213.52679918024216,The Planet Smashers - Police The Nation,198.73460641485045,Martin Jondo - Hold You,0.33344763768684366,Supreme Majesty - Heroes Of Our Land,0.2998292325969883,W.A.S.P. - Mercy,0.29493886423333615
TRICXDK128F92CBC3C,SOXWHWP12A8C1440F8,ARFWL8S1187B9B4B44,Céline Dion,Partout Je Vois,pop,Lauryn Hill - Interlude 5,5411.0,Twista - I'm A Winner (Amended Album Version),5291.0,Beastie Boys - B-Boy Bouillabaisse: A.W.O.L. (2009 Digital Remaster),4549.0,Twista - I'm A Winner (Amended Album Version),4913.415000000077,Lauryn Hill - Interlude 5,4833.240000000024,Erykah Badu - I Want You,4141.657500000073,Ledisi - Best Friend,475.42914555076567,Angie Stone - Snowflakes,469.9468735247023,Next - I Still Love You,469.0644097741354,Ledisi - Best Friend,0.6106199209803829,Angie Stone - Snowflakes,0.6064074052526383,Dixie Chicks - Mississippi,0.6005705159146837,Fonky Family - Sans Rémission,928.0916745958764,Sniper - Panam All Star,908.6992074073186,Tryo - Yakamonéyé,906.8226350831508,Fonky Family - Sans Rémission,834.8244606541138,Tryo - Yakamonéyé,815.5820628952747,Sniper - Panam All Star,797.283192834028,Amandine Bourgeois - L'Homme De La Situation,560.5742548703919,Pascal Obispo - Assassine,537.6506465913268,Katerine - Titanic,535.3651831591742,Amandine Bourgeois - L'Homme De La Situation,0.712929156699438,Pascal Obispo - Assassine,0.6845246687260885,Katerine - Titanic,0.6817266241226452
TRZNHJN128F4293FC2,SOVODWN12D02199268,ARJGIOD1187B9AE920,Kelly Clarkson,Anytime,pop,Lauryn Hill - Interlude 5,8741.0,Twista - I'm A Winner (Amended Album Version),7814.0,Eminem - My Darling,6174.0,Lauryn Hill - Interlude 5,8097.00000000006,Twista - I'm A Winner (Amended Album Version),7393.125000000073,Erykah Badu - I Want You,5824.312499999988,Thalia - Alguien Real (Baby_ I'm In Love),614.1972593005353,Alice Smith - Dream,611.2919919194454,Anastacia - Club Megamix,610.6719564409773,Thalia - Alguien Real (Baby_ I'm In Love),0.776801579017345,Anastacia - Club Megamix,0.7747048050262816,Alice Smith - Dream,0.7745176011074857,Lauryn Hill - Interlude 5,250.12274416588377,Danity Kane - Hold Me Down (Album Version),208.62469056949334,Twiztid - She Ain't Afraid,201.66121517109949,Danity Kane - Hold Me Down (Album Version),155.69277448007136,Thalia - Alguien Real (Baby_ I'm In Love),147.82780461774888,Barry White - Never Gonna Give You Up,136.21130086734382,Percy Sledge - Baby Help Me,281.93381911409824,Robin Thicke - Dreamworld,278.5245423388866,Charlie Wilson - What You Do To Me,276.96307749037635,Robin Thicke - Dreamworld,0.4038538009444162,Charlie Wilson - What You Do To Me,0.40238441962046984,Thalia - Alguien Real (Baby_ I'm In Love),0.39481333650877376
TRPKKZG128F92E495A,SOODGZY12A8C141F44,ARQEBGJ122E6447D2B,Edward Sharpe & The Magnetic Zeros,Simplest Love,pop,Stevie Wonder - All Day Sucker,665.0,Brick & Lace - Love Is Wicked,547.0,Dilated Peoples - Love And War,456.0,Stevie Wonder - All Day Sucker,640.8699999999866,Brick & Lace - Love Is Wicked,519.0700000000058,Dilated Peoples - Love And War,437.3800000000048,Manhattan Transfer - Love For Sale (LP Version),476.432849202168,Ryan Adams - My Love For You Is Real,450.66160456436313,Caetano Veloso - Love For Sale,426.84447902278106,Manhattan Transfer - Love For Sale (LP Version),0.6011078428933582,Ryan Adams - My Love For You Is Real,0.5704295605069961,Caetano Veloso - Love For Sale,0.5402551638186823,Billy Paul - Your Song,65.6248354526677,Atmosphere - Hair,63.78609762383295,Beastie Boys - B-Boy Bouillabaisse: A.W.O.L. (2009 Digital Remaster),59.97686384802929,Doyle Bramhall II & Smokestack - Green Light Girl,56.42094984110325,The Detroit Cobras - Green Light,55.08128714090965,Billy Paul - Your Song,54.40458484200055,Doyle Bramhall II & Smokestack - Green Light Girl,273.5891354641642,Leonard Cohen - Leaving Green Sleeves,243.6433677984992,Jenny Lewis - Sing A Song,238.27081565760236,Doyle Bramhall II & Smokestack - Green Light Girl,0.3538113154744985,Leonard Cohen - Leaving Green Sleeves,0.31990141461623595,Jenny Lewis - Sing A Song,0.3084408032590499
TRVPPSC128F92EC9C2,SORRVTP12A8C13FFAF,ARQ2I6K1187FB59949,Colbie Caillat,Midnight Bottle,pop,Lauryn Hill - Interlude 5,3451.0,Twista - I'm A Winner (Amended Album Version),3062.0,Beastie Boys - B-Boy Bouillabaisse: A.W.O.L. (2009 Digital Remaster),2885.0,Lauryn Hill - Interlude 5,3011.24000000001,Twista - I'm A Winner (Amended Album Version),2774.602500000009,Beastie Boys - B-Boy Bouillabaisse: A.W.O.L. (2009 Digital Remaster),2517.2387499999923,Dina Carroll - Don't Be A Stranger,483.685535186403,In Flames - Only For The Weak,454.0198242103583,Alicia Keys - Try Sleeping With A Broken Heart,451.8184376404752,Dina Carroll - Don't Be A Stranger,0.6260203823237321,Onyx - Feel Me,0.5933196980061832,In Flames - Only For The Weak,0.5855376817908355,Lauryn Hill - Interlude 5,254.9235385475803,Afroman - Let's All Get Drunk,210.81852510923312,Beastie Boys - B-Boy Bouillabaisse: A.W.O.L. (2009 Digital Remaster),207.67086242596963,Afroman - Let's All Get Drunk,155.0063238751391,R. Kelly - Don't You Say No,123.25339546260291,American Steel - Emergency House Party,119.99695456384144,George Jones - Drive Me To Drink,251.73240398626382,American Steel - Emergency House Party,245.14404023648535,The Flying Burrito Brothers - Tonight The Bottle Let Me Down,242.68982182990817,George Jones - Drive Me To Drink,0.35292630962589705,The Flying Burrito Brothers - Tonight The Bottle Let Me Down,0.34483147596711483,American Steel - Emergency House Party,0.34235885532588306
TRCJADX128F428D3E0,SOKPSGM12A8C1381DE,AR03BDP1187FB5B324,Britney Spears,Let Me Be,pop,Lauryn Hill - Interlude 5,11300.0,Twista - I'm A Winner (Amended Album Version),8604.0,Beastie Boys - B-Boy Bouillabaisse: A.W.O.L. (2009 Digital Remaster),8578.0,Lauryn Hill - Interlude 5,10494.080000000104,Erykah Badu - I Want You,8127.802499999928,Twista - I'm A Winner (Amended Album Version),8077.304999999977,Alison Krauss / Union Station - Baby Now That I've Found You,619.9801682753393,Anastacia - Club Megamix,614.6824676045802,Toni Braxton - Love Affair,611.1861591096213,Alison Krauss / Union Station - Baby Now That I've Found You,0.7815844439734705,Anastacia - Club Megamix,0.7761534299422532,Toni Braxton - Love Affair,0.7719389916322995,Eminem - 8 Mile,294.1121938086905,Lauryn Hill - Interlude 5,250.806626482096,Beastie Boys - B-Boy Bouillabaisse: A.W.O.L. (2009 Digital Remaster),218.72097165304652,Eminem - 8 Mile,177.15656383763974,Whitney Houston - Thinking About You,154.89592260214494,Chrisette Michele - All I Ever Think About,125.70243325530706,Aaron Neville - Ain't No Way,238.75985918122686,Jonny Lang - Bump In The Road,223.2531055704801,Chris Brown - Ain't No Way (You Won't Love Me),216.0257718547879,Aaron Neville - Ain't No Way,0.335738658704673,Jonny Lang - Bump In The Road,0.3317603402985761,Chris Brown - Ain't No Way (You Won't Love Me),0.3317430686528262
TRKJKJV128F425E247,SOEMDUJ12A8AE460E2,ARW9FP41187B98C2A7,Annie Lennox,Big Sky,pop,Lauryn Hill - Interlude 5,3223.0,Twista - I'm A Winner (Amended Album Version),3098.0,Beastie Boys - B-Boy Bouillabaisse: A.W.O.L. (2009 Digital Remaster),2489.0,Lauryn Hill - Interlude 5,2919.400000000007,Twista - I'm A Winner (Amended Album Version),2899.5875000000383,Beastie Boys - B-Boy Bouillabaisse: A.W.O.L. (2009 Digital Remaster),2235.1062499999834,Fat Joe - Preacher On A Sunday Morning,500.4807703827193,the bird and the bee - Witch,488.79980894310825,Angie Stone - Snowflakes,471.711609206637,Fat Joe - Preacher On A Sunday Morning,0.6414659499487988,the bird and the bee - Witch,0.62155020755253,Angie Stone - Snowflakes,0.6061603034467242,Lauryn Hill - Interlude 5,190.13654415370078,Beastie Boys - B-Boy Bouillabaisse: A.W.O.L. (2009 Digital Remaster),169.81797246207682,Olivia Newton-John - Don't Stop Believin',145.71800737262737,Olivia Newton-John - Don't Stop Believin',101.15822552537287,N-Dubz - Shoulda Put Something On,91.55503846676311,Lauryn Hill - Interlude 5,90.10582981265577,Venus Hum - Alice,239.90802912520232,Paul Potts - La Prima Volta (First Time Ever I Saw Your Face),207.8739321646514,System of a Down - Peephole,192.3926803447882,Venus Hum - Alice,0.3247838778775234,Paul Potts - La Prima Volta (First Time Ever I Saw Your Face),0.29596279919071017,Nothingface - Incarnadine,0.27533366052062697
TRXMQNH128F4287D61,SOSHPHO12A58A7D1F5,AR30R5E1187B9AD78A,Whitney Houston,Thinking About You,pop,Lauryn Hill - Interlude 5,10860.0,Twista - I'm A Winner (Amended Album Version),10022.0,Erykah Badu - I Want You,9587.0,Lauryn Hill - Interlude 5,10009.92000000003,Twista - I'm A Winner (Amended Album Version),9466.44499999988,Erykah Badu - I Want You,9274.572500000091,Less Than Jake - I Think I Love You,626.1213679806484,Cherish - Oooh,613.7797379438913,Chrisette Michele - All I Ever Think About,603.6951214547797,Less Than Jake - I Think I Love You,0.7889969690422559,Cherish - Oooh,0.7740031409220594,Chrisette Michele - All I Ever Think About,0.7634068533009658,Mos Def - The Easy Spell,366.8084553883548,Kurupt - It Ain't About You,311.87365466818505,Beastie Boys - B-Boy Bouillabaisse: A.W.O.L. (2009 Digital Remaster),303.27096513600753,Mos Def - The Easy Spell,290.8190128145771,TLC - Shock Dat Monkey,235.93673284063678,Brick & Lace - Love Is Wicked,217.26901560718184,Rory Gallagher - Out On The Western Plain,310.0668238162694,T.Rex - London Boys,306.20209422396744,Nirvana - Something In The Way,291.8778951242777,Rory Gallagher - Out On The Western Plain,0.40551081347919743,T.Rex - London Boys,0.40213167191440813,Buckcherry - Borderline,0.39740785490913294
TRXXPYK128F14805B7,SOYLXQZ12A6D4F99CA,AR9W3X91187FB3994C,Phil Collins,A Groovy Kind Of Love (Live),pop,Lauryn Hill - Interlude 5,3709.0,Twista - I'm A Winner (Amended Album Version),3303.0,Erykah Badu - I Want You,2926.0,Lauryn Hill - Interlude 5,3414.5999999999763,Twista - I'm A Winner (Amended Album Version),3110.600000000044,Erykah Badu - I Want You,2817.800000000017,Amel Larrieux - Sweet Misery,594.0227518429349,Hello Saferide - Get Sick Soon,589.4767077506248,Anastacia - Club Megamix,583.0660500272152,Amel Larrieux - Sweet Misery,0.7522530540869348,Hello Saferide - Get Sick Soon,0.7452540939763487,Anastacia - Club Megamix,0.7407846807501905,Michael Jackson - Man In The Mirror,171.47576468691022,Anastacia - Club Megamix,117.00767284120256,Lauryn Hill - Interlude 5,113.00186179638166,Michael Jackson - Man In The Mirror,128.21570186558571,Barry Manilow - Some Kind Of Friend,86.90945419862646,UB40 - Red Red Wine (Edit),82.73465676781791,RODNEY CROWELL - What Kind Of Love,255.50103375736325,Barry Manilow - Some Kind Of Friend,252.86012804260946,Toni Braxton - Love Affair,235.8295835289767,RODNEY CROWELL - What Kind Of Love,0.35406241878138583,Barry Manilow - Some Kind Of Friend,0.3506261760370662,Toni Braxton - Love Affair,0.3428290277499891
TRGQFUZ128F92ED646,SORBUNE12AB017CDD2,AR65K7A1187FB4DAA4,Beyoncé,That's Why You're Beautiful,pop,Lauryn Hill - Interlude 5,3180.0,Michael Jackson - Man In The Mirror,2376.0,Beastie Boys - B-Boy Bouillabaisse: A.W.O.L. (2009 Digital Remaster),2150.0,Lauryn Hill - Interlude 5,2857.9999999999886,Michael Jackson - Man In The Mirror,2099.937500000004,Beastie Boys - B-Boy Bouillabaisse: A.W.O.L. (2009 Digital Remaster),1880.7187499999784,Selena - Tu Eres,477.6668373709788,Michael Bublé - That's All (Album Version),439.02651194604056,CSS - Beautiful Song,425.9112056783835,Selena - Tu Eres,0.610654637076813,Michael Bublé - That's All (Album Version),0.5648205602196629,CSS - Beautiful Song,0.5538723560390673,Lauryn Hill - Interlude 5,174.38669520204442,Michael Jackson - Man In The Mirror,142.41337238305343,Eminem - My Darling,135.98324373394914,Ruben Studdard - Make Ya Feel Beautiful,117.34520670919622,Willard Grant Conspiracy - The Pugilist,101.9830003647808,Haste The Day - Chorus Of Angels,96.00619978489372,Willard Grant Conspiracy - The Pugilist,297.6584187047535,Paul Potts - Cavatina,274.9425702458686,Bruce Hornsby - Big Swing Face,262.7075397525014,Willard Grant Conspiracy - The Pugilist,0.3984331453593453,Paul Potts - Cavatina,0.3740033789604486,Bruce Hornsby - Big Swing Face,0.35918520148497446
TRPAJJF128F428D18A,SOIHYXH12D0219A26C,AR30R5E1187B9AD78A,Whitney Houston,Step By Step,pop,Young Jeezy - By The Way,5075.0,Lauryn Hill - Interlude 5,4369.0,Beastie Boys - B-Boy Bouillabaisse: A.W.O.L. (2009 Digital Remaster),4154.0,Young Jeezy - By The Way,4810.649999999874,Lauryn Hill - Interlude 5,3743.400000000037,Beastie Boys - B-Boy Bouillabaisse: A.W.O.L. (2009 Digital Remaster),3630.824999999972,Young Jeezy - By The Way,504.4240922349175,Tom Waits - Flash Pan Hunter/Intro,413.3317673288277,Patty Griffin - Every Little Bit,412.96589326234937,Young Jeezy - By The Way,0.6428824630883891,Patty Griffin - Every Little Bit,0.5313794072904473,Tom Waits - Flash Pan Hunter/Intro,0.5247130742536599,Eminem - 8 Mile,303.83496866256354,Organized Konfusion - Soundman,263.0488726112154,Vanilla Ice - Ice Is Workin' It,260.6537543992409,Lykke Li - Little Bit [CSS Remix],208.88330259487952,Aretha Franklin - It's Your Thing,186.91223206765613,Johnny Winter - Stone County,179.51255601809194,Johnny Winter - Stone County,268.34447622831175,Lykke Li - Little Bit [CSS Remix],266.030372178732,Aretha Franklin - It's Your Thing,262.2702112075745,Johnny Winter - Stone County,0.36880206537762167,Lykke Li - Little Bit [CSS Remix],0.36543269266799977,Aretha Franklin - It's Your Thing,0.361932565636
TRLPDIB128F42289CC,SOOVOWN12A8AE46AA6,AR03BDP1187FB5B324,Britney Spears,Piece Of Me (Main Version),pop,Lauryn Hill - Interlude 5,8660.0,Twista - I'm A Winner (Amended Album Version),7165.0,Danity Kane - Hold Me Down (Album Version),6896.0,Lauryn Hill - Interlude 5,7979.199999999949,Twista - I'm A Winner (Amended Album Version),6720.075000000068,Danity Kane - Hold Me Down (Album Version),6580.574999999983,The Falcon - The Angry Cry Of The Angry Pie,587.6873395795584,Voxtrot - Kid Gloves,514.4294571926131,TO/DIE/FOR - Dying Embers,504.8737524129906,The Falcon - The Angry Cry Of The Angry Pie,0.742411191472892,Voxtrot - Kid Gloves,0.6538073748739257,TO/DIE/FOR - Dying Embers,0.6423728089374924,DMX - Bring Your Whole Crew,233.9140304128001,Twista - Overdose (Album Version),230.412277276114,Louis Logic - Mischievous,207.89810867988058,Recoil - Missing Piece,161.91449582308078,DMX - Bring Your Whole Crew,159.7240912135097,Enrique Iglesias - Miss You,157.1049017782713,Recoil - Missing Piece,277.04437878194227,The Falcon - The Angry Cry Of The Angry Pie,231.53265513266325,Johnny Winter - Miss Ann,225.91915614035346,Recoil - Missing Piece,0.3765769007415122,The Falcon - The Angry Cry Of The Angry Pie,0.32868624956884934,Demi Lovato - This Is Me (Acoustic Full Version),0.32533490984869284
TRJTTMZ128F930924B,SOLDVYF12AB017D892,AR03BDP1187FB5B324,Britney Spears,Can't Make You Love Me,pop,Lauryn Hill - Interlude 5,12190.0,Twista - I'm A Winner (Amended Album Version),11738.0,Beastie Boys - B-Boy Bouillabaisse: A.W.O.L. (2009 Digital Remaster),9832.0,Lauryn Hill - Interlude 5,11277.360000000064,Twista - I'm A Winner (Amended Album Version),11141.55999999985,Erykah Badu - I Want You,9471.580000000087,Anastacia - Club Megamix,665.751868537738,Bay City Rollers - Where Will I Be Now,644.4144771572234,Jonny Lang - Breakin Me,637.1733145488038,Anastacia - Club Megamix,0.8388693588307584,Bay City Rollers - Where Will I Be Now,0.8130500883644655,Jonny Lang - Breakin Me,0.8047746727559942,Lauryn Hill - Interlude 5,293.65412652056585,Beastie Boys - B-Boy Bouillabaisse: A.W.O.L. (2009 Digital Remaster),267.25438948824444,Monica - Hurts The Most,232.109188536098,Monica - Hurts The Most,172.95819315774008,N-Dubz - Don't Get Nine,155.54863571791128,Aqua - Happy Boys & Girls,148.92365593031153,Mel & Kim - System,254.45114601877225,The Dells - It's All Up To You,242.94489222635204,SR-71 - Politically Correct,235.12620999109836,Mel & Kim - System,0.35732201136127745,The Dells - It's All Up To You,0.355928309918186,SR-71 - Politically Correct,0.352831670060871
TRKGGHK128F42999EF,SOQBVLW12A8C13B29C,AR03BDP1187FB5B324,Britney Spears,Girl In The Mirror,pop,Lauryn Hill - Interlude 5,4724.0,Beastie Boys - B-Boy Bouillabaisse: A.W.O.L. (2009 Digital Remaster),4639.0,Twista - I'm A Winner (Amended Album Version),3963.0,Lauryn Hill - Interlude 5,4291.6,Beastie Boys - B-Boy Bouillabaisse: A.W.O.L. (2009 Digital Remaster),4277.393750000017,Twista - I'm A Winner (Amended Album Version),3680.4124999999335,John Denver - El Paso,573.8801604296057,Corinne Bailey Rae - Emeraldine,550.9168617941583,Snoop Dogg - Snoopafella (Edited),549.8107618181624,John Denver - El Paso,0.7289598635638569,Snoop Dogg - Snoopafella (Edited),0.7003520632880552,Corinne Bailey Rae - Emeraldine,0.6963056758277201,Lauryn Hill - Interlude 5,211.63835685046746,Twiztid - She Ain't Afraid,191.84453619508668,Eminem - 8 Mile,174.970084620256,Just Jack - 253,134.23048892546254,Chris Brown - Damage,125.92776607657069,Twiztid - She Ain't Afraid,119.80741316718552,Modern Lovers - Someone i care about,238.38984501658186,The Stranglers - Baroque Bordello,225.3274714867423,Blacklisted - Wish,223.18961733634296,Modern Lovers - Someone i care about,0.33601592397038527,Chris Brown - Damage,0.3258185915387443,Just Jack - 253,0.3242964999318885
TRLTYLK128F92FE6FF,SOWVIEO12AB0182D10,AR03BDP1187FB5B324,Britney Spears,Radar,pop,Lauryn Hill - Interlude 5,13754.0,Twista - I'm A Winner (Amended Album Version),12861.0,Beastie Boys - B-Boy Bouillabaisse: A.W.O.L. (2009 Digital Remaster),11876.0,Lauryn Hill - Interlude 5,12902.080000000087,Twista - I'm A Winner (Amended Album Version),12304.242500000048,Beastie Boys - B-Boy Bouillabaisse: A.W.O.L. (2009 Digital Remaster),11163.558749999882,Twista - Get It How You Live  (Explicit Chopped & Screwed Version),615.6557011419773,Brother Firetribe - Lover Tonite,598.7962254488046,Fat Joe - Preacher On A Sunday Morning,586.7809166727394,Twista - Get It How You Live  (Explicit Chopped & Screwed Version),0.7744642893343668,Brother Firetribe - Lover Tonite,0.7542495904793188,Fat Joe - Preacher On A Sunday Morning,0.7390553798575576,Beastie Boys - B-Boy Bouillabaisse: A.W.O.L. (2009 Digital Remaster),299.9959078098873,Lauryn Hill - Interlude 5,276.400207957465,Murs - The Dance,240.45967918817016,Beastie Boys - B-Boy Bouillabaisse: A.W.O.L. (2009 Digital Remaster),147.23717619235788,Beastie Boys - So What'Cha Want (Butt Naked Version) (Explicit) (2009 Digital Remaster),146.6259276577978,The Emotions - I Don't Wanna Lose Your Love,139.01196132213843,Beastie Boys - So What'Cha Want (Butt Naked Version) (Explicit) (2009 Digital Remaster),243.79455090290116,The Emotions - I Don't Wanna Lose Your Love,228.11222412629763,Suicidal Tendencies - Possessed To Skate,215.54928715448168,Beastie Boys - So What'Cha Want (Butt Naked Version) (Explicit) (2009 Digital Remaster),0.36946582476603074,The Emotions - I Don't Wanna Lose Your Love,0.33868654368136,MIMS - Move (If You Wanna),0.32280944207586043
TRNEGIP128F4296261,SOGQSNV12A8C139B54,AR03BDP1187FB5B324,Britney Spears,When Your Eyes Say It,pop,Lauryn Hill - Interlude 5,9339.0,Twista - I'm A Winner (Amended Album Version),7408.0,Beastie Boys - B-Boy Bouillabaisse: A.W.O.L. (2009 Digital Remaster),6578.0,Lauryn Hill - Interlude 5,8685.8,Twista - I'm A Winner (Amended Album Version),6981.112500000077,Vanilla Ice - Ice Is Workin' It,6180.149999999923,R. Kelly - Kickin' It With Your Girlfriend,592.6755194825881,Sara Gazarek - Yours (Live),570.210878725607,Bananarama - Lovebite,562.9516613855997,R. Kelly - Kickin' It With Your Girlfriend,0.749883342787364,Sara Gazarek - Yours (Live),0.7225252008099253,Bananarama - Lovebite,0.7142749021053271,Lauryn Hill - Interlude 5,191.14545713494743,Beastie Boys - B-Boy Bouillabaisse: A.W.O.L. (2009 Digital Remaster),177.90665097114297,Matisyahu - Close My Eyes,165.77186375077517,En Vogue - Love Don't Love You (LP Version),111.58565569329946,Hayley Westenra - My Heart Belongs To You,106.98810498647609,Eric Carmen - Make Me Lose Control,106.14772891191194,Visage - Whispers,285.90450705101426,Sharon Jones & The Dap-Kings - Tell Me,269.36145765022957,Midtown - Is It Me? Is It True?,249.59872229741026,Visage - Whispers,0.3952067829260738,Sharon Jones & The Dap-Kings - Tell Me,0.38004573116965235,En Vogue - Love Don't Love You (LP Version),0.3598081422487389
TRUWOUE128F14867BF,SOAEEWF12A6D4FAD71,AR6LZB61187B9AF431,Depeche Mode,Precious (Live In Milan),pop,Lauryn Hill - Interlude 5,2123.0,Beastie Boys - B-Boy Bouillabaisse: A.W.O.L. (2009 Digital Remaster),1578.0,Twista - I'm A Winner (Amended Album Version),1533.0,Lauryn Hill - Interlude 5,1867.2400000000075,Twista - I'm A Winner (Amended Album Version),1365.8525000000054,Beastie Boys - B-Boy Bouillabaisse: A.W.O.L. (2009 Digital Remaster),1364.1137499999993,Maxwell - NoOne,440.7941854771887,Devo - Soft Things,397.5898449978381,Hieroglyphics - You Never Knew,394.3021022283236,Maxwell - NoOne,0.5702667037524347,Hieroglyphics - You Never Knew,0.5255076659009053,Dixie Chicks - Mississippi,0.5217648492943788,Lauryn Hill - Interlude 5,216.6830564760307,Savatage - The Hourglass,165.75966592273383,Ja Rule - One of Us,163.02265642150914,Lauryn Hill - Interlude 5,111.32539108848485,Ja Rule - One of Us,105.77971773437139,Maxwell - NoOne,99.14588627467884,Maxwell - NoOne,270.1202472824562,Seventh Day Slumber - Broken Buildings,214.5682694237125,Heideroosjes - If Trust Is Broken...,210.95100131198325,Maxwell - NoOne,0.3794524781199517,Seventh Day Slumber - Broken Buildings,0.3111987924446037,Heideroosjes - If Trust Is Broken...,0.3047246931056598
TRFJKWU12903CC37B1,SOLXVSH12AB018BE14,AR5K3CW1187FB45B46,Crystal Castles,Insectica,punk,Twista - I'm A Winner (Amended Album Version),1492.0,Lauryn Hill - Interlude 5,1490.0,Eminem - My Darling,1447.0,Twista - I'm A Winner (Amended Album Version),1395.8000000000218,Eminem - My Darling,1356.899999999992,Lauryn Hill - Interlude 5,1342.7999999999895,Hanne Hukkelberg - Displaced,564.4397730633467,Chanté Moore - When It Comes To Me,530.9348515467169,Jonny Lang - Breakin Me,528.5684759377153,Hanne Hukkelberg - Displaced,0.7145395062704731,Jonny Lang - Breakin Me,0.6739130434782609,Chanté Moore - When It Comes To Me,0.673855179021523,Beastie Boys - B-Boy Bouillabaisse: A.W.O.L. (2009 Digital Remaster),95.57797345688866,Snow Patrol - The Lightning Strike,84.30799061321997,Company Flow - The Fire In Which You Burn (feat. J-Treds & The Brewin From The Juggaknots),80.84650600836909,Snow Patrol - The Lightning Strike,57.14791547563588,Common - Soul Power,55.92709710113646,Akon - Birthmark,54.324070327307005,Hanne Hukkelberg - Displaced,230.43721693635516,Diecast - Disrepair,215.55088413842552,Darude - Feel The Beat,200.7602622638817,Hanne Hukkelberg - Displaced,0.3147151729410483,Diecast - Disrepair,0.31156118974264796,Analogue Brain - There Must Be More,0.2807633809469612
TRVEUUV128F428AB29,SOEFPNV12A8C13A346,ARACDPV1187FB58DF4,Motion City Soundtrack,Cambridge (Album Version),punk,Lauryn Hill - Interlude 5,1348.0,Beastie Boys - B-Boy Bouillabaisse: A.W.O.L. (2009 Digital Remaster),1270.0,The Pharcyde - Otha Fish,1039.0,Lauryn Hill - Interlude 5,1147.4400000000155,Beastie Boys - B-Boy Bouillabaisse: A.W.O.L. (2009 Digital Remaster),1102.27625,The Pharcyde - Otha Fish,934.7687499999864,The Fray - Over My Head (Cable Car),458.91683479652136,Gorillaz - Rhinestone Eyes,410.0220618604848,Vendetta Red - Opiate Summer,405.1109604067406,The Fray - Over My Head (Cable Car),0.5945963053240351,Gorillaz - Rhinestone Eyes,0.5410841543810523,Dead Can Dance - I Am Stretched On Your Grave (Live Remastered),0.5305787019362456,Binary Star - Masters Of The Universe,123.43632647691341,Beastie Boys - B-Boy Bouillabaisse: A.W.O.L. (2009 Digital Remaster),120.47999637608422,Lauryn Hill - Interlude 5,118.35923860477055,India.Arie - In My Head,83.32042582662162,Macy Gray - Relating To A Psychopath,82.94428532346879,Binary Star - Masters Of The Universe,81.41968638408625,Opeth - The Moor,234.89287100170876,Beth Orton - Daybreaker (Roots Manuva Remix),224.96535756586943,Macy Gray - Relating To A Psychopath,216.401644855491,Opeth - The Moor,0.340771045232525,Beth Orton - Daybreaker (Roots Manuva Remix),0.3185654363948355,Macy Gray - Relating To A Psychopath,0.31335128496045006
TRMZJSE12903D00E60,SOZGAOO12AB017EBA2,ARACDPV1187FB58DF4,Motion City Soundtrack,Disappear,punk,Twista - I'm A Winner (Amended Album Version),5905.0,Lauryn Hill - Interlude 5,5816.0,Erykah Badu - I Want You,4893.0,Twista - I'm A Winner (Amended Album Version),5651.272499999936,Lauryn Hill - Interlude 5,5427.759999999966,Erykah Badu - I Want You,4750.311250000083,Clawfinger - Revenge,625.4448532063112,Zombie Girl - I Want It,625.0719516668812,Next - I Still Love You,620.304401523321,Clawfinger - Revenge,0.7885603017668223,Zombie Girl - I Want It,0.7866966210344944,Next - I Still Love You,0.7816818948578419,Lauryn Hill - Interlude 5,158.88483812616454,Murs - The Dance,131.08391374695438,Company Flow - The Fire In Which You Burn (feat. J-Treds & The Brewin From The Juggaknots),129.7510352353917,Hayley Westenra - My Heart Belongs To You,93.06367121272682,Cat Stevens - The Joke,90.37970531902675,Lori McKenna - Swallows Me Whole,89.59686631268653,Lori McKenna - Swallows Me Whole,215.06574031303512,Missing Persons - Destination Unknown,214.55425711534005,Merle Haggard - Love Me Tender,201.72045876064607,Lori McKenna - Swallows Me Whole,0.3127537422015457,Missing Persons - Destination Unknown,0.3092199527691109,Hayley Westenra - My Heart Belongs To You,0.29854995138442614
TRIGZIY128F42348C1,SOWMAZE12A58A79390,ARACDPV1187FB58DF4,Motion City Soundtrack,Fell in Love Without You (Cd),punk,Lauryn Hill - Interlude 5,2793.0,Beastie Boys - B-Boy Bouillabaisse: A.W.O.L. (2009 Digital Remaster),2047.0,The Pharcyde - Otha Fish,2012.0,Lauryn Hill - Interlude 5,2496.760000000016,The Pharcyde - Otha Fish,1858.0437500000032,Beastie Boys - B-Boy Bouillabaisse: A.W.O.L. (2009 Digital Remaster),1799.2612499999736,Level 42 - Lessons In Love,521.2164738539112,Strung Out - Dead Spaces,500.5480235266982,Frank Sinatra - In The Blue Of The Evening,499.32011581372416,Level 42 - Lessons In Love,0.6634932958895056,Strung Out - Dead Spaces,0.6399773388089581,Frank Sinatra - In The Blue Of The Evening,0.6359558643793364,Beastie Boys - B-Boy Bouillabaisse: A.W.O.L. (2009 Digital Remaster),131.03081555946588,Binary Star - Indy 500,118.12957204294075,Ms. Dynamite - Back Then,117.25435322720512,Ms. Dynamite - Back Then,97.14809403734985,Alexisonfire - We Are the End,91.6299243803405,Mayday Parade - One Man Drinking Games,82.54030793077814,Dean Martin - Memories Are Made Of This,219.92602073114705,Edith Piaf - Dont Cry,217.5406614754926,Ms. Dynamite - Back Then,213.1485065271107,Dean Martin - Memories Are Made Of This,0.30615134610983813,Edith Piaf - Dont Cry,0.3058341100004412,Ms. Dynamite - Back Then,0.30407796918656604
TRZGUYI128F42368DF,SOGAERS12A58A7F67D,ARACDPV1187FB58DF4,Motion City Soundtrack,Point Of Extinction (Cd),punk,Lauryn Hill - Interlude 5,5177.0,Twista - I'm A Winner (Amended Album Version),4914.0,Beastie Boys - B-Boy Bouillabaisse: A.W.O.L. (2009 Digital Remaster),4544.0,Lauryn Hill - Interlude 5,4680.200000000023,Twista - I'm A Winner (Amended Album Version),4589.324999999923,Beastie Boys - B-Boy Bouillabaisse: A.W.O.L. (2009 Digital Remaster),4128.53749999997,Blues Traveler - Hook,567.861631178698,Eminem - Rabbit Run,567.3936966182656,Kenickie - I Never Complain,555.7196065247658,Eminem - Rabbit Run,0.7238252218777514,Blues Traveler - Hook,0.7234576966416139,Elvis Costello - Puck Two,0.707599610617793,Lauryn Hill - Interlude 5,239.19078235929078,Eminem - If I Had,227.05939601972383,N-Dubz - Work Work,198.25922058651918,Eminem - If I Had,157.54227066647132,Ziggy Marley And The Melody Makers - We Propose,135.4516972163365,N-Dubz - Work Work,134.21962137994976,Shamen - Lightspan,280.1933953955318,Ziggy Marley And The Melody Makers - We Propose,247.3313624990941,Skip James - I'm So Glad,206.0946230163012,Shamen - Lightspan,0.358287226588662,Ziggy Marley And The Melody Makers - We Propose,0.3518213171957771,Eminem - If I Had,0.31848955762225756
TRJQRJO12903D00E65,SOBMDGH12AC3DF9D80,ARACDPV1187FB58DF4,Motion City Soundtrack,Stand Too Close,punk,Lauryn Hill - Interlude 5,3802.0,Twista - I'm A Winner (Amended Album Version),3555.0,Beastie Boys - B-Boy Bouillabaisse: A.W.O.L. (2009 Digital Remaster),2908.0,Lauryn Hill - Interlude 5,3432.1599999999926,Twista - I'm A Winner (Amended Album Version),3313.297500000032,Erykah Badu - I Want You,2630.073750000005,Elin Sigvardsson - If I,569.3710448387054,Heavenly - Tool,516.6250704855148,Brian McKnight - The Biggest Part Of Me,515.6482185265526,Elin Sigvardsson - If I,0.72150479919644,Heavenly - Tool,0.6610325849404158,David Allan Coe - Just To Prove My Love For You,0.6605067018466592,Binary Star - Indy 500,220.29688290682637,Lauryn Hill - Interlude 5,214.08117752126142,Beastie Boys - B-Boy Bouillabaisse: A.W.O.L. (2009 Digital Remaster),195.41370102987636,Binary Star - Indy 500,142.61804380263578,Stevie Wonder - Overjoyed,92.12939962081613,Eminem - Rabbit Run,91.2447131739166,Stevie Wonder - Overjoyed,208.67641866769756,Death From Above 1979 - Too Much Love,189.05554946442905,MU330 - You Win Again,187.9361344594962,Stevie Wonder - Overjoyed,0.3124339213717076,Binary Star - Indy 500,0.2984437872626037,Death From Above 1979 - Too Much Love,0.28888604803375956
TRQMNKZ12903D00E5B,SOSEINE12AC3DF608E,ARACDPV1187FB58DF4,Motion City Soundtrack,Worker Bee,punk,Beastie Boys - B-Boy Bouillabaisse: A.W.O.L. (2009 Digital Remaster),1452.0,Eminem - 8 Mile,1366.0,Lauryn Hill - Interlude 5,1352.0,Beastie Boys - B-Boy Bouillabaisse: A.W.O.L. (2009 Digital Remaster),1290.431249999988,Eminem - 8 Mile,1244.0687499999804,R. Kelly - I Mean (I Don't Mean It),1221.2312500000346,Common - Book Of Life,459.0525488926255,Ella Fitzgerald - I Got It Bad (and That Ain't Good),451.2807146516051,Mac Lethal - Rotten Apple Pie,450.5706134328684,Common - Book Of Life,0.591750157130537,Mac Lethal - Rotten Apple Pie,0.5854537258521889,The Pharcyde - Pack The Pipe,0.5837569013174864,Beastie Boys - B-Boy Bouillabaisse: A.W.O.L. (2009 Digital Remaster),173.27470226809018,Binary Star - Indy 500,128.74203693249996,Pain of Salvation - Spitfall,118.87748392390324,Beastie Boys - B-Boy Bouillabaisse: A.W.O.L. (2009 Digital Remaster),87.70031412631226,Tori Amos - Winter,84.48965715317533,Binary Star - Indy 500,82.31676891312028,Tori Amos - Winter,207.62494304510088,Kim Richey - Good Day Here,200.45196426958552,Spandau Ballet - Gold,186.86966945526694,Tori Amos - Winter,0.2954615503347619,Kim Richey - Good Day Here,0.2830063197389198,Spandau Ballet - Gold,0.27194335374676
TRMZSJY128F4255BE9,SOGKVVX12A81C224D1,ARNBMT71187B993523,Interpol,Mind Over Time,punk,Lauryn Hill - Interlude 5,1378.0,Beastie Boys - B-Boy Bouillabaisse: A.W.O.L. (2009 Digital Remaster),1213.0,Rufio - Over It (Acoustic),1111.0,Lauryn Hill - Interlude 5,1175.5999999999951,Beastie Boys - B-Boy Bouillabaisse: A.W.O.L. (2009 Digital Remaster),1043.7374999999952,Rufio - Over It (Acoustic),1042.3875000000091,The Associates - Logan Time,420.1355605878867,Demolition Hammer - Mindrot,413.9833692469939,The Box Tops - Happy Times,399.9517133270683,The Associates - Logan Time,0.5324817082241688,Demolition Hammer - Mindrot,0.5261629690193306,The Box Tops - Happy Times,0.5112786019323207,Beastie Boys - B-Boy Bouillabaisse: A.W.O.L. (2009 Digital Remaster),90.77168671334528,Tree63 - All Over The World,90.58444794026383,Twista - Overdose (Album Version),84.6692836120418,Tree63 - All Over The World,77.54602279873896,P.M. Dawn - Plastic,59.48187637145438,The Fray - Over My Head (Cable Car),58.92980311589796,Nasum - I'm Not Silent,234.68011978313126,General Surgery - Viva ! blunt force trauma,221.24862998727843,Tree63 - All Over The World,200.60415377022116,Nasum - I'm Not Silent,0.3117335655822125,General Surgery - Viva ! blunt force trauma,0.28685318767590595,Tree63 - All Over The World,0.28072991521252083
TRVQHEV128F4259AB2,SOYQVWF12D0219A2C4,AR13CXU1187B9AD30A,The Clash,I Fought The Law,punk,Lauryn Hill - Interlude 5,4325.0,Beastie Boys - B-Boy Bouillabaisse: A.W.O.L. (2009 Digital Remaster),4261.0,Eminem - 8 Mile,3736.0,Lauryn Hill - Interlude 5,4135.47999999999,Beastie Boys - B-Boy Bouillabaisse: A.W.O.L. (2009 Digital Remaster),4102.508749999966,Eminem - 8 Mile,3616.39125000004,Manafest - Runaway,681.7978443582803,The Cat Empire - The Car Song,652.9278774192763,Ramones - Needles And Pins (Remastered Album Version ),646.6874399923902,Manafest - Runaway,0.8509200911589332,The Cat Empire - The Car Song,0.8132895579234755,Ramones - Needles And Pins (Remastered Album Version ),0.8080586112382928,Tyrese - All Ghetto Girl,91.80289362912924,Kurupt - It Ain't About You,78.19535479927765,Eminem - 8 Mile,74.19142748666401,Tyrese - All Ghetto Girl,77.71390013862717,Westlife - Bad Girls,58.10375895366913,Fleetwood Mac - I Held My Baby Last Night,56.75457736075751,Fleetwood Mac - I Held My Baby Last Night,325.60779408438657,Tyrese - All Ghetto Girl,242.36123026566398,Patricia Barber - My Girl,227.9582799044947,Fleetwood Mac - I Held My Baby Last Night,0.42807988518825096,Tyrese - All Ghetto Girl,0.33604510619556377,Patricia Barber - My Girl,0.30795971058699584
TRVMLEW128F425A82D,SOFEOUD12D021B1FC4,AR13CXU1187B9AD30A,The Clash,The Magnificent Seven,punk,Lauryn Hill - Interlude 5,7461.0,Twista - I'm A Winner (Amended Album Version),5484.0,Michael Jackson - Man In The Mirror,4925.0,Lauryn Hill - Interlude 5,6794.920000000037,Twista - I'm A Winner (Amended Album Version),5048.694999999991,Erykah Badu - I Want You,4481.197499999982,Kevin Devine - It's Only Your Life,600.1691669264432,Joss Stone - Killing Time,594.4026125045708,A Tribe Called Quest - The Hop,591.9632973229635,Kevin Devine - It's Only Your Life,0.7595553601981182,A Tribe Called Quest - The Hop,0.7551371391488695,Joss Stone - Killing Time,0.7530481842462741,Lauryn Hill - Interlude 5,397.0326196126612,Beastie Boys - B-Boy Bouillabaisse: A.W.O.L. (2009 Digital Remaster),360.35481806445847,Michael Jackson - Man In The Mirror,307.00667669172276,Michael Jackson - Man In The Mirror,189.2555674104629,Lauryn Hill - Interlude 5,162.76594341534877,Aceyalone - Mr. Outsider,153.26842211849976,Tom Waits - Christmas Card From A Hooker In Minneapolis,196.82914977642,Norah Jones - Those Sweet Words,186.26405866701913,The Jeff Healey Band - I Can't Get My Hands On You,185.8497328548903,Tom Waits - Christmas Card From A Hooker In Minneapolis,0.33134126343263753,Bettye Swann - Willie And Laura Mae Jones,0.3194883500625002,The Jeff Healey Band - I Can't Get My Hands On You,0.31418495650334094
TRWVZBZ128F1462E08,SOKLVHU12A6D4F4778,AR048JZ1187B9AEB85,Yellowcard,Believe,punk,Lauryn Hill - Interlude 5,4526.0,Beastie Boys - B-Boy Bouillabaisse: A.W.O.L. (2009 Digital Remaster),3248.0,Twista - I'm A Winner (Amended Album Version),2679.0,Lauryn Hill - Interlude 5,3922.479999999952,Beastie Boys - B-Boy Bouillabaisse: A.W.O.L. (2009 Digital Remaster),2743.289999999987,Ledisi - Alright,2461.200000000068,Ledisi - Alright,481.10331694861566,Lauryn Hill - Everything Is Everything,421.6237275824554,The Enemy - It's Not OK [Live From London],404.8846227476854,Ledisi - Alright,0.6159661448303315,Lauryn Hill - Everything Is Everything,0.5483085128288824,The Enemy - It's Not OK [Live From London],0.5266699434660874,Lauryn Hill - Interlude 5,391.8499983367553,Ledisi - Alright,327.3321082832427,Beastie Boys - B-Boy Bouillabaisse: A.W.O.L. (2009 Digital Remaster),288.8434934334958,Ledisi - Alright,281.475282772493,Lauryn Hill - Interlude 5,205.82737901652658,Rachelle Ferrell - Welcome To My Love,197.75714588804175,Ledisi - Alright,381.98152119347543,Rachelle Ferrell - Welcome To My Love,334.50756148696473,Bob Marley & The Wailers - One Love / People Get Ready,282.47331930417823,Ledisi - Alright,0.5150208016105109,Rachelle Ferrell - Welcome To My Love,0.46273561252857814,Bob Marley & The Wailers - One Love / People Get Ready,0.3941847799267135
TRQYGUV128F1462E01,SOTEFLI12A6D4F4771,AR048JZ1187B9AEB85,Yellowcard,Empty Apartment,punk,Lauryn Hill - Interlude 5,5963.0,Twista - I'm A Winner (Amended Album Version),4647.0,Danity Kane - Hold Me Down (Album Version),3760.0,Lauryn Hill - Interlude 5,5543.479999999954,Twista - I'm A Winner (Amended Album Version),4372.830000000014,Danity Kane - Hold Me Down (Album Version),3565.62999999999,Classified - All About U,634.4652007094666,Kevin Devine - It's Only Your Life,604.4437053247808,The Zutons - What's Your Problem,602.04702618132,Classified - All About U,0.802501845009226,Kevin Devine - It's Only Your Life,0.7643475916700233,The Zutons - What's Your Problem,0.7622586802967409,Lauryn Hill - Interlude 5,224.25634628859103,Eminem - 8 Mile,175.67340910775178,Beastie Boys - B-Boy Bouillabaisse: A.W.O.L. (2009 Digital Remaster),172.36230051132264,Natalie Cole - Your Eyes,106.40259894815335,Bouncing Souls_ The - Don't You (Forget About Me),105.65920123724133,Kenny Lattimore - Forgiveness,96.14343208011849,Bouncing Souls_ The - Don't You (Forget About Me),239.9220669280152,Reckless Kelly - Broken Heart,231.12079278395058,Eliane Elias - Call Me,219.71947941297043,Bouncing Souls_ The - Don't You (Forget About Me),0.35459857612609824,Reckless Kelly - Broken Heart,0.3365957028653051,Eliane Elias - Call Me,0.32470155215909524
TRBKLDM128F427D0DA,SOMGXHN12A58A7929F,ARZWK2R1187B98F09F,Rise Against,But Tonight We Dance,punk,Lauryn Hill - Interlude 5,4386.0,Beastie Boys - B-Boy Bouillabaisse: A.W.O.L. (2009 Digital Remaster),3217.0,Twista - I'm A Winner (Amended Album Version),2976.0,Lauryn Hill - Interlude 5,4003.2799999999934,Beastie Boys - B-Boy Bouillabaisse: A.W.O.L. (2009 Digital Remaster),2896.939999999988,Twista - I'm A Winner (Amended Album Version),2725.8800000000306,Vashti Bunyan - Hidden,527.455692007549,Atmosphere - Happymess,515.3045821829279,Elvis Costello - Puck Two,512.0207618873577,Vashti Bunyan - Hidden,0.6741762677871569,Atmosphere - Happymess,0.6625272403282761,Elvis Costello - Puck Two,0.6591083402857786,Afroman - Let's All Get Drunk,179.84974683009415,Savatage - The Hourglass,169.05652245383982,Lauryn Hill - Interlude 5,167.16605813931014,Afroman - Let's All Get Drunk,126.49001239454448,Status Quo - Going Down Town Tonight,109.00448922917566,Ryan Leslie - When We Dance,108.7693027579061,Ultravox - Private Lives,253.86876123104602,Silje Nergaard - Dance me love,234.40548882166303,American Steel - Emergency House Party,221.93693955537546,Ultravox - Private Lives,0.3569333413725601,Silje Nergaard - Dance me love,0.31973023875472784,American Steel - Emergency House Party,0.31371988720395766
TRKSDBX128F9345DC9,SOZQVQL12AB01860A8,ARZWK2R1187B98F09F,Rise Against,Faint Resemblance,punk,Lauryn Hill - Interlude 5,3517.0,Beastie Boys - B-Boy Bouillabaisse: A.W.O.L. (2009 Digital Remaster),2586.0,Erykah Badu - I Want You,2339.0,Lauryn Hill - Interlude 5,3215.239999999975,Beastie Boys - B-Boy Bouillabaisse: A.W.O.L. (2009 Digital Remaster),2333.644999999997,Erykah Badu - I Want You,2228.0949999999543,Tony Sly - On the Outside,533.1981637222061,Dar Williams - Are You Out There,523.8631586469455,Alannah Myles - I Love You,516.9919509518544,Tony Sly - On the Outside,0.6827870937948103,Dar Williams - Are You Out There,0.6713566002289092,Alannah Myles - I Love You,0.6655135748747238,Lauryn Hill - Interlude 5,194.63782865315298,Eminem - 8 Mile,139.33465011074296,Beastie Boys - B-Boy Bouillabaisse: A.W.O.L. (2009 Digital Remaster),132.74925450165964,Lauryn Hill - Interlude 5,99.34618491055944,Heather Headley - Wait A Minute,89.94986924199178,Set Your Goals - our ethos: a legacy to pass on,86.65761798164547,Desaparecidos - Fiesta Loca,224.39420580803485,Heather Headley - Wait A Minute,219.5420277060685,Dismantled - Fields,218.53588964766,Heather Headley - Wait A Minute,0.3245629463107595,Dismantled - Fields,0.321889472351341,Desaparecidos - Fiesta Loca,0.31844396384048634
TRMGOLR128F933A7DB,SOYDERO12A6D4F72BC,ARZWK2R1187B98F09F,Rise Against,Survive,punk,Lauryn Hill - Interlude 5,4185.0,Hollywood Undead - Undead,2796.0,The Prodigy - We Gonna Rock,2718.0,Lauryn Hill - Interlude 5,3645.8799999999865,The Prodigy - We Gonna Rock,2606.65999999999,Hollywood Undead - Undead,2542.1887500000125,The Misfits - Static Age,551.1649424381922,Modern Life Is War - Destination: Death or Better Days,549.3261355556974,Thompson Twins - We Are Detective,543.2356273559775,Modern Life Is War - Destination: Death or Better Days,0.6988727693714599,The Misfits - Static Age,0.694586823866838,Thompson Twins - We Are Detective,0.6896343266765022,Eminem - 8 Mile,263.55743748582086,Lauryn Hill - Interlude 5,213.4640349865858,Beastie Boys - B-Boy Bouillabaisse: A.W.O.L. (2009 Digital Remaster),201.35122931548548,Eminem - 8 Mile,140.5637083180589,The Von Bondies - Earthquake,129.60878865768726,R. Kelly - Kickin' It With Your Girlfriend,121.0018935957726,Dolly Parton - Highlight Of My Life,208.12278525538687,Cloud Cult - 2x2x2,207.01632835659797,The Von Bondies - Earthquake,206.23014256093762,The Von Bondies - Earthquake,0.3014735202682856,Dolly Parton - Highlight Of My Life,0.29394513917475623,Cloud Cult - 2x2x2,0.2913484277598137
TRFNVPY128F92D2626,SOUKLPY12A8C1451A8,ARZWK2R1187B98F09F,Rise Against,The Dirt Whispered,punk,Beastie Boys - B-Boy Bouillabaisse: A.W.O.L. (2009 Digital Remaster),3252.0,Lauryn Hill - Interlude 5,3062.0,Eminem - 8 Mile,2899.0,Beastie Boys - B-Boy Bouillabaisse: A.W.O.L. (2009 Digital Remaster),2930.401249999985,Lauryn Hill - Interlude 5,2677.4400000000232,Eminem - 8 Mile,2656.298750000004,Common - Book Of Life,583.3034396398733,RODNEY CROWELL - Preachin' To The Choir,581.9445784103783,Wade Hayes - I'm Still Dancin' With You,573.3279284004255,Common - Book Of Life,0.7417775692200579,RODNEY CROWELL - Preachin' To The Choir,0.7411651089584385,Wade Hayes - I'm Still Dancin' With You,0.7311551614511401,Ja Rule - One of Us,207.83550046166116,Dar Williams - Mortal City,206.70075354589008,Beastie Boys - B-Boy Bouillabaisse: A.W.O.L. (2009 Digital Remaster),205.13282620169755,Michelle Williams - We Break The Dawn,131.96659636597258,Ja Rule - One of Us,123.7909579112316,Dar Williams - Mortal City,120.66926219949616,Thrice - Digital Sea,210.7172240829728,Milk Inc. - Breathe Without You,209.10426697354436,Hey Monday - Josey,201.49754209335856,Thrice - Digital Sea,0.3113294260412553,Hey Monday - Josey,0.306176970544848,Michael Jackson - You Are Not Alone,0.30550973035567697
TRPSYVF128F428A446,SOQAAVL12A8C13C158,ARP28RX1187B9AF6C4,The Offspring,Get It Right (Album Version),punk,Lauryn Hill - Interlude 5,3935.0,Beastie Boys - B-Boy Bouillabaisse: A.W.O.L. (2009 Digital Remaster),3449.0,Twista - I'm A Winner (Amended Album Version),3367.0,Lauryn Hill - Interlude 5,3555.9600000000623,Beastie Boys - B-Boy Bouillabaisse: A.W.O.L. (2009 Digital Remaster),3132.017500000019,Twista - I'm A Winner (Amended Album Version),3119.284999999944,Veruca Salt - Stoneface,543.8227185785771,New Found Glory - I'll Never Love Again,540.395200078619,Gang Starr - Code Of The Streets (Explicit),531.8633757269814,Veruca Salt - Stoneface,0.690200242094388,New Found Glory - I'll Never Love Again,0.6840906921800699,Gang Starr - Code Of The Streets (Explicit),0.6817800417174624,Beastie Boys - B-Boy Bouillabaisse: A.W.O.L. (2009 Digital Remaster),221.65290079941795,Lauryn Hill - Interlude 5,211.811078309497,Eminem - 8 Mile,171.86219929493294,Beastie Boys - B-Boy Bouillabaisse: A.W.O.L. (2009 Digital Remaster),114.40897263914026,Michael Jackson - Man In The Mirror,113.88962890474507,Lauryn Hill - Interlude 5,106.59389253417845,InMe - All Terrain Vehicle                      	,240.8747499939447,Nine Inch Nails - Something I Can Never Have,239.75893354799723,Descendents - When I Get Old,235.7915954478143,Nine Inch Nails - Something I Can Never Have,0.34977862876956956,Descendents - When I Get Old,0.3427735120098001,InMe - All Terrain Vehicle                      	,0.34086430895905556
TROGTUS128F932D6CB,SOSVNOS12AB01831D7,ARP28RX1187B9AF6C4,The Offspring,Want You Bad,punk,Lauryn Hill - Interlude 5,4813.0,Twista - I'm A Winner (Amended Album Version),4510.0,Erykah Badu - I Want You,3978.0,Lauryn Hill - Interlude 5,4505.720000000029,Twista - I'm A Winner (Amended Album Version),4309.1825000000445,Erykah Badu - I Want You,3865.066249999998,Beastie Boys - So What'Cha Want (Butt Naked Version) (Explicit) (2009 Digital Remaster),633.9009485697744,Clawfinger - Revenge,633.1965018350468,Angela Bofill - I Try,631.7429242060948,Beastie Boys - So What'Cha Want (Butt Naked Version) (Explicit) (2009 Digital Remaster),0.7991199678096599,Clawfinger - Revenge,0.7979245614795774,Angela Bofill - I Try,0.7954905739980809,Lauryn Hill - Interlude 5,163.73942493126978,Beastie Boys - B-Boy Bouillabaisse: A.W.O.L. (2009 Digital Remaster),156.86181840672555,Westlife - Bad Girls,148.14086308553806,Westlife - Bad Girls,123.32339948358509,Kool Moe Dee - Bad Mutha,92.94777917349748,Anna Abreu - Bad Girl,89.97135461255519,Frenzal Rhomb - Ballchef,258.0889909935577,Westlife - Bad Girls,253.58294714285182,The Ataris - You Need A Hug,246.00636118216812,Westlife - Bad Girls,0.35784323647176236,Frenzal Rhomb - Ballchef,0.35768918331391547,The Ataris - You Need A Hug,0.3456887447580298
TRZVPFY128F92E19DF,SOPXOZV12AAF3B462D,ARP28RX1187B9AF6C4,The Offspring,Staring At The Sun,punk,Lauryn Hill - Interlude 5,6817.0,Twista - I'm A Winner (Amended Album Version),6499.0,Beastie Boys - B-Boy Bouillabaisse: A.W.O.L. (2009 Digital Remaster),5836.0,Lauryn Hill - Interlude 5,6195.079999999976,Twista - I'm A Winner (Amended Album Version),6092.555000000081,Eminem - My Darling,5368.327499999959,Kevin Devine - Fever Moon,591.6619583261494,Clawfinger - Revenge,584.8307892318685,Amanda Jenssen - Don't Worry,559.4886675770399,Kevin Devine - Fever Moon,0.7501832560096057,Clawfinger - Revenge,0.7407940579777026,Amanda Jenssen - Don't Worry,0.7112920499480058,Beastie Boys - B-Boy Bouillabaisse: A.W.O.L. (2009 Digital Remaster),255.06322732200337,Recoil - Curse,203.13890200925997,The Slackers - Close My Eyes,197.24449996092693,Bis - Punk Rock Points,169.0688301736803,The Slackers - Close My Eyes,167.30275080727878,Ocean Colour Scene - Travellers Tune,142.08238416160307,Bis - Punk Rock Points,305.04404802171274,The Slackers - Close My Eyes,287.56410164642045,Joan Baez - Don't Cry For Me Argentina,231.86444525116966,Bis - Punk Rock Points,0.41352573876362664,The Slackers - Close My Eyes,0.39817097146103175,Joan Baez - Don't Cry For Me Argentina,0.34026864708283294
TRGAEVY128F428BEF6,SOWLEBB12A8C13972F,AR46CAD1187FB4D84B,Bad Religion,Operation Rescue,punk,Lauryn Hill - Interlude 5,2094.0,Beastie Boys - B-Boy Bouillabaisse: A.W.O.L. (2009 Digital Remaster),1450.0,Eminem - My Darling,1214.0,Lauryn Hill - Interlude 5,1827.199999999992,Beastie Boys - B-Boy Bouillabaisse: A.W.O.L. (2009 Digital Remaster),1226.8812499999858,Eminem - My Darling,1050.6937500000038,Fad Gadget - Plain Clothes,461.3557383481467,Suffocation - Brood Of Hatred (Album Version),460.1666773867851,Built To Spill - Planting Seeds,442.4198649850349,Fad Gadget - Plain Clothes,0.5967933663219459,Suffocation - Brood Of Hatred (Album Version),0.5924374104983581,Built To Spill - Planting Seeds,0.5783789616986831,Lauryn Hill - Interlude 5,201.6056465926667,Recoil - Curse,148.29847680314688,N-Dubz - Feva Las Vegas,147.6370273470154,Lauryn Hill - Interlude 5,104.50597933879018,N-Dubz - Feva Las Vegas,98.77874584977103,Recoil - Curse,88.67075281229411,Third World - World Of Uncertainty,250.60316346860787,Sneaky Sound System - 16,212.45924712948442,David Ball - There Stands The Glass,206.06015413559035,Third World - World Of Uncertainty,0.3607911445701714,Sneaky Sound System - 16,0.3053180209895217,The Streets - The Irony Of It All (Album Version),0.2994262336620754
TRPTWJT128F422F239,SOAOSYE12A6D4FB832,AR10USD1187B99F3F1,Silverstein,When Broken Is Easily Fixed (Album Version),punk,Lauryn Hill - Interlude 5,3968.0,Danity Kane - Hold Me Down (Album Version),3347.0,Five - That's What You Told Me,3061.0,Lauryn Hill - Interlude 5,3645.999999999975,Danity Kane - Hold Me Down (Album Version),3197.812499999988,Five - That's What You Told Me,2937.624999999974,Jill Scott - He Loves Me (Lyzel In E Flat),579.5082310866431,Michael Penn - Comfort,573.8787397638644,Taylor Swift - Crazier,558.3875382623473,Jill Scott - He Loves Me (Lyzel In E Flat),0.728433473710059,Michael Penn - Comfort,0.7262262332197584,Taylor Swift - Crazier,0.709096476192283,Recoil - Curse,143.6090047042941,Eminem - My Darling,140.51368817306718,Twista - Overdose (Album Version),137.97088477821728,Glassjaw - Pretty Lush (Album Version),95.74623953547767,Emery - Bloodless,95.16649608968295,Cannibal Corpse - Sentenced to Burn,89.95882944470648,Glassjaw - Pretty Lush (Album Version),204.43102470834174,Nevermore - C.b.f.,203.0760791744889,Hot Water Music - Bottomless Seas,202.27889792855564,Glassjaw - Pretty Lush (Album Version),0.30586159139232355,Nevermore - C.b.f.,0.3004219003722515,Hot Water Music - Bottomless Seas,0.29363698102616403
TRPYGVQ128E078EFE9,SOEDBQL12A670213B3,ARWA6NT1187FB3F15C,The Cure,Want,punk,Lauryn Hill - Interlude 5,5579.0,Twista - I'm A Winner (Amended Album Version),4571.0,Erykah Badu - I Want You,4071.0,Lauryn Hill - Interlude 5,5247.800000000054,Twista - I'm A Winner (Amended Album Version),4354.549999999944,Erykah Badu - I Want You,3949.275000000077,Beastie Boys - So What'Cha Want (Butt Naked Version) (Explicit) (2009 Digital Remaster),557.0568289655838,Bouncing Souls_ The - Pervert,550.0723844316648,Shania Twain - All Fired Up_ No Place To Go,545.7604603572706,Beastie Boys - So What'Cha Want (Butt Naked Version) (Explicit) (2009 Digital Remaster),0.7036822071249154,Bouncing Souls_ The - Pervert,0.6949354270021553,Shania Twain - All Fired Up_ No Place To Go,0.6897099032142422,Tricky - Tricky Versus Lynx (Live),130.40612011296068,Ludacris - Ho,120.84003396748639,Otis Redding - The Dog ( LP Version),113.9478608481489,Otis Redding - The Dog ( LP Version),108.71401321490181,Ludacris - Ho,103.56755834941772,The Specials - Do The Dog,103.16944192719114,Otis Redding - The Dog ( LP Version),308.3226423190248,The Specials - Do The Dog,295.99867980190066,tobyMac - TruDog: The Return,231.85666132568807,Otis Redding - The Dog ( LP Version),0.3963913865207438,The Specials - Do The Dog,0.3855036568453882,tobyMac - TruDog: The Return,0.3083762305348955
TRJNMGP128F92E0427,SOGXZZI12AAF3B2704,AR8UICP11C8A4154FD,Hey Monday,Josey,punk,Lauryn Hill - Interlude 5,3317.0,Beastie Boys - B-Boy Bouillabaisse: A.W.O.L. (2009 Digital Remaster),2241.0,Daft Punk - Touch It / Technologic,2104.0,Lauryn Hill - Interlude 5,2934.2799999999907,Daft Punk - Touch It / Technologic,1952.9399999999816,Beastie Boys - B-Boy Bouillabaisse: A.W.O.L. (2009 Digital Remaster),1920.9400000000103,The Bluetones - Carnt Be Trusted,539.3845002062767,Bruce Hornsby and the Range - The Way It Is,502.8665508334779,Raine Maida - Earthless,491.8728273883505,The Bluetones - Carnt Be Trusted,0.689886393722987,Bruce Hornsby and the Range - The Way It Is,0.6448952609528046,Raine Maida - Earthless,0.6299635498994527,Beastie Boys - B-Boy Bouillabaisse: A.W.O.L. (2009 Digital Remaster),230.62804737594203,Twista - Overdose (Album Version),203.3660983004751,Eminem - 8 Mile,176.33841727386252,The Corrs - Queen Of Hollywood ( LP Version ),127.67695042628641,Dance Hall Crashers - DHC,115.60771322716931,Slightly Stoopid - Officer,110.4116604229961,Dance Hall Crashers - DHC,217.0608645386982,Fear - Beef Bologna,207.70125147534796,The Coral - She Sings The Mourning,201.83450452627648,Dance Hall Crashers - DHC,0.32824379073085264,Rise Against - The Dirt Whispered,0.306176970544848,Mojave 3 - Tinkers Blues,0.2928432390297616
TRVWMAR128F425A2DA,SOMFMFC12A8AE45B47,AR13CXU1187B9AD30A,The Clash,1-2 Crush On You,punk,Twista - I'm A Winner (Amended Album Version),7262.0,Lauryn Hill - Interlude 5,7112.0,Erykah Badu - I Want You,6549.0,Twista - I'm A Winner (Amended Album Version),6958.969999999932,Lauryn Hill - Interlude 5,6648.32,Erykah Badu - I Want You,6378.58500000007,Electric Light Orchestra - Auntie (Ma-Ma-Ma Belle),651.2613636189765,Brian McKnight - Holdin' On [Missin' U] (Album Version),624.0992941574407,Mel & Kim - System,621.8305705029667,Electric Light Orchestra - Auntie (Ma-Ma-Ma Belle),0.8184781019138007,Brian McKnight - Holdin' On [Missin' U] (Album Version),0.7856285670674079,Mel & Kim - System,0.7833750247726515,Lauryn Hill - Interlude 5,238.91918364462452,Michael Jackson - Man In The Mirror,234.48871964798224,Us3 - Knowledge Of Self,213.10754926597573,Michael Jackson - Man In The Mirror,172.0236873632348,Us3 - Knowledge Of Self,160.30266217026002,Talib Kweli - Eat To Live (Album Version),123.37335313344411,Electric Light Orchestra - Auntie (Ma-Ma-Ma Belle),280.83672939080094,Us3 - Knowledge Of Self,270.7212694035892,Fleetwood Mac - Hellhound On My Trail,246.92642816269708,Us3 - Knowledge Of Self,0.4022191414304441,Electric Light Orchestra - Auntie (Ma-Ma-Ma Belle),0.3901233828111171,Talib Kweli - Eat To Live (Album Version),0.3363875743620522
TRCKZBM128F425A2DD,SOJPDPR12A8AE45B50,AR13CXU1187B9AD30A,The Clash,Brand New Cadillac,punk,Lauryn Hill - Interlude 5,1562.0,Twiztid - She Ain't Afraid,1429.0,K-Ci & JoJo - Baby Come Back,1412.0,Lauryn Hill - Interlude 5,1343.0399999999938,K-Ci & JoJo - Baby Come Back,1338.3687499999803,Twiztid - She Ain't Afraid,1301.5212500000043,Billy Squier - She's A Runner (24-Bit Digitally Remastered 02),462.7076660318808,Asaf Avidan & the Mojos - Over You Blues,444.329059888905,Willie Dixon - That's My Baby,421.7223193339548,Billy Squier - She's A Runner (24-Bit Digitally Remastered 02),0.5914153703399583,Asaf Avidan & the Mojos - Over You Blues,0.5664108791144276,Willie Dixon - That's My Baby,0.5405233696340517,Jeru The Damaja - Me Or The Papes,168.27043734263512,Kurupt - It Ain't About You,161.17954229758627,Junior Senior - C'Mon,161.06864915862064,Junior Senior - C'Mon,138.82499820402566,Jeru The Damaja - Me Or The Papes,131.74142879246108,Blind Willie Johnson - Jesus Is Coming Soon,123.92747948544685,Nina Simone - He Ain't Comin' Home No More,327.3586193715979,Junior Senior - C'Mon,218.59971488640306,Blind Willie Johnson - Jesus Is Coming Soon,216.15448840324288,Nina Simone - He Ain't Comin' Home No More,0.43089948471442263,Junior Senior - C'Mon,0.30269318991216787,Jackson 5 - Goin' Back To Indiana,0.2944816603532331
TRCFCHA128F4259A75,SORYRRU12A8AE45B60,AR13CXU1187B9AD30A,The Clash,Cool Confusion,punk,Lauryn Hill - Interlude 5,2022.0,Beastie Boys - B-Boy Bouillabaisse: A.W.O.L. (2009 Digital Remaster),1901.0,The Pharcyde - Otha Fish,1723.0,Lauryn Hill - Interlude 5,1699.9999999999611,Beastie Boys - B-Boy Bouillabaisse: A.W.O.L. (2009 Digital Remaster),1631.718749999973,The Pharcyde - Otha Fish,1555.6562499999814,The Supremes - Stranger In Paradise,478.6402356811184,The Itals - In Deh,462.5932804843948,The Be Good Tanyas - Midnight Moonlight,454.6290888851885,The Supremes - Stranger In Paradise,0.6146838438611498,Wu-Tang Clan - The What,0.6011684529081096,The Itals - In Deh,0.5947372708263751,Beastie Boys - B-Boy Bouillabaisse: A.W.O.L. (2009 Digital Remaster),247.3833343342871,Big Brovaz - Find A Way,234.08447451596737,Twista - No Remorse (Album Version),231.76393048558953,Jill Scott - Brotha,164.45665327302606,Lyfe Jennings - She Got Kids,157.3055043496917,Big Brovaz - Find A Way,155.86199491491772,999 - Me And My Desire,260.59419497239287,Blink-182 - GO,249.2364854332482,Jill Scott - Brotha,229.51480450732674,999 - Me And My Desire,0.36577238713073856,Jackie Greene - Hollywood,0.35568401011668804,Blink-182 - GO,0.3516504448064344
TRYSJKQ128F4259A73,SOKVAFU12A8AE46882,AR13CXU1187B9AD30A,The Clash,First Night Back In London,punk,Lauryn Hill - Interlude 5,1438.0,Beastie Boys - B-Boy Bouillabaisse: A.W.O.L. (2009 Digital Remaster),1407.0,Twista - I'm A Winner (Amended Album Version),1226.0,Beastie Boys - B-Boy Bouillabaisse: A.W.O.L. (2009 Digital Remaster),1245.431249999993,Lauryn Hill - Interlude 5,1244.7999999999925,Twista - I'm A Winner (Amended Album Version),1099.7375000000145,A Tribe Called Quest - Baby Phife's Return,505.0018989365824,John Denver - El Paso,503.6210501995478,Beastie Boys - B-Boy Bouillabaisse: A.W.O.L. (2009 Digital Remaster),496.80889948096586,A Tribe Called Quest - Baby Phife's Return,0.658400987137392,John Denver - El Paso,0.6533716809077528,Beastie Boys - B-Boy Bouillabaisse: A.W.O.L. (2009 Digital Remaster),0.6491256390286232,Beastie Boys - B-Boy Bouillabaisse: A.W.O.L. (2009 Digital Remaster),197.74731866793954,Lauryn Hill - Interlude 5,170.37305711979704,Twista - Overdose (Album Version),158.1276357001222,Beastie Boys - B-Boy Bouillabaisse: A.W.O.L. (2009 Digital Remaster),91.61182956458853,Twista - Overdose (Album Version),79.40234492913049,Scarlett Johansson - Summertime,76.21204902181816,Crash Romeo - Minutes to Miles,212.04726743213737,Lloyd Cole - vin ordinaire,186.39336573378316,Slim Harpo - One More Day,174.4369857541546,Crash Romeo - Minutes to Miles,0.3156986865820772,Rehab - Chest Pain,0.2844539500870851,Beastie Boys - B-Boy Bouillabaisse: A.W.O.L. (2009 Digital Remaster),0.28168060201827966
TRAQKVC128F425E65C,SOUTRYP12A8AE46BC6,AR13CXU1187B9AD30A,The Clash,Inoculated City,punk,Lauryn Hill - Interlude 5,1291.0,Ja Rule - One of Us,937.0,Beastie Boys - B-Boy Bouillabaisse: A.W.O.L. (2009 Digital Remaster),894.0,Lauryn Hill - Interlude 5,1118.0399999999902,Ja Rule - One of Us,832.4250000000055,Beastie Boys - B-Boy Bouillabaisse: A.W.O.L. (2009 Digital Remaster),749.3575000000026,Immortal Technique - The 4th Branch,464.9365308676495,Don Francisco - Adam_ Where Are You?,444.44736750402194,Andrew Lloyd Webber - Masquerade,441.92216123657937,Immortal Technique - The 4th Branch,0.6038773798613895,Andrew Lloyd Webber - Masquerade,0.5774355286412254,Don Francisco - Adam_ Where Are You?,0.5774148486359397,Beastie Boys - B-Boy Bouillabaisse: A.W.O.L. (2009 Digital Remaster),136.00302665156622,Pain of Salvation - Spitfall,133.15857044568102,Hollywood Undead - Undead,112.73262714566785,Pain of Salvation - Spitfall,87.59025374964797,Bob Dylan - With God On Our Side,74.66878473704197,Hollywood Undead - Undead,69.87897659715725,The Prodigy - Invaders Must Die,229.16752300398352,Good Riddance - 21 Guns (Good Riddance),222.1263922870784,Skip James - I'm So Glad,219.66386310630475,Good Riddance - 21 Guns (Good Riddance),0.3170151471041442,Bob Dylan - With God On Our Side,0.30418587020183013,The Prodigy - Invaders Must Die,0.29157536173046106
TRUASIU128F425A1D7,SOKPHTL12A8AE47058,AR13CXU1187B9AD30A,The Clash,Lost In The Supermarket,punk,Beastie Boys - B-Boy Bouillabaisse: A.W.O.L. (2009 Digital Remaster),6301.0,Eminem - 8 Mile,6162.0,Mario Vazquez - Everytime I...,5834.0,Beastie Boys - B-Boy Bouillabaisse: A.W.O.L. (2009 Digital Remaster),5916.312500000163,Eminem - 8 Mile,5871.687499999844,Mario Vazquez - Everytime I...,5693.375,Mary Black - Raven In The Storm,619.9871288890262,Patricia Barber - The Moon,607.2991187556017,Mest - Can't Take This (Album Version),606.6770216420567,Mary Black - Raven In The Storm,0.779075409628105,Patricia Barber - The Moon,0.763768800811405,Mest - Can't Take This (Album Version),0.7633558973227766,Lauryn Hill - Interlude 5,185.1156890785162,Snoop Dogg - Snoopafella (Edited),151.56331249937404,EPMD - Knick Knack Patty Wack,136.64900716337777,Just Jack - 253,91.7260979185428,Snoop Dogg - Snoopafella (Edited),85.98178159548664,Fall Out Boy - The Music Or The Misery,83.27370156499939,VAST - Here's To All The People I Have Lost,232.0561540023537,Blossom Dearie - Just In Time,209.26361459831696,SUPREME BEINGS OF LEISURE - So Much More,201.65910965905135,VAST - Here's To All The People I Have Lost,0.3200945975621524,Blossom Dearie - Just In Time,0.29482403277793984,Autograph - The City,0.2908653520618654
TROLGMC128F4259BB8,SOMAATM12A8AE45E6A,AR13CXU1187B9AD30A,The Clash,Overpowered By Funk,punk,Lauryn Hill - Interlude 5,3126.0,Beastie Boys - B-Boy Bouillabaisse: A.W.O.L. (2009 Digital Remaster),2672.0,Twista - I'm A Winner (Amended Album Version),2560.0,Lauryn Hill - Interlude 5,2776.3999999999714,Beastie Boys - B-Boy Bouillabaisse: A.W.O.L. (2009 Digital Remaster),2379.63749999998,Twista - I'm A Winner (Amended Album Version),2331.5250000000174,Funkadelic - One Nation Under A Groove,471.50428737884334,Free - Mr. Big,470.5561960890395,Anastacia - Club Megamix,469.11287597116825,Funkadelic - One Nation Under A Groove,0.6101384291647136,Anastacia - Club Megamix,0.6090711087036049,Free - Mr. Big,0.6085229691820605,Fatboy Slim - The Rockafeller Skank,297.1762779879203,Cameo - Funk Funk,271.7671766506446,Funkadelic - One Nation Under A Groove,264.95117265414206,Fatboy Slim - The Rockafeller Skank,269.6867560949743,Cameo - Funk Funk,243.8486766285423,Funkadelic - One Nation Under A Groove,227.25237357709364,Cameo - Funk Funk,389.2699520632601,The Bar-Kays - Shake Your Rump To The Funk,321.8974203700031,Fatboy Slim - The Rockafeller Skank,291.94811798578405,Cameo - Funk Funk,0.5134272613056895,The Bar-Kays - Shake Your Rump To The Funk,0.42869582474767765,Funkadelic - One Nation Under A Groove,0.3871181555419891
TRMQMTC128F428A516,SOSTMID12A8C13A27B,AR46CAD1187FB4D84B,Bad Religion,Automatic Man (Album Version),punk,Lauryn Hill - Interlude 5,1916.0,Beastie Boys - B-Boy Bouillabaisse: A.W.O.L. (2009 Digital Remaster),1374.0,Michael Jackson - Man In The Mirror,1296.0,Lauryn Hill - Interlude 5,1708.0800000000045,Propellerheads - Velvet Pants,1231.2737499999942,Beastie Boys - B-Boy Bouillabaisse: A.W.O.L. (2009 Digital Remaster),1200.1212500000154,Bill Withers - Who Is He? (And What Is He To You?),587.9146223374975,Bellamy Brothers - Old Hippie,583.7670107034276,Suicidal Tendencies - Possessed To Skate,574.438267950692,Bill Withers - Who Is He? (And What Is He To You?),0.7426565469688222,Bellamy Brothers - Old Hippie,0.7389383403275933,Suicidal Tendencies - Possessed To Skate,0.7276437794230677,Beastie Boys - B-Boy Bouillabaisse: A.W.O.L. (2009 Digital Remaster),205.4675657599785,Lauryn Hill - Interlude 5,166.33454906550813,Gang Starr - The Illest Brother,139.35432511306323,Beastie Boys - B-Boy Bouillabaisse: A.W.O.L. (2009 Digital Remaster),115.18113522855043,Us3 - Just Another Brother,106.12712824831297,Gang Starr - The Illest Brother,90.42370272829706,Big Bad Voodoo Daddy - Reefer Man,243.72193970936252,Kathy Troccoli - I Call Him Love,237.519805059489,Suicidal Tendencies - Possessed To Skate,234.06630094713347,Big Bad Voodoo Daddy - Reefer Man,0.33773217195733324,Suicidal Tendencies - Possessed To Skate,0.3353142092849673,Kathy Troccoli - I Call Him Love,0.33297763699294886
TRQENBA128F426093C,SOQLMHB12A8C1384BF,AR46CAD1187FB4D84B,Bad Religion,Chimaera (Album Version),punk,Lauryn Hill - Interlude 5,5138.0,Twista - I'm A Winner (Amended Album Version),3017.0,Eminem - My Darling,2935.0,Lauryn Hill - Interlude 5,4836.239999999956,Twista - I'm A Winner (Amended Album Version),2819.789999999997,Eminem - My Darling,2750.295000000025,Small Sins - She's The Source,641.1760385916588,Anacrusis - What You Became,634.0982473032227,Bunny Wailer - Roots,624.8482085830767,Small Sins - She's The Source,0.8070223082023004,Anacrusis - What You Became,0.7980182213718866,Bunny Wailer - Roots,0.7872396565780551,Lauryn Hill - Interlude 5,207.4983730530464,Beastie Boys - B-Boy Bouillabaisse: A.W.O.L. (2009 Digital Remaster),173.88523636998087,Petey Pablo - Fool For Love,150.10393828299098,Monica - Hurts The Most,103.57840830541879,Lauryn Hill - Interlude 5,90.62377546028601,Eminem - Ken Kaniff,86.18658673951336,Monica - Hurts The Most,196.32473360916615,Frenzal Rhomb - Ballchef,193.06541028080366,Sopor Aeternus & The Ensemble Of Shadows - Some Men Are Like Chocolate,181.96358820066087,Monica - Hurts The Most,0.31170020332953186,Sopor Aeternus & The Ensemble Of Shadows - Some Men Are Like Chocolate,0.2878669032844581,Frenzal Rhomb - Ballchef,0.28680819626765863
TRJCXHB128F428AC5B,SOLDKOL12A8C1392D1,AR46CAD1187FB4D84B,Bad Religion,Damned to Be Free (Album Version),punk,Lauryn Hill - Interlude 5,1601.0,Beastie Boys - B-Boy Bouillabaisse: A.W.O.L. (2009 Digital Remaster),1506.0,Vanilla Ice - Ice Is Workin' It,1458.0,Lauryn Hill - Interlude 5,1372.8400000000104,Vanilla Ice - Ice Is Workin' It,1350.1199999999676,Beastie Boys - B-Boy Bouillabaisse: A.W.O.L. (2009 Digital Remaster),1315.195000000006,Tonedeff - Ridiculous,512.2359823251951,Dan Le Sac vs Scroobius Pip - Fixed,471.00571729007856,Bird York - Lovely Thing,468.6317785627708,Tonedeff - Ridiculous,0.6641014558792049,Dan Le Sac vs Scroobius Pip - Fixed,0.6168363179918088,Bird York - Lovely Thing,0.6066969872935191,Lauryn Hill - Interlude 5,181.5370260104011,Recoil - Curse,159.75905417230706,Beastie Boys - B-Boy Bouillabaisse: A.W.O.L. (2009 Digital Remaster),159.6145409541832,Recoil - Curse,93.73062436255414,Tonedeff - Ridiculous,82.78918621997687,Michael Jackson - Man In The Mirror,81.32965323362188,Skinless - Wicked World,188.57103756990387,Ill Niño - Re-Birth,179.74484050616758,Naked Aggression - Plastic World,179.08136444653906,Tonedeff - Ridiculous,0.30416828441322125,Skinless - Wicked World,0.286204791452872,Ill Niño - Re-Birth,0.278632500705379
TRHWAPL128F428BEEE,SOSHLOP12A8C13971C,AR46CAD1187FB4D84B,Bad Religion,Get Off,punk,Lauryn Hill - Interlude 5,3021.0,Beastie Boys - B-Boy Bouillabaisse: A.W.O.L. (2009 Digital Remaster),2859.0,Eminem - 8 Mile,2636.0,Lauryn Hill - Interlude 5,2790.999999999972,Beastie Boys - B-Boy Bouillabaisse: A.W.O.L. (2009 Digital Remaster),2666.65625000008,Eminem - 8 Mile,2490.843749999924,Common - Book Of Life,673.9549017092944,Manafest - Runaway,644.2024525299971,The Mighty Mighty Bosstones - Someday I Suppose,640.9311008988217,Common - Book Of Life,0.8479692210360039,Manafest - Runaway,0.811862109141525,The Mighty Mighty Bosstones - Someday I Suppose,0.807750846776038,Lauryn Hill - Interlude 5,148.034006403279,Beastie Boys - B-Boy Bouillabaisse: A.W.O.L. (2009 Digital Remaster),146.74362519473883,OutKast - Mainstream,130.74792477706114,Kurupt - Who Ride Wit Us,81.75501657946583,OutKast - Mainstream,81.69350264766955,Brand Nubian - All For One (Explicit) (2006 Remastered LP Version),74.18849919543376,Pat Travers - Is This Love,208.02404244807755,Dru Hill - Share My World,203.61060850865778,Sophie Milman - (It's Not Easy) Bein' Green,186.8548791277288,Dru Hill - Share My World,0.3084088947871862,OutKast - Mainstream,0.3076822382655917,Brand Nubian - All For One (Explicit) (2006 Remastered LP Version),0.29909353383746573
TRHYIAH128F14825EC,SOLIECS12A6310F220,AROBHK51187B9AD82B,Funeral For A Friend,Juneau,punk,Beastie Boys - B-Boy Bouillabaisse: A.W.O.L. (2009 Digital Remaster),3078.0,Lauryn Hill - Interlude 5,2904.0,Life Without Buildings - New Town,2783.0,Beastie Boys - B-Boy Bouillabaisse: A.W.O.L. (2009 Digital Remaster),2821.0287499999968,Life Without Buildings - New Town,2655.453749999988,Lauryn Hill - Interlude 5,2596.719999999996,Mary Black - Raven In The Storm,549.5143193903534,Swollen Members - Switchblade,547.2671465294741,Gorefest - Super Reality,520.2512876198366,Swollen Members - Switchblade,0.6938732714808346,Mary Black - Raven In The Storm,0.6934775721850356,Gorefest - Super Reality,0.6595237072114135,Eminem - My Darling,124.1153624784015,Recoil - Curse,121.91175868818164,Pain of Salvation - Spitfall,111.42022054279875,Incognito - Stone Cold Heart,90.6706530998691,Kylie Minogue - Love At First Sight (The Scumfrog's Beauty And The Beast Vocal Edit),78.92079422731953,Die Trying - Oxygen's Gone,76.58468196023279,The Lucksmiths - Guess How Much I Love You,202.86139416214672,Incognito - Stone Cold Heart,195.05354234853039,Billie Holiday - More Than You Know,195.05114260339298,The Lucksmiths - Guess How Much I Love You,0.28569660872454616,Incognito - Stone Cold Heart,0.2784123935371073,Billie Holiday - More Than You Know,0.27311655201942614
TRWMODL128F92E7E2A,SOLOBYS12AB017B614,ARUUP451187B9AF56E,Wire,Another The letter,punk,The Pharcyde - Otha Fish,756.0,Michael Jackson - Man In The Mirror,664.0,Lauryn Hill - Interlude 5,629.0,The Pharcyde - Otha Fish,690.9749999999881,Michael Jackson - Man In The Mirror,556.7300000000016,Lauryn Hill - Interlude 5,503.880000000005,Ayreon - Prologue,401.57727592641766,Cinderella Effect - Israel,377.7768975428948,The Itals - In Deh,376.75618057107135,Ayreon - Prologue,0.5187057995836745,Cinderella Effect - Israel,0.4905351792173505,Subtle - Requiem for a Dive,0.4904698163315102,Suicidal Tendencies - Where's The Truth,106.21249872157298,Beastie Boys - B-Boy Bouillabaisse: A.W.O.L. (2009 Digital Remaster),93.40809975851508,Savatage - The Hourglass,91.94703936717869,Suicidal Tendencies - Where's The Truth,90.9074666406219,Belinda Carlisle - Heaven Is A Place On Earth,63.13579745746787,Michael Jackson - Man In The Mirror,58.0645692222043,Suicidal Tendencies - Where's The Truth,258.87910426735505,Elton John - Heart In The Right Place,201.57643017460853,Freedom Call - Flying high,190.8755383704123,Suicidal Tendencies - Where's The Truth,0.35780330467480975,Elton John - Heart In The Right Place,0.2893396701621511,Gary Allan - Promise Broken,0.2724205888860632
TRABGYE128E078278A,SODQTSE12A6310D90B,ARUUP451187B9AF56E,Wire,Strange,punk,Public Enemy - Go Cat Go,982.0,Beastie Boys - B-Boy Bouillabaisse: A.W.O.L. (2009 Digital Remaster),882.0,Lauryn Hill - Interlude 5,831.0,Public Enemy - Go Cat Go,937.3599999999876,Bowling For Soup - Here We Go,772.239999999984,The Pharcyde - Otha Fish,735.1999999999936,Kelis - Trilogy,358.2768753812025,The Departure - Arms Around Me (BBC 6Music Session),337.46314856747665,Belleruche - Bought & Sold,332.2999312691436,Kelis - Trilogy,0.4647603253523263,The Departure - Arms Around Me (BBC 6Music Session),0.4392361824643516,Belleruche - Bought & Sold,0.4331315117697229,Beastie Boys - B-Boy Bouillabaisse: A.W.O.L. (2009 Digital Remaster),105.269607708852,The Corrs - Queen Of Hollywood ( LP Version ),98.38824239478593,Drowning Pool - Bodies,92.72133602030627,Drowning Pool - Bodies,82.2962014149154,The Corrs - Queen Of Hollywood ( LP Version ),78.71188438067834,Dance Hall Crashers - DHC,75.28357737677601,ANJA GARBAREK - Something Written,259.9717802467418,Mountain Goats - Have To Explode,214.82252876148652,Destroyer - Smith,212.12109319523043,ANJA GARBAREK - Something Written,0.3423330322335168,Mountain Goats - Have To Explode,0.29526741242232735,Dance Hall Crashers - DHC,0.2851284506513003
TRBAQPR128F92F4AB0,SODLLJJ12A8C141D54,ARDT4K91187FB53602,The Wonder Years,Dude_ What Is a Land Pirate?,punk,Lauryn Hill - Interlude 5,4562.0,Beastie Boys - B-Boy Bouillabaisse: A.W.O.L. (2009 Digital Remaster),3111.0,Erykah Badu - I Want You,2973.0,Lauryn Hill - Interlude 5,4182.960000000044,Erykah Badu - I Want You,2833.692499999997,Beastie Boys - B-Boy Bouillabaisse: A.W.O.L. (2009 Digital Remaster),2794.0175000000195,Chantal Kreviazuk - Ghosts Of You,578.35899526412,Hollywood Undead - Undead,577.0008677856855,Digable Planets - Slowes' Comb/The May 4th Movement starring Doodlebug,563.3812857786916,Chantal Kreviazuk - Ghosts Of You,0.7369038830998202,Hollywood Undead - Undead,0.7359877238937358,Digable Planets - Slowes' Comb/The May 4th Movement starring Doodlebug,0.7194463918810536,Lauryn Hill - Interlude 5,243.45826175082607,Twiztid - She Ain't Afraid,196.1977079880567,Twista - Overdose (Album Version),196.16865611633403,Twiztid - She Ain't Afraid,116.91022247569302,Lauryn Hill - Interlude 5,115.43765321280047,Eminem - Ken Kaniff,109.7566419178355,Mayday Parade - I'd Hate To Be You When People Find Out What This Song Is About (Album),212.27851840424913,Lucie Silvas - Already Gone,211.64581683816226,Modern Life Is War - Destination: Death or Better Days,204.76521994266258,Lucie Silvas - Already Gone,0.32715379946114437,Modern Life Is War - Destination: Death or Better Days,0.31931117485255656,Mayday Parade - I'd Hate To Be You When People Find Out What This Song Is About (Album),0.317399001583264
TRVOTRF128F148AE44,SOYCTSV12A6D4FB43C,ARMKNC21187FB4696B,Dashboard Confessional,Again I Go Unnoticed,punk,Lauryn Hill - Interlude 5,2719.0,Beastie Boys - B-Boy Bouillabaisse: A.W.O.L. (2009 Digital Remaster),2153.0,Eminem - My Darling,1924.0,Lauryn Hill - Interlude 5,2360.199999999993,Beastie Boys - B-Boy Bouillabaisse: A.W.O.L. (2009 Digital Remaster),1852.943749999992,Life Without Buildings - New Town,1714.068749999993,Dawn of Relic - The Awakening,459.16796418639433,Bebo Norman - Other Side of Day,456.9104001821549,Assemblage 23 - MAPS OF REALITY,452.3084485844217,Bebo Norman - Other Side of Day,0.5939071978394765,Dawn of Relic - The Awakening,0.5927209844460312,Majesty - Lord Of The Damned,0.5881893376910972,Beastie Boys - B-Boy Bouillabaisse: A.W.O.L. (2009 Digital Remaster),194.963532050505,Recoil - Curse,169.65868381633018,Lauryn Hill - Interlude 5,165.69033836032776,Alicia Keys - Tell You Something (Nana's Reprise),118.12421142294399,Toni Braxton - Breathe Again,114.74686065242325,Jodeci - I'm Still Waiting,108.53572334643157,The Ponys - Another Wound,225.14452083905948,Left Alone - Lonely Starts & Broken Hearts (Album Version),215.9329390629841,Toni Braxton - Breathe Again,204.37558291388322,The Ponys - Another Wound,0.3248885917964123,Jodeci - I'm Still Waiting,0.30567251536617496,Capdown - MV4,0.3028775617846209
TRRERUT128F1477144,SOWSXYV12A58A7CCC3,ARMKNC21187FB4696B,Dashboard Confessional,Carry This Picture,punk,Lauryn Hill - Interlude 5,2326.0,Beastie Boys - B-Boy Bouillabaisse: A.W.O.L. (2009 Digital Remaster),2230.0,Eminem - 8 Mile,1875.0,Lauryn Hill - Interlude 5,2053.680000000024,Beastie Boys - B-Boy Bouillabaisse: A.W.O.L. (2009 Digital Remaster),2002.265000000011,Eminem - 8 Mile,1703.1350000000248,Andrea Bocelli - I Believe,535.9664827804503,The Cat Empire - The Car Song,525.5010113857611,Lacuna Coil - Soul Into Hades,525.2019532339629,Andrea Bocelli - I Believe,0.6850096942744679,The Cat Empire - The Car Song,0.6729162091835548,Lacuna Coil - Soul Into Hades,0.6728451985810541,Binary Star - Honest Expression,145.87346592503204,Kanye West - Diamonds From Sierra Leone,141.65722887248452,DJ Quik - Safe + Sound,130.26060186110556,Kanye West - Diamonds From Sierra Leone,83.4619918617655,Peter Hammill - Accidents,80.88129234462359,Lyfe Jennings - Stingy,80.24014780593092,Peter Hammill - Accidents,200.40331308780782,Joy Electric - The Cobbler,178.70397408460937,Lyfe Jennings - Stingy,176.40605237885498,Peter Hammill - Accidents,0.28735274564732816,Lyfe Jennings - Stingy,0.2689805797028809,Joy Electric - The Cobbler,0.26087615623313803
TRHGTHE128F428B4C3,SOVJEHL12A8C13B495,ARPDVPJ1187B9ADBE9,Usher,U R The One,r&b/soul,Lauryn Hill - Interlude 5,6934.0,Twista - I'm A Winner (Amended Album Version),6320.0,Beastie Boys - B-Boy Bouillabaisse: A.W.O.L. (2009 Digital Remaster),5203.0,Lauryn Hill - Interlude 5,6256.879999999964,Twista - I'm A Winner (Amended Album Version),5877.480000000072,Erykah Badu - I Want You,4773.140000000034,Kat DeLuna - Run The Show,484.23607707383,Good Old War - Tell Me (Acoustic),471.08804241004026,Avant - Y.O.U.,466.4987818952916,Kat DeLuna - Run The Show,0.623282822521767,Good Old War - Tell Me (Acoustic),0.6084699092018043,Jonny Lang - Breakin Me,0.6025935206912072,Prince - I Love U In Me ( LP Version),428.6113834291055,N-Dubz - Feva Las Vegas,334.3356113384068,Prince - Jack U Off (LP Version),332.1013834105331,Prince - I Love U In Me ( LP Version),313.89700579220516,Prince - Jack U Off (LP Version),297.50456221384354,Aztec Camera - Valium Summer,290.7297105536175,Prince - Jack U Off (LP Version),355.17188899032783,Jewel - Leave The Lights On (Album Version),301.9482604980733,Serge Gainsbourg - New York USA,292.61098772657135,Prince - Jack U Off (LP Version),0.4710016428569977,Jewel - Leave The Lights On (Album Version),0.402100553033004,Janet Jackson - Never Letchu Go,0.3959011202367518
TREIEOO128F42B0099,SOJPTRM12A8C14003B,ARXOTQH1187FB57084,Chris Brown,Ain't No Way (You Won't Love Me),r&b/soul,Lauryn Hill - Interlude 5,13073.0,Twista - I'm A Winner (Amended Album Version),11783.0,Danity Kane - Hold Me Down (Album Version),10158.0,Lauryn Hill - Interlude 5,12222.920000000038,Twista - I'm A Winner (Amended Album Version),11227.44499999991,Danity Kane - Hold Me Down (Album Version),9764.144999999971,Natasha Bedingfield - Stumble,661.1204437366109,Michael McDonald - You Don't Know Me,658.1532999790414,Hilary Duff - Play With Fire,653.314822428208,Natasha Bedingfield - Stumble,0.8328130724606821,Michael McDonald - You Don't Know Me,0.8288904529638831,Hilary Duff - Play With Fire,0.8237734472214339,Lauryn Hill - Interlude 5,369.9654714472183,Beastie Boys - B-Boy Bouillabaisse: A.W.O.L. (2009 Digital Remaster),317.0044167405293,Binary Star - Honest Expression,316.79731043705425,Binary Star - Honest Expression,182.38349192742152,Lauryn Hill - Interlude 5,174.62946777593848,Marques Houston - Naked,152.1865561716351,Sean Kingston - Magical,245.3707557408296,Toni Braxton - Love Affair,244.20655488805383,Akon - Be With You,235.82068301216682,Toni Braxton - Love Affair,0.3749410955901268,Sean Kingston - Magical,0.37216311629152277,Binary Star - Honest Expression,0.36916705307643544
TRRZSBO128F428BE44,SOGEKBX12A8C13ACE1,ARPDVPJ1187B9ADBE9,Usher,Nice & Slow,r&b/soul,Lauryn Hill - Interlude 5,9962.0,Twista - I'm A Winner (Amended Album Version),7977.0,Erykah Badu - I Want You,7691.0,Lauryn Hill - Interlude 5,9185.519999999957,Twista - I'm A Winner (Amended Album Version),7469.54500000005,Erykah Badu - I Want You,7405.622500000151,Avant - I Wanna Know,636.5597499313717,Al Jarreau - Look What You've Done For Me,627.9603682713291,Hawthorne Heights - Rescue Me,626.5820222813892,Avant - I Wanna Know,0.8016240024738276,Al Jarreau - Look What You've Done For Me,0.7946939530907705,Ginuwine - Only When ur Lonely,0.7928351906125909,Beastie Boys - B-Boy Bouillabaisse: A.W.O.L. (2009 Digital Remaster),340.3842602982797,Eminem - 8 Mile,338.10726932174975,Lauryn Hill - Interlude 5,327.91299328783265,Chrisette Michele - All I Ever Think About,181.1131819652982,Marques Houston - Naked,174.96976431121334,Digital Underground - Sex Packets (LP Version),174.1472555047771,Digital Underground - Sex Packets (LP Version),262.0158509285025,Shai - Waiting For The Day,258.90484558435577,Simon Webbe - Star,258.3078023566307,Shai - Waiting For The Day,0.3968949654512515,Digital Underground - Sex Packets (LP Version),0.39677605047896447,Simon Webbe - Star,0.389160303750252
TRMZSRG128F428BE3F,SOPEKWP12A8C138692,ARPDVPJ1187B9ADBE9,Usher,Roni,r&b/soul,Lauryn Hill - Interlude 5,7646.0,Twista - I'm A Winner (Amended Album Version),6034.0,Beastie Boys - B-Boy Bouillabaisse: A.W.O.L. (2009 Digital Remaster),5794.0,Lauryn Hill - Interlude 5,6799.599999999999,Twista - I'm A Winner (Amended Album Version),5480.850000000021,Beastie Boys - B-Boy Bouillabaisse: A.W.O.L. (2009 Digital Remaster),5086.174999999951,Nick Cave & The Bad Seeds - She Passed By My Window,515.5874675715369,Rickie Lee Jones - My One And Only Love,513.1426902669033,Mark Wills - She's In Love,485.5504570278521,Nick Cave & The Bad Seeds - She Passed By My Window,0.6558389928781108,Rickie Lee Jones - My One And Only Love,0.6554045250103253,Mark Wills - She's In Love,0.6211093005385305,Lauryn Hill - Interlude 5,274.5163899716475,Atmosphere - Hair,254.27395602604324,Eminem - 8 Mile,248.84815040231157,Backstreet Boys - She's A Dream,162.39995174283308,Jack Ingram - Inna From Mexico,157.13196655662531,Natalie Cole - I'm Catching Hell (Living Here Alone) (Digitally Remastered 02),150.42602076672995,Leadbelly - Keep Your Hands Off Her,301.9719153291078,The Jeff Healey Band - My Little Girl,236.3516539804278,Little Richard - Lucille,222.645330114718,Leadbelly - Keep Your Hands Off Her,0.3977052352216641,The Jeff Healey Band - My Little Girl,0.3418361019063918,Rufus Wainwright - Baby,0.3242712542152958
TRENECR128F92DAC48,SOOPTMD12A8AE46BFE,ARXOTQH1187FB57084,Chris Brown,Damage,r&b/soul,Lauryn Hill - Interlude 5,9634.0,Twista - I'm A Winner (Amended Album Version),7770.0,Beastie Boys - B-Boy Bouillabaisse: A.W.O.L. (2009 Digital Remaster),7549.0,Lauryn Hill - Interlude 5,8868.560000000009,Twista - I'm A Winner (Amended Album Version),7269.759999999895,Beastie Boys - B-Boy Bouillabaisse: A.W.O.L. (2009 Digital Remaster),6908.879999999978,R. Kelly - Kickin' It With Your Girlfriend,609.5309105376078,Mario Vazquez - Everytime I...,608.69929644244,Less Than Jake - I Think I Love You,604.9015080744945,R. Kelly - Kickin' It With Your Girlfriend,0.7726274757426965,The Puppini Sisters - I Will Survive,0.7655448766595113,Mario Vazquez - Everytime I...,0.764487062958129,Lauryn Hill - Interlude 5,385.9815181368234,Beastie Boys - B-Boy Bouillabaisse: A.W.O.L. (2009 Digital Remaster),350.0188097333116,Eminem - My Darling,319.36440666156,Michael Jackson - Man In The Mirror,184.56665700158933,Keith Sweat - Caught Up,181.36410710155232,Petey Pablo - Fool For Love,169.21470413513865,Britney Spears - Girl In The Mirror,216.14702096712048,The Damned - New Rose,210.6435388706216,Melanie Thornton - I Apologize,209.8622880147196,The Pharcyde - Passin' Me By,0.3352522186527723,Keith Sweat - Caught Up,0.33506974400073847,Amerie - Higher,0.3320791327894837
TRIAONH128F9340E62,SOCTATF12A58A77508,ARXOTQH1187FB57084,Chris Brown,Gotta Be Ur Man,r&b/soul,Lauryn Hill - Interlude 5,10876.0,Twista - I'm A Winner (Amended Album Version),10688.0,Beastie Boys - B-Boy Bouillabaisse: A.W.O.L. (2009 Digital Remaster),9690.0,Twista - I'm A Winner (Amended Album Version),10114.407500000036,Lauryn Hill - Interlude 5,9998.319999999992,Erykah Badu - I Want You,9190.428750000165,Melanie Thornton - I Apologize,532.809329947689,Blackstreet - Happy Song (Tonite),516.3606389328344,Esmée Denters - Getting Over You,505.4842118263535,Melanie Thornton - I Apologize,0.6752818566292977,Blackstreet - Happy Song (Tonite),0.6554619300357529,Esmée Denters - Getting Over You,0.6420155128969275,Beastie Boys - B-Boy Bouillabaisse: A.W.O.L. (2009 Digital Remaster),283.4737330478692,Lauryn Hill - Interlude 5,281.74717759297437,Michael Jackson - Man In The Mirror,262.59907838150434,Bow Wow - Sunshine,186.07271783511,Michael Jackson - Man In The Mirror,182.22481460762842,Obie Trice - Hoodrats,175.90101385067086,Jeff Buckley - Be Your Husband,255.2082573197967,Bow Wow - Sunshine,244.76783266419827,Beck - Diskobox,240.04337517840474,Bow Wow - Sunshine,0.3700798839173146,Jeff Buckley - Be Your Husband,0.34707435311371937,Marques Houston - Naked,0.3373282491861591
TRFBNCQ128F9302AD9,SORWAEG12AB0181063,ARCGJ6U1187FB4D01F,Akon,Birthmark,r&b/soul,Lauryn Hill - Interlude 5,6947.0,Eminem - My Darling,6664.0,Marques Houston - Cancel (Album Version),6474.0,Fatboy Slim - Acid 8000,6199.00625,Marques Houston - Cancel (Album Version),6195.31875000002,Eminem - My Darling,6162.818750000028,Rooney - When Did Your Heart Go Missing?,520.8419994932834,Jamie Cullum - Where Is Your Heart At?,512.0024223197026,Eric Burdon - Heart Attack,500.9311229318956,Rooney - When Did Your Heart Go Missing?,0.6631079631531586,Jamie Cullum - Where Is Your Heart At?,0.6512464047732749,Eric Burdon - Heart Attack,0.6366280096464723,Lauryn Hill - Interlude 5,397.5830233429393,Murs - The Dance,306.17724740857693,Beastie Boys - B-Boy Bouillabaisse: A.W.O.L. (2009 Digital Remaster),275.5936142788453,Lauryn Hill - Interlude 5,186.5007416145331,The Pharcyde - Otha Fish,156.07568873619007,Kenny Lattimore - Forgiveness,154.2183466064477,Kenny Wayne Shepherd - Get It Together (Album Version),238.03246588502228,The Supremes - When The Lovelight Starts Shining Through His Eyes,229.75870127906714,Kenny Lattimore - Forgiveness,229.4381574108269,Kenny Lattimore - Forgiveness,0.3516271994398018,Kenny Wayne Shepherd - Get It Together (Album Version),0.3505844977847037,Jonny Lang - Breakin Me,0.33250295268418234
TRPZAPZ128F9341D3E,SOUFNEL12D021B2AEB,ARLMXEA1187B9A7D04,R. Kelly,Don't You Say No,r&b/soul,Lauryn Hill - Interlude 5,12606.0,Twista - I'm A Winner (Amended Album Version),10587.0,Erykah Badu - I Want You,10461.0,Lauryn Hill - Interlude 5,11702.559999999958,Erykah Badu - I Want You,10128.961250000162,Twista - I'm A Winner (Amended Album Version),9996.572500000038,Kelly Price - Don't Say Goodbye,601.8361679417934,Nat King Cole - If You Can't Smile And Say Yes,593.6520241013454,Bad Brains - Don't Bother Me (Bad Brains),590.2953402715948,Kelly Price - Don't Say Goodbye,0.7586327631720818,Nat King Cole - If You Can't Smile And Say Yes,0.7486364422954158,Bad Brains - Don't Bother Me (Bad Brains),0.7440107658085171,Lauryn Hill - Interlude 5,306.4194159885708,Beastie Boys - B-Boy Bouillabaisse: A.W.O.L. (2009 Digital Remaster),298.07740520844663,Ying Yang Twins - 1st Booty On Duty,288.6919830745656,Afroman - Let's All Get Drunk,190.5143657089818,Ying Yang Twins - 1st Booty On Duty,179.87216853400182,Bob Marley & The Wailers - Baby We've Got A Date (Rock It Baby),170.9870687378001,The Adicts - Disco,297.5434622100527,Mutya Buena - Not Your Baby,262.86902293850704,Bob Marley & The Wailers - Baby We've Got A Date (Rock It Baby),249.53447964275315,The Adicts - Disco,0.39235454994622193,Mutya Buena - Not Your Baby,0.3899236605412811,Marques Houston - Naked,0.36130196645651425
TRGHYGG12903CAC100,SORLWRB12D02199388,ARLMXEA1187B9A7D04,R. Kelly,Kickin' It With Your Girlfriend,r&b/soul,Lauryn Hill - Interlude 5,14094.0,Beastie Boys - B-Boy Bouillabaisse: A.W.O.L. (2009 Digital Remaster),11069.0,Twista - I'm A Winner (Amended Album Version),10183.0,Lauryn Hill - Interlude 5,13063.600000000128,Beastie Boys - B-Boy Bouillabaisse: A.W.O.L. (2009 Digital Remaster),10207.299999999996,Twista - I'm A Winner (Amended Album Version),9509.599999999851,Lloyd Cole - I Didn't Know That You Cared,644.3352465871194,King Tee - Guitar Playin',643.6529771135747,Blues Traveler - Hook,641.0116500701205,King Tee - Guitar Playin',0.8145099116925839,Lloyd Cole - I Didn't Know That You Cared,0.812616247476163,Blues Traveler - Hook,0.81056274154386,Lauryn Hill - Interlude 5,558.7945561456543,Beastie Boys - B-Boy Bouillabaisse: A.W.O.L. (2009 Digital Remaster),362.9961482926254,Eminem - 8 Mile,344.56945750772456,Lauryn Hill - Interlude 5,298.6964807109785,R. Kelly - I Mean (I Don't Mean It),219.52972312311863,Dean Martin - Kiss,205.97312789596472,Robert Palmer - I Didn't Mean To Turn You On,238.16388704897986,Dean Martin - Kiss,234.96597527109566,R. Kelly - I Mean (I Don't Mean It),233.06073055728038,R. Kelly - I Mean (I Don't Mean It),0.3814190543515247,Lauryn Hill - Interlude 5,0.3795657511279502,Dean Martin - Kiss,0.3615699065059031
TRNEYNN128F92C21F7,SOZEFCO12D02193313,ARLMXEA1187B9A7D04,R. Kelly,Rise Up,r&b/soul,Lauryn Hill - Interlude 5,10890.0,Twista - I'm A Winner (Amended Album Version),7320.0,Eminem - My Darling,6627.0,Lauryn Hill - Interlude 5,9971.84000000011,Twista - I'm A Winner (Amended Album Version),6719.952500000029,Eminem - My Darling,6065.001249999945,Flobots - Rise,507.1986644914074,Big Moe - S.U.C.,473.0703677565387,The Pharcyde - Hey You,471.6122517002626,Flobots - Rise,0.6433912692526554,Big Moe - S.U.C.,0.6102263991013114,Hollywood Undead - Undead,0.6080880249973781,Lauryn Hill - Interlude 5,373.7803359901276,The Simpsons - Do The Bartman,351.81601431440794,Flobots - Rise,351.4945713257898,Flobots - Rise,285.0259879625806,The Maine - You Left Me,213.95745700093443,The Simpsons - Do The Bartman,213.58652572061,Flobots - Rise,287.88762181339587,Dierks Bentley - You Hold Me Together,247.90302882968294,John Waite - Sometimes,234.85385205067658,Flobots - Rise,0.40904857264662137,Dierks Bentley - You Hold Me Together,0.36587520006317226,John Waite - Sometimes,0.3468124025513812
TRRSRXG128E07888AF,SOTFWWF12A67020F44,ARKSZW81187B9B695D,Mariah Carey,Joy Ride,r&b/soul,Lauryn Hill - Interlude 5,5978.0,Beastie Boys - B-Boy Bouillabaisse: A.W.O.L. (2009 Digital Remaster),3913.0,Erykah Badu - I Want You,3615.0,Lauryn Hill - Interlude 5,5297.200000000053,Erykah Badu - I Want You,3364.78750000003,Beastie Boys - B-Boy Bouillabaisse: A.W.O.L. (2009 Digital Remaster),3343.662499999957,Sean Kingston - Magical,499.24065437449735,Leo Sayer - We've Got Ourselves In Love ,457.65134032214513,Ima Robot - Lovers In Captivity,451.6346374035495,Sean Kingston - Magical,0.6387220652219261,Leo Sayer - We've Got Ourselves In Love ,0.5877012958842254,Ima Robot - Lovers In Captivity,0.5866690473739425,Beastie Boys - B-Boy Bouillabaisse: A.W.O.L. (2009 Digital Remaster),293.29429835599535,Lauryn Hill - Interlude 5,290.5273899399548,OutKast - Mainstream,251.98770689435858,Kristine W - Strings,188.26662413631516,Ledisi - Joy,186.79371070173627,Ashanti - Rock Wit U (Awww Baby),175.84382728705322,Ledisi - Joy,229.87880180576178,Kristine W - Strings,208.47182210101013,Bodyrockers - Round & Round,207.38820907368168,Ledisi - Joy,0.3288244131536544,Kristine W - Strings,0.318196944745482,Keith Sweat - Make You Sweat (LP Version),0.3051928277282074
TRONPIZ128F1454219,SOKLOOH12A6D4F6EED,ARKSZW81187B9B695D,Mariah Carey,Sprung,r&b/soul,Lauryn Hill - Interlude 5,7470.0,Twista - I'm A Winner (Amended Album Version),6233.0,Erykah Badu - I Want You,5537.0,Lauryn Hill - Interlude 5,6969.51999999996,Twista - I'm A Winner (Amended Album Version),5905.919999999924,Erykah Badu - I Want You,5353.060000000033,Hawthorne Heights - Rescue Me,608.6659606818439,Thalia - Alguien Real (Baby_ I'm In Love),586.6868995374015,Syleena Johnson - All Of Me,574.269853590077,Hawthorne Heights - Rescue Me,0.7695548776058522,Thalia - Alguien Real (Baby_ I'm In Love),0.7429012771406109,Amos Lee - Supply & Demand,0.7272235120130154,Big Brovaz - Find A Way,439.22495730563196,Fats Domino - I'm Ready,399.5421169610136,Twista - No Remorse (Album Version),398.10440575690996,Big Brovaz - Find A Way,374.95192593891494,Fats Domino - I'm Ready,372.84855783777834,Jill Scott - Brotha,327.4227790021204,Fats Domino - I'm Ready,468.2563281313561,Blink-182 - GO,418.387497591898,Chenoa - Why You Doing Like That,416.9088873559404,Fats Domino - I'm Ready,0.601758523742586,Blink-182 - GO,0.5440927610524087,Chenoa - Why You Doing Like That,0.5435719665128825
TRJKYAO128F427420D,SOSEWHU12A8AE484E5,ARKSZW81187B9B695D,Luther Vandross,Never Too Much,r&b/soul,Lauryn Hill - Interlude 5,5725.0,Beastie Boys - B-Boy Bouillabaisse: A.W.O.L. (2009 Digital Remaster),4898.0,Twista - I'm A Winner (Amended Album Version),4695.0,Lauryn Hill - Interlude 5,5171.16000000005,Beastie Boys - B-Boy Bouillabaisse: A.W.O.L. (2009 Digital Remaster),4434.836249999958,Twista - I'm A Winner (Amended Album Version),4333.04749999994,Nat King Cole - She's Funny That Way,562.5739501567966,Phyllis Hyman - Heavenly,525.0871163904595,Webb Pierce - I Ain't Never,521.2007859610889,Nat King Cole - She's Funny That Way,0.7143768184647186,Phyllis Hyman - Heavenly,0.670283038538176,Webb Pierce - I Ain't Never,0.6629547835554959,Beastie Boys - B-Boy Bouillabaisse: A.W.O.L. (2009 Digital Remaster),234.68481097526322,Lauryn Hill - Interlude 5,230.02910017399276,Eminem - 8 Mile,202.97692938363642,Eternal - Oh Baby I,131.24136163589375,Michelle Williams - Stop This Car,129.303705810831,Hayseed Dixie - Touch Too Much,125.45738670603684,The Selecter - Too Much Pressure,258.71509143586195,Eternal - Oh Baby I,239.91661351806962,Nat King Cole - She's Funny That Way,235.57138088988242,The Selecter - Too Much Pressure,0.35984513512950134,Eternal - Oh Baby I,0.3567342123804202,Nat King Cole - She's Funny That Way,0.34473907904164586
TRYGRKO128F9343244,SOMBFBA12A8C13D236,ARLMXEA1187B9A7D04,R. Kelly,Chocolate Factory,r&b/soul,Lauryn Hill - Interlude 5,3809.0,Beastie Boys - B-Boy Bouillabaisse: A.W.O.L. (2009 Digital Remaster),3532.0,Eminem - My Darling,2817.0,Lauryn Hill - Interlude 5,3282.759999999972,Beastie Boys - B-Boy Bouillabaisse: A.W.O.L. (2009 Digital Remaster),3091.9175000000214,Eminem - My Darling,2494.8925000000063,Clifford T Ward - A Day To Myself,496.36682299269256,Clannad - Second Nature,471.2117852012342,Joan Baez - The Lily Of The West,463.5181655262476,Clifford T Ward - A Day To Myself,0.6412161312134071,Clannad - Second Nature,0.6090663306209653,Toby Keith - Sweet,0.6026763524231216,Prince - I Love U In Me ( LP Version),403.37035763078444,N-Dubz - Feva Las Vegas,329.4854651611471,Lauryn Hill - Interlude 5,300.9584320893575,Prince - I Love U In Me ( LP Version),268.8933133134074,Prince - Jack U Off (LP Version),241.3528713057851,N-Dubz - Feva Las Vegas,219.83999481733161,Prince - Jack U Off (LP Version),332.7256377952436,Long Beach Dub Allstars - It Ain't Easy,289.1488385966316,Jewel - Leave The Lights On (Album Version),281.9862515021794,Prince - Jack U Off (LP Version),0.4511467832348627,Long Beach Dub Allstars - It Ain't Easy,0.4018349891278673,Pulp - Space,0.386229220973003
TROIJDA128F9341E70,SOCUXGX12A8C13B78C,ARLMXEA1187B9A7D04,R. Kelly,I Mean (I Don't Mean It),r&b/soul,Erykah Badu - I Want You,15433.0,Lauryn Hill - Interlude 5,15352.0,Twista - I'm A Winner (Amended Album Version),14738.0,Erykah Badu - I Want You,15011.696249999915,Lauryn Hill - Interlude 5,14205.679999999957,Twista - I'm A Winner (Amended Album Version),13988.842499999686,Millencolin - Random I Am (Album Version),648.8809318263217,G-Unit - I Don't Want To Talk About It,641.0599296778101,Macy Gray - Shoo Be Doo,637.5100222034786,Millencolin - Random I Am (Album Version),0.8159029279039322,G-Unit - I Don't Want To Talk About It,0.8070928945766809,Macy Gray - Shoo Be Doo,0.8027817649452463,Lauryn Hill - Interlude 5,500.7263201223468,Beastie Boys - B-Boy Bouillabaisse: A.W.O.L. (2009 Digital Remaster),411.46451208290955,The Isley Brothers - Touch Me,363.76181342696214,R. Kelly - Kickin' It With Your Girlfriend,219.52972312311863,Lauryn Hill - Interlude 5,219.07855601024588,The Isley Brothers - Touch Me,205.24790037779022,Robert Palmer - I Didn't Mean To Turn You On,292.4680496589003,Maxi Priest - Are You Ready For Me,249.99953543383063,Sharon Jones & The Dap-Kings - Tell Me,247.5832676598541,Robert Palmer - I Didn't Mean To Turn You On,0.41028684912976165,R. Kelly - Kickin' It With Your Girlfriend,0.3814190543515247,Jon B. - Do It All Again,0.38017233235622944
TRXTJGV12903CAC0F8,SOJYYAN12A58A790B1,ARLMXEA1187B9A7D04,R. Kelly,In The Kitchen,r&b/soul,Lauryn Hill - Interlude 5,6246.0,Twista - I'm A Winner (Amended Album Version),5069.0,Beastie Boys - B-Boy Bouillabaisse: A.W.O.L. (2009 Digital Remaster),4548.0,Lauryn Hill - Interlude 5,5719.759999999971,Twista - I'm A Winner (Amended Album Version),4725.084999999949,Beastie Boys - B-Boy Bouillabaisse: A.W.O.L. (2009 Digital Remaster),4107.9175000000105,Honeycut - Crowded Avenue,560.3854783847845,Grandmaster Flash - Them Jeans,530.0068697673511,Scooter - Time And Space,529.2520777931288,Honeycut - Crowded Avenue,0.7127793183019134,Grandmaster Flash - Them Jeans,0.6798007357955193,Scooter - Time And Space,0.676231874450324,Twista - Overdose (Album Version),262.8975529492862,Beastie Boys - B-Boy Bouillabaisse: A.W.O.L. (2009 Digital Remaster),245.1890857657241,Lauryn Hill - Interlude 5,228.3585673299901,Twista - Overdose (Album Version),155.49024717322263,Black Eyed Peas - Sexy,147.6246385572615,DMX - Keep Your Shit The Hardest,142.79620548879134,Black Eyed Peas - Sexy,245.23534061254992,Ohio Players - It's All Over,238.14573612754495,John Fogerty - Rock And Roll Girls,225.73837258688002,Black Eyed Peas - Sexy,0.3650841423926582,Ohio Players - It's All Over,0.3392506144532915,John Fogerty - Rock And Roll Girls,0.3242510068745288
TRTWRQD12903CA9E3B,SOCDGAR12AB018CE44,AR52EZT1187B9900BF,Alicia Keys,Distance And Time,r&b/soul,Lauryn Hill - Interlude 5,7585.0,Twista - I'm A Winner (Amended Album Version),6058.0,Erykah Badu - I Want You,5574.0,Lauryn Hill - Interlude 5,7027.479999999968,Twista - I'm A Winner (Amended Album Version),5693.642499999919,Erykah Badu - I Want You,5369.0962500000405,Beverley Craven - Promise Me,599.2221079932086,Burden Of A Day - My Forfeit,597.3026595355681,Hello Saferide - Get Sick Soon,588.7598360059633,Beverley Craven - Promise Me,0.7570662057946991,Burden Of A Day - My Forfeit,0.7529463437055041,Hello Saferide - Get Sick Soon,0.7442999089215008,Eminem - 8 Mile,221.79335720548386,Lauryn Hill - Interlude 5,214.84260961132426,Beastie Boys - B-Boy Bouillabaisse: A.W.O.L. (2009 Digital Remaster),180.94619005368807,Eternal - Oh Baby I,130.40637998312224,Curve - Coming Up Roses,125.59313900090213,Enrique Iglesias - Miss You,112.08847152045898,Alphaville - 20th Century,231.34587011650603,Eternal - Oh Baby I,228.91602638151306,Curve - Coming Up Roses,221.4986777709254,Eternal - Oh Baby I,0.3359006378188236,Burt Bacharach - The Look Of Love,0.3346781688653846,Alphaville - 20th Century,0.3304828551159951
TRWPMRK12903CCDA98,SOWGUXF12AB0185700,AR52EZT1187B9900BF,Alicia Keys,Lover Man,r&b/soul,Lauryn Hill - Interlude 5,3217.0,Beastie Boys - B-Boy Bouillabaisse: A.W.O.L. (2009 Digital Remaster),2711.0,Michael Jackson - Man In The Mirror,2666.0,Lauryn Hill - Interlude 5,2814.039999999992,Beastie Boys - B-Boy Bouillabaisse: A.W.O.L. (2009 Digital Remaster),2374.013749999987,Michael Jackson - Man In The Mirror,2320.527499999984,Diana King - Can't Do Without You,481.4014084176168,Cree Summer - Miss Moon,457.53051539816977,Atmosphere - Hair,456.8013102090084,Diana King - Can't Do Without You,0.6243711147554825,Atmosphere - Hair,0.6008355745387922,The Jazz Butcher - She's On Drugs,0.5942881807609091,Lauryn Hill - Interlude 5,244.7344805719861,Beastie Boys - B-Boy Bouillabaisse: A.W.O.L. (2009 Digital Remaster),223.55577664649053,Savatage - The Hourglass,219.91657618652317,Michael Jackson - Man In The Mirror,140.34999590547662,Esmée Denters - Getting Over You,126.4534610401444,Talib Kweli - Eat To Live (Album Version),124.30755389425559,Bo Diddley - You Can't Judge A Book By It's Cover,256.09358524238786,Kurt Elling - Moonlight Serenade,223.87005288853317,Ray Charles - I Got a Woman,219.99502163495453,Bo Diddley - You Can't Judge A Book By It's Cover,0.3566044101910356,Kurt Elling - Moonlight Serenade,0.34127428450347663,Ray Charles - I Got a Woman,0.32585379652674473
TRMTTBA128F429A7EC,SOSYUFF12A8C13C104,AR52EZT1187B9900BF,Alicia Keys,Nobody Not Really (Interlude),r&b/soul,Beastie Boys - B-Boy Bouillabaisse: A.W.O.L. (2009 Digital Remaster),1334.0,Eminem - 8 Mile,1294.0,Nelly - Splurge,1197.0,Beastie Boys - B-Boy Bouillabaisse: A.W.O.L. (2009 Digital Remaster),1193.973749999985,Eminem - 8 Mile,1188.3262499999732,Nelly - Splurge,1113.621249999987,Charley Patton - Down The Dirt Road Blues,505.0213494606149,Raine Maida - Confessional,496.65792327162,The Distillers - I Understand,492.7265345813334,Charley Patton - Down The Dirt Road Blues,0.6474070486194551,Raine Maida - Confessional,0.6363525156940442,Z-RO - Pain,0.6339575874126033,Lauryn Hill - Interlude 5,123.95858571012671,Eminem - If I Had,103.59041313123252,Nelly - Splurge,102.41435990082972,Blind Willie McTell - Come On Around To My House Mama,76.28033756420294,John Legend - Everybody Knows,71.33545355052749,Lou Reed - So Alone,71.1898764764398,Eels - Jeannie's Diary,279.3278823694423,Irma Thomas - Anyone Who Knows What Love Is (Will Understand),257.9011527655227,Roxy Music - A Really Good Time (1999 Digital Remaster),245.75745574929476,Eels - Jeannie's Diary,0.3806325400023502,Roxy Music - A Really Good Time (1999 Digital Remaster),0.35230188194484313,Irma Thomas - Anyone Who Knows What Love Is (Will Understand),0.34868303902965203
TRWCVWH128F4284EE5,SOIYWLQ12AF729E318,AR52EZT1187B9900BF,Alicia Keys,Piano & I,r&b/soul,Lauryn Hill - Interlude 5,2512.0,Erykah Badu - I Want You,1823.0,Twista - I'm A Winner (Amended Album Version),1817.0,Lauryn Hill - Interlude 5,2300.4,Erykah Badu - I Want You,1745.2312499999982,Twista - I'm A Winner (Amended Album Version),1678.7125000000108,Frankie J - Without You,560.3400634112647,Permanent Me - Heartattack,548.9712334245331,Big Star - I Am The Cosmos,545.8756541701234,Frankie J - Without You,0.7143777594370054,Permanent Me - Heartattack,0.7003016797456236,Binary Star - Honest Expression,0.6938942827239063,Lauryn Hill - Interlude 5,175.6638236803296,KMD - Plumskinzz (Loose Hoe_ God & Cupid),172.26309915696,Onyx - Slam,169.4720424126083,Onyx - Slam,131.27782743272536,Onyx - Slam Harder,131.27782743272536,KMD - Plumskinzz (Loose Hoe_ God & Cupid),128.50424784970463,Korn - Lowrider,292.20871416688846,Grand Puba - Alamo,263.39593044898385,Le Tigre - Fake French,263.3560686899089,Korn - Lowrider,0.3789991092870976,KMD - Plumskinzz (Loose Hoe_ God & Cupid),0.36883124766022013,Frankie J - Without You,0.3653888920650079
TRQQLZD128F425E9BC,SOYSABZ12A58A7CAE3,AR52EZT1187B9900BF,Alicia Keys,Tell You Something (Nana's Reprise),r&b/soul,R. Kelly - I Mean (I Don't Mean It),10886.0,Lauryn Hill - Interlude 5,10599.0,Twista - I'm A Winner (Amended Album Version),10137.0,R. Kelly - I Mean (I Don't Mean It),10438.997500000089,Erykah Badu - I Want You,9596.83249999986,Lauryn Hill - Interlude 5,9542.840000000046,Joe Bonamassa - Ball Peen Hammer,600.6388525466814,Kristin Hersh - Tuesday Night,597.9616286884851,Toni Braxton - Love Affair,574.6241968253597,Joe Bonamassa - Ball Peen Hammer,0.7577329900309941,Kristin Hersh - Tuesday Night,0.7529684585909909,Toni Braxton - Love Affair,0.728642464567285,Lauryn Hill - Interlude 5,423.35565703812625,Anastacia - Club Megamix,359.40989239653214,Beastie Boys - B-Boy Bouillabaisse: A.W.O.L. (2009 Digital Remaster),312.7498767959153,Anastacia - Club Megamix,243.9437944935337,Kanye West - Can't Tell Me Nothing,214.7559395364576,Kandi - I Wanna Know,199.28977146110802,Chromeo - Destination: Overdrive,263.95869752871675,Vetiver - Everyday,251.14932336993252,Blink-182 - Adam's Song,240.55024056388189,Anastacia - Club Megamix,0.37710131543606995,Chromeo - Destination: Overdrive,0.3676648493977631,Vetiver - Everyday,0.3623387056228359
TREAJBV12903CCDA96,SOVRMZU12AB017FE90,AR52EZT1187B9900BF,Alicia Keys,Try Sleeping With A Broken Heart,r&b/soul,Lauryn Hill - Interlude 5,6576.0,Twista - I'm A Winner (Amended Album Version),6558.0,Danity Kane - Hold Me Down (Album Version),5179.0,Twista - I'm A Winner (Amended Album Version),6205.667499999923,Lauryn Hill - Interlude 5,6036.879999999955,Danity Kane - Hold Me Down (Album Version),4929.217499999942,Barry White - Never Gonna Give You Up,588.8819858834017,Erin McKeown - Fast As I Can,582.6760369560977,Liz Phair - Go On Ahead,578.4037636112259,Barry White - Never Gonna Give You Up,0.7471438392071987,Erin McKeown - Fast As I Can,0.7386625116069997,Liz Phair - Go On Ahead,0.7337378235957301,Lauryn Hill - Interlude 5,220.29714730429373,Eminem - My Darling,211.27397498499352,Dar Williams - Mortal City,197.9127996865906,Erin McKeown - Fast As I Can,147.5669126423183,Kenny Lattimore - Forgiveness,119.92195023806437,Status Quo - Going Down Town Tonight,119.3165558605019,Erin McKeown - Fast As I Can,311.2576130831337,Bob Marley - Soul Shakedown,238.93548795775726,Doris Day - (Why Did I Tell You I Was Going To) Shanghai,231.80861645873853,Erin McKeown - Fast As I Can,0.4293132451190699,Kenny Lattimore - Forgiveness,0.33566782559352193,Ashton Shepherd - Lost In You,0.33534470393367416
TRDFWVZ128F4284EF0,SODFKEG12AF72A4E66,AR52EZT1187B9900BF,Alicia Keys,Why Do I Feel So Sad,r&b/soul,Lauryn Hill - Interlude 5,4790.0,Beastie Boys - B-Boy Bouillabaisse: A.W.O.L. (2009 Digital Remaster),3914.0,R. Kelly - I Mean (I Don't Mean It),3563.0,Lauryn Hill - Interlude 5,4302.400000000009,Beastie Boys - B-Boy Bouillabaisse: A.W.O.L. (2009 Digital Remaster),3506.2312500000407,Erykah Badu - I Want You,3379.793750000036,Brian McKnight - Try Our Love Again,503.87341646277935,Classified - Freezin In The Cold,501.53662419451615,Todd Rundgren - Lost Horizon,498.5481843942624,Brian McKnight - Try Our Love Again,0.6445239751840335,Classified - Freezin In The Cold,0.6420790364874662,Todd Rundgren - Lost Horizon,0.6381369851541883,Lauryn Hill - Interlude 5,265.2915059987736,Eminem - 8 Mile,220.84626573578137,Natalie Cole - I'm Catching Hell (Living Here Alone) (Digitally Remastered 02),187.82277193517365,Lauryn Hill - Interlude 5,136.32772150945303,Cibelle - Hate,135.29075330502042,Natalie Cole - I'm Catching Hell (Living Here Alone) (Digitally Remastered 02),133.25475355418024,Cibelle - Hate,250.85985320436512,Good Old War - Tell Me (Acoustic),241.25914045373264,The Ataris - You Need A Hug,237.8542904336902,Good Old War - Tell Me (Acoustic),0.3527544304035391,Cibelle - Hate,0.3446396153680151,The Ataris - You Need A Hug,0.33745003132817875
TRFRUCJ128F4284EF2,SOKILIB12D021B411C,AR52EZT1187B9900BF,Alicia Keys,Lovin U,r&b/soul,Lauryn Hill - Interlude 5,5212.0,Twista - I'm A Winner (Amended Album Version),4441.0,Erykah Badu - I Want You,3631.0,Lauryn Hill - Interlude 5,4873.439999999981,Twista - I'm A Winner (Amended Album Version),4219.740000000001,Erykah Badu - I Want You,3506.5700000000147,Keziah Jones - Rhythm Is Love,574.351533554701,Commodores - Easy,558.1461184419576,The Charlatans - Dead Love,557.8961312458931,Keziah Jones - Rhythm Is Love,0.7254014990236552,Commodores - Easy,0.705784941127987,The Charlatans - Dead Love,0.7042652437384412,Commodores - Easy,133.52164498261845,Lauryn Hill - Interlude 5,130.06208471462477,Aretha Franklin - A Deeper Love,125.36776713074076,Commodores - Easy,112.02270762025906,Aretha Franklin - A Deeper Love,108.33557184728552,Boyz II Men - Easy,107.28770955783065,Boyz II Men - Easy,328.5753332918174,RJD2 - Work It Out,315.1389848214507,Harry Connick_ Jr. - Easy To Love,295.72243520409984,Boyz II Men - Easy,0.43413465345933117,RJD2 - Work It Out,0.4064197861879609,Harry Connick_ Jr. - Easy To Love,0.3920374063285143
TRXONIT128F9355F39,SOMSIJG12AF72AD5CE,ARQFENL121318C58A6,Jeremih,My Ride,r&b/soul,Beastie Boys - B-Boy Bouillabaisse: A.W.O.L. (2009 Digital Remaster),9603.0,Lauryn Hill - Interlude 5,8911.0,The Roots - Mellow My Man,8571.0,Beastie Boys - B-Boy Bouillabaisse: A.W.O.L. (2009 Digital Remaster),8784.385000000066,The Roots - Mellow My Man,8134.095000000045,Britney Spears - Radar,8063.105000000087,2Pac - Strictly 4 My N.I.G.G.A.Z.,587.2989387019113,Anita Baker - In My Heart,582.2128230787733,Kottonmouth Kings - Bump,560.1481716972012,2Pac - Strictly 4 My N.I.G.G.A.Z.,0.7439650839750799,Anita Baker - In My Heart,0.7329966718162472,Kottonmouth Kings - Bump,0.71157910341231,Beastie Boys - B-Boy Bouillabaisse: A.W.O.L. (2009 Digital Remaster),472.2573754395757,Kurupt - Who Ride Wit Us,376.24288140034247,Twista - No Remorse (Album Version),338.21693781388194,Kurupt - Who Ride Wit Us,310.9079358162044,Beastie Boys - B-Boy Bouillabaisse: A.W.O.L. (2009 Digital Remaster),242.74820231840874,Jay-Z - So Ghetto,218.47073346442178,Kurupt - Who Ride Wit Us,336.9438236446582,Ruben Studdard - To Da Crib,265.88192088788554,Rose Royce - Is It Love You're After,236.01239270129759,Kurupt - Who Ride Wit Us,0.46715499386747866,Ruben Studdard - To Da Crib,0.3936849326971028,Michelle Williams - Stop This Car,0.3673304984583729
TRURHNH128F9355F33,SONEKBK12AB017C335,ARQFENL121318C58A6,Jeremih,Starting All Over,r&b/soul,Lauryn Hill - Interlude 5,4309.0,Eminem - 8 Mile,3490.0,Beastie Boys - B-Boy Bouillabaisse: A.W.O.L. (2009 Digital Remaster),3463.0,Lauryn Hill - Interlude 5,3797.480000000021,Eminem - 8 Mile,3167.1725000000474,Beastie Boys - B-Boy Bouillabaisse: A.W.O.L. (2009 Digital Remaster),3035.227499999999,Eminem - 8 Mile,501.75346135155166,Ashley MacIsaac - I Don't Need This,474.1136242093804,Blues Traveler - Hook,470.8387977493844,Eminem - 8 Mile,0.6495884013992241,Ashley MacIsaac - I Don't Need This,0.611775290321498,Blues Traveler - Hook,0.6103125256089723,Lauryn Hill - Interlude 5,344.36502975673983,KMD - Plumskinzz (Loose Hoe_ God & Cupid),297.9443199207326,Onyx - Slam,279.4620077077541,KMD - Plumskinzz (Loose Hoe_ God & Cupid),206.07351690597653,Onyx - Slam Harder,199.27404353835914,Onyx - Slam,199.27404353835914,Shania Twain - I'm Not In The Mood (To Say No)!,260.06374583490975,Grand Puba - Alamo,256.43874072680757,Pat Travers - I La La La Love You,248.87455532458017,Shania Twain - I'm Not In The Mood (To Say No)!,0.3659891186315041,KMD - Plumskinzz (Loose Hoe_ God & Cupid),0.3574568943792732,Afroman - Life of Tha Party,0.3551622039684088
TRBVOUE128F92F4B3E,SOLYDSR12D021902F1,ARIL5841187FB5C061,Duffy,Oh Boy,r&b/soul,Beastie Boys - B-Boy Bouillabaisse: A.W.O.L. (2009 Digital Remaster),2633.0,Lauryn Hill - Interlude 5,2569.0,Twista - I'm A Winner (Amended Album Version),2391.0,Beastie Boys - B-Boy Bouillabaisse: A.W.O.L. (2009 Digital Remaster),2405.265000000023,Lauryn Hill - Interlude 5,2296.680000000013,Twista - I'm A Winner (Amended Album Version),2213.029999999957,Ledisi - Best Friend,557.0562795330044,Hank Thompson - Drivin' Nails In My Coffin,510.0314811910079,Canned Heat - Dust My Broom,509.2990869999164,Ledisi - Best Friend,0.7071243832816302,Canned Heat - Dust My Broom,0.6477884457189971,Elmore James - Dust My Broom,0.6477884457189971,Lauryn Hill - Interlude 5,180.06660045760947,Beastie Boys - B-Boy Bouillabaisse: A.W.O.L. (2009 Digital Remaster),152.97581986562219,Aceyalone - Mr. Outsider,146.61789299710617,Lisa Loeb - Jake,104.93718326780356,Judy Collins - Cat's In The Cradle,104.50297692586895,Suzi Quatro - Mama's Boy,99.67270730944986,Iggy Pop - Home,243.90419365741695,Lisa Loeb - Jake,239.37546396290898,Extreme - Li'l Jack Horny,228.67440169638027,Lisa Loeb - Jake,0.34321169164313536,Iggy Pop - Home,0.3403620546821755,Extreme - Li'l Jack Horny,0.31712666746700074
TRTAKII128F92E4449,SOKHIOI12A8C141E73,AR9B7FG1187B9A5C96,Jay Sean,Maybe,r&b/soul,Lauryn Hill - Interlude 5,6853.0,Twista - I'm A Winner (Amended Album Version),5753.0,Beastie Boys - B-Boy Bouillabaisse: A.W.O.L. (2009 Digital Remaster),5463.0,Lauryn Hill - Interlude 5,6289.959999999936,Twista - I'm A Winner (Amended Album Version),5385.034999999917,Beastie Boys - B-Boy Bouillabaisse: A.W.O.L. (2009 Digital Remaster),4992.142499999937,Beastie Boys - So What'Cha Want (Butt Naked Version) (Explicit) (2009 Digital Remaster),568.0171635470399,Tony Sly - On the Outside,563.1543470250664,Billie Holiday - Guilty,562.371977065047,Beastie Boys - So What'Cha Want (Butt Naked Version) (Explicit) (2009 Digital Remaster),0.7227825087115289,Tony Sly - On the Outside,0.7184094559523317,Anastacia - Club Megamix,0.716773835196622,Beastie Boys - B-Boy Bouillabaisse: A.W.O.L. (2009 Digital Remaster),261.3311573274023,Lauryn Hill - Interlude 5,242.29758877133133,K-OS - FlyPaper,226.35085930374544,K-OS - FlyPaper,147.98085795602458,Keith Sweat - Caught Up,146.42611570771982,Samantha Mumba - Feelin Is Right,139.04709325902502,Rebelution - Safe and Sound,207.54669760722024,Poverty's no Crime - Left to chance,203.82036792131197,Billie Holiday - Guilty,192.71787584303993,Rebelution - Safe and Sound,0.3101815648363682,K-OS - FlyPaper,0.2997822604024766,Michael Penn - Evenfall,0.2922305359939758
TRSHMDQ128F422C1D6,SOZBCSN12A8AE46F93,AR9B7FG1187B9A5C96,Jay Sean,Stuck In the Middle,r&b/soul,Lauryn Hill - Interlude 5,12543.0,Twista - I'm A Winner (Amended Album Version),9064.0,Beastie Boys - B-Boy Bouillabaisse: A.W.O.L. (2009 Digital Remaster),7895.0,Lauryn Hill - Interlude 5,11689.24000000008,Twista - I'm A Winner (Amended Album Version),8506.04000000004,Beastie Boys - B-Boy Bouillabaisse: A.W.O.L. (2009 Digital Remaster),7181.0199999998895,Kevon Edmonds - Never Love You,627.7940843716085,Lauryn Hill - Interlude 5,615.4581041393614,Alice Smith - Dream,596.6883195884461,Kevon Edmonds - Never Love You,0.7918194852832479,Lauryn Hill - Interlude 5,0.7813905814818588,Blood_ Sweat & Tears - So Much Love/Underture,0.7586963367206558,Lauryn Hill - Interlude 5,400.5723634903156,Beastie Boys - B-Boy Bouillabaisse: A.W.O.L. (2009 Digital Remaster),399.53169287253183,Eminem - 8 Mile,341.3215980136411,Lauryn Hill - Interlude 5,185.7123321133901,Beastie Boys - B-Boy Bouillabaisse: A.W.O.L. (2009 Digital Remaster),180.53292760706398,Omarion - I'm Gon' Change,176.85084819893433,Saint Etienne - Stop & Think It Over,252.49341474108726,David Ball - Loser Friendly,247.34309173432572,Sammie - I Like It (Remix),228.12646530667683,Saint Etienne - Stop & Think It Over,0.3695105278815795,David Ball - Loser Friendly,0.36671324187884763,Sammie - I Like It (Remix),0.35185086605363447
TRENMSO128F42AF485,SOUXXLG12A8C13EB34,AR8DTD41187FB51ED9,Fantasia,Bump What Your Friends Say,r&b/soul,Lauryn Hill - Interlude 5,6506.0,Twista - I'm A Winner (Amended Album Version),5421.0,Eminem - My Darling,4687.0,Lauryn Hill - Interlude 5,5994.480000000019,Twista - I'm A Winner (Amended Album Version),5086.704999999998,Eminem - My Darling,4373.902500000005,KeKe Wyatt - If Only You Knew,632.7519981939466,Samantha Mumba - Never Meant To Be,631.6715529626505,Eminem - My Darling,628.150555751198,KeKe Wyatt - If Only You Knew,0.8008762357886852,Samantha Mumba - Never Meant To Be,0.7985221585138622,Eminem - My Darling,0.7966009691032254,Lauryn Hill - Interlude 5,284.85491632430933,Beastie Boys - B-Boy Bouillabaisse: A.W.O.L. (2009 Digital Remaster),261.3754754637549,Eminem - My Darling,245.79634135830688,Eminem - My Darling,135.43479003979846,Kurupt - Ho's A Housewife,130.81810050347576,Bette Midler - Friends/Oh My My (LIve),129.14419347133673,Samantha Mumba - Never Meant To Be,230.9869556245348,Backstreet Boys - Don't Want You Back,224.82178498005314,Gretchen Wilson - One Of The Boys,219.53535885736017,Samantha Mumba - Never Meant To Be,0.34362572934121516,Bette Midler - Friends/Oh My My (LIve),0.3370640538938301,Backstreet Boys - Don't Want You Back,0.33499008904590066
TRTSASI12903CC26E8,SOUSVDG12AB018B099,AR20CFC1187B98A25D,Ray Charles,Smack Dab In The Middle,r&b/soul,Lauryn Hill - Interlude 5,2713.0,Beastie Boys - B-Boy Bouillabaisse: A.W.O.L. (2009 Digital Remaster),2404.0,Twista - I'm A Winner (Amended Album Version),1728.0,Lauryn Hill - Interlude 5,2431.4800000000064,Beastie Boys - B-Boy Bouillabaisse: A.W.O.L. (2009 Digital Remaster),2168.5712499999863,The Pharcyde - Otha Fish,1568.6937500000377,Johnny Cash - Man In White,516.2838731077419,RKL - Heavily Sedated,498.6980171741616,DJ Quik - Safe + Sound,498.1094575786946,Johnny Cash - Man In White,0.6620915663576615,DJ Quik - Safe + Sound,0.6414018459548891,RKL - Heavily Sedated,0.6401788058649073,Beastie Boys - B-Boy Bouillabaisse: A.W.O.L. (2009 Digital Remaster),191.0755890727922,Lauryn Hill - Interlude 5,167.88169343180377,T-Bone - Throw Ya Handz Up,159.41118256334101,T-Bone - Throw Ya Handz Up,113.48919541514934,Fergie - Get Your Hands Up,106.46457799834697,Pat Travers - Is This Love,100.95014098057844,Pat Travers - Is This Love,226.60160772447026,Ike & Tina Turner - Rock Me Baby,225.5933520356069,T. Rex - 20th Century Boy,222.15595541943432,Pat Travers - Is This Love,0.3159483169485602,Ike & Tina Turner - Rock Me Baby,0.3083068117381085,T. Rex - 20th Century Boy,0.30748071404327393
TRNZNSR128F429F04B,SOIFMOR12A8C13C0CD,AR20CFC1187B98A25D,Ray Charles,Don't You Know,r&b/soul,Lauryn Hill - Interlude 5,3485.0,Twista - I'm A Winner (Amended Album Version),3029.0,Vanilla Ice - It's A Party,2829.0,Lauryn Hill - Interlude 5,3117.000000000013,Twista - I'm A Winner (Amended Album Version),2788.5000000000314,Vanilla Ice - It's A Party,2660.5000000000337,Marques Houston - Naked,532.435537681322,Usher - Love Was Here,522.3921300620788,K-Ci & JoJo - Baby Come Back,508.52860806352834,Marques Houston - Naked,0.6809337442010978,Usher - Love Was Here,0.667025812177734,K-Ci & JoJo - Baby Come Back,0.6464082644947164,Beastie Boys - B-Boy Bouillabaisse: A.W.O.L. (2009 Digital Remaster),175.57530984190328,Snoop Dogg - Snoopafella (Edited),161.83312301908305,Lauryn Hill - Interlude 5,160.41610787393648,Sugarland - Baby Girl,100.03900550715775,Usher - Love Was Here,98.26532343879767,Atmosphere - Breathing,96.68079785740893,Gregory Isaac - Soon Forward,330.18317816435416,Ray Charles - Kiss me baby,270.2417621030085,Ike & Tina Turner - Rock Me Baby,240.32517710274192,Gregory Isaac - Soon Forward,0.43964818750929513,Ray Charles - Kiss me baby,0.3704057058398399,The Temptations - Ain't Too Proud To Beg,0.3288506456725137
TRWFFHM128F92F99C4,SOJVLDB12AB017ACC4,ARZCS0M1187FB52EAB,Chrisette Michele,All I Ever Think About,r&b/soul,Lauryn Hill - Interlude 5,11542.0,Twista - I'm A Winner (Amended Album Version),9801.0,Erykah Badu - I Want You,8584.0,Lauryn Hill - Interlude 5,10701.119999999864,Twista - I'm A Winner (Amended Album Version),9251.457500000051,Erykah Badu - I Want You,8274.953749999826,Clawfinger - Revenge,645.7734883636485,Less Than Jake - I Think I Love You,629.3940045678927,Anastacia - Club Megamix,622.6097082237555,Clawfinger - Revenge,0.8142825507596168,Less Than Jake - I Think I Love You,0.7932896443459375,Anastacia - Club Megamix,0.7887256894352089,Lauryn Hill - Interlude 5,364.4309352430656,Binary Star - Honest Expression,304.9952529575443,Nelly - Splurge,287.3879026933967,Nelly - Splurge,186.509584198467,Usher - Nice & Slow,181.1131819652982,Anastacia - Club Megamix,163.50269163799535,Usher - Nice & Slow,247.7225408690887,Stevie Wonder - If You Really Love Me,223.4541925019827,Descendents - Talking,217.24129850891626,Usher - Nice & Slow,0.37980143836002334,N-Dubz - Sex,0.3435082518912881,Shai - Waiting For The Day,0.33743480533446896
TRDIOJU128F931BF15,SOPGSCU12D0219384E,ARRZUPG11F43A69EF7,Jackson 5,(You Were Made) Especially For Me,r&b/soul,Lauryn Hill - Interlude 5,4829.0,Twista - I'm A Winner (Amended Album Version),4158.0,Danity Kane - Hold Me Down (Album Version),4154.0,Lauryn Hill - Interlude 5,4422.359999999995,Danity Kane - Hold Me Down (Album Version),3965.597499999977,Twista - I'm A Winner (Amended Album Version),3892.247500000025,Mutya Buena - Not Your Baby,566.9812272704078,Bad Brains - Don't Bother Me (Bad Brains),553.0176248503649,Keith Sweat - Give Me What I Want (LP Version),549.1443489489591,Mutya Buena - Not Your Baby,0.7181279436425172,Bad Brains - Don't Bother Me (Bad Brains),0.6992731139591825,Keith Sweat - Give Me What I Want (LP Version),0.6950701136452101,The Puppini Sisters - Don't Sit Under The Apple Tree,201.39091191071603,Newton Faulkner - Dream Catch Me,196.11975682789074,Eminem - My Darling,180.2670486935197,The Puppini Sisters - Don't Sit Under The Apple Tree,185.43212234709623,Newton Faulkner - Dream Catch Me,176.70306438950078,Danity Kane - Hold Me Down (Album Version),136.23687262629966,Irma Thomas - Anyone Who Knows What Love Is (Will Understand),327.0006206778922,The Puppini Sisters - Don't Sit Under The Apple Tree,320.77468272955986,Newton Faulkner - Dream Catch Me,305.7289065775763,Irma Thomas - Anyone Who Knows What Love Is (Will Understand),0.4281212897783685,The Puppini Sisters - Don't Sit Under The Apple Tree,0.4209489384911443,Newton Faulkner - Dream Catch Me,0.4067086093589066
TRGYQBU128F9342C87,SONQNNF12D021B4C46,ARRZUPG11F43A69EF7,Jackson 5,I Was Made To Love Her,r&b/soul,Lauryn Hill - Interlude 5,4024.0,Beastie Boys - B-Boy Bouillabaisse: A.W.O.L. (2009 Digital Remaster),3548.0,Eminem - 8 Mile,3165.0,Lauryn Hill - Interlude 5,3600.8,Beastie Boys - B-Boy Bouillabaisse: A.W.O.L. (2009 Digital Remaster),3194.087499999981,Eminem - 8 Mile,2897.912499999992,Con Funk Shun - Electric Lady,537.4056767057401,Doyle Bramhall - Cryin',532.5517635370979,The Knack - Heartbeat,515.0723976242587,Con Funk Shun - Electric Lady,0.6857146191861955,Doyle Bramhall - Cryin',0.676659820504948,The Knack - Heartbeat,0.6536816666540793,Lauryn Hill - Interlude 5,264.89032443208595,Beastie Boys - B-Boy Bouillabaisse: A.W.O.L. (2009 Digital Remaster),194.81095633296027,Hayseed Dixie - Black Dog,181.34135382552188,Hayseed Dixie - Black Dog,147.2155962386194,Lauryn Hill - Interlude 5,130.52807704873135,James Taylor - It's Growing,126.7444830395221,Busted - Build Me Up Buttercup,260.5714001563649,Hayseed Dixie - Black Dog,256.78395454725353,Simian Mobile Disco - I BELIEVE,244.40024498432106,Busted - Build Me Up Buttercup,0.36866660392069595,Hayseed Dixie - Black Dog,0.36799774609352626,Simian Mobile Disco - I BELIEVE,0.3501061772410168
TRVBSAC128F42B6438,SOAPRQO12AF72A2410,ARRZUPG11F43A69EF7,Jackson 5,Bridge Over Troubled Water,r&b/soul,Twista - I'm A Winner (Amended Album Version),2693.0,Lauryn Hill - Interlude 5,2692.0,Beastie Boys - B-Boy Bouillabaisse: A.W.O.L. (2009 Digital Remaster),2554.0,Twista - I'm A Winner (Amended Album Version),2489.777500000041,Lauryn Hill - Interlude 5,2381.039999999984,Beastie Boys - B-Boy Bouillabaisse: A.W.O.L. (2009 Digital Remaster),2293.951249999988,Boyz II Men - To The Limit,517.4112381766355,The Dells - It's All Up To You,504.9005056377145,Annihilator - Hunter killer,504.1076408363712,Boyz II Men - To The Limit,0.6548276156745451,The Dells - It's All Up To You,0.6423193478847731,Annihilator - Hunter killer,0.6392556245833328,OutKast - Mainstream,157.74497535305628,Warren G - Keepin' It Strong,153.88423717369182,Beastie Boys - B-Boy Bouillabaisse: A.W.O.L. (2009 Digital Remaster),153.37040427794685,Johnny Winter - Lay Down Your Sorrows,107.61246389329251,Mississippi Fred McDowell - When I Lay My Burden Down,106.54211054384218,Tanya Tucker - Some Kind Of Trouble,104.00651214346281,Mississippi Fred McDowell - When I Lay My Burden Down,361.70442985752874,Johnny Winter - Lay Down Your Sorrows,247.0913000815649,Stellastarr* - Sweet Troubled Soul,206.7306102082689,Mississippi Fred McDowell - When I Lay My Burden Down,0.4659248481216732,Johnny Winter - Lay Down Your Sorrows,0.3448308400581349,Stellastarr* - Sweet Troubled Soul,0.29086160064463573
TRHTGXF128F931BEE7,SOVJMLE12AB01848BF,ARRZUPG11F43A69EF7,Jackson 5,Goin' Back To Indiana,r&b/soul,Eminem - 8 Mile,4576.0,Beastie Boys - B-Boy Bouillabaisse: A.W.O.L. (2009 Digital Remaster),4515.0,Mario Vazquez - Everytime I...,4045.0,Eminem - 8 Mile,4327.492499999891,Beastie Boys - B-Boy Bouillabaisse: A.W.O.L. (2009 Digital Remaster),4185.707500000033,Mario Vazquez - Everytime I...,3924.625000000032,Mc Chris - hoodie ninja,620.0194928878586,Jessica Andrews - Who I Am,612.5002312613353,Midnite - Bushman,606.0359400439884,Mc Chris - hoodie ninja,0.7810025785788369,Jessica Andrews - Who I Am,0.7713903629431287,Eminem - 8 Mile,0.7644326134807478,The Simpsons - Do The Bartman,202.8969832898443,The Isley Brothers - Touch Me,182.6024182662785,The Isley Brothers - Contagious,174.40244920840604,The Simpsons - Do The Bartman,135.54663601906768,Avant - Heaven,130.96113231091056,Us3 - I Got It Goin' On,127.8826389977425,Avant - Heaven,272.8849213323984,Jimmy Reed - Going To New York,241.65899098910091,Us3 - I Got It Goin' On,240.2873686947156,Avant - Heaven,0.3786225921469644,Us3 - I Got It Goin' On,0.35270228919396907,Nina Simone - He Ain't Comin' Home No More,0.33722557114994595
TRULIIL128F4228AC8,SOHQSLE12A6D4FD852,ARRZUPG11F43A69EF7,Jackson 5,Lookin' Through The Windows,r&b/soul,Lauryn Hill - Interlude 5,2486.0,Life Without Buildings - New Town,2307.0,Twista - I'm A Winner (Amended Album Version),2080.0,Life Without Buildings - New Town,2158.832500000046,Lauryn Hill - Interlude 5,2129.040000000012,Twista - I'm A Winner (Amended Album Version),1846.71499999999,Crystal Castles - Insectica,354.4470594772556,Echobelly - Dark Therapy,331.6288058974345,Chiasm - Enemy,316.5229361724361,Crystal Castles - Insectica,0.4603640936819273,Echobelly - Dark Therapy,0.4331556450481653,Gravediggaz - Unexplained,0.4190117482969396,Houston - Twizala,212.85900717322562,Willie Nelson - Remember Me,195.81304171329273,Javier - Slow Motion,186.04267738563834,Houston - Twizala,183.83381175498997,Javier - Slow Motion,148.1697878472979,Willie Nelson - Remember Me,129.89318852682865,Houston - Twizala,260.15396364226075,Waldeck - Morning Light,246.67266341096092,The Mick Fleetwood Blues Band - Looking for Somebody,215.89802899163362,Houston - Twizala,0.3576912716638052,Waldeck - Morning Light,0.3373578996234496,The Mick Fleetwood Blues Band - Looking for Somebody,0.29357917350732315
TRTKNDU128EF3517DF,SOHAESY12A6D223C62,ARRZUPG11F43A69EF7,Jackson 5,You've Changed,r&b/soul,Lauryn Hill - Interlude 5,5733.0,Twista - I'm A Winner (Amended Album Version),4991.0,Michael Jackson - Man In The Mirror,4910.0,Lauryn Hill - Interlude 5,5278.519999999981,Twista - I'm A Winner (Amended Album Version),4693.982500000019,Michael Jackson - Man In The Mirror,4520.357500000033,Adina Howard - Nasty Grind,584.1247466184086,The Specials - Skinhead Moonstomp,582.2946139818282,Creed - Wrong Way,580.388620644991,Adina Howard - Nasty Grind,0.735168118198182,The Specials - Skinhead Moonstomp,0.7321400374526812,Creed - Wrong Way,0.7284752318023344,Michael Jackson - Man In The Mirror,217.13569869154784,Lauryn Hill - Interlude 5,211.2122727253648,Eminem - My Darling,180.9048786523619,Michael Jackson - Man In The Mirror,162.89416500120979,Moby - Yeah,157.48332640813092,Aretha Franklin - Jump To It,140.86576904474936,Luther Vandross - Here And Now,261.4937629585286,Moby - Yeah,256.3621799805254,Cat Stevens - Rubylove,253.51094409699877,Luther Vandross - Here And Now,0.3616247379099295,Moby - Yeah,0.3513194300274958,Bonnie Raitt - Something To Talk About,0.33892809867725093
TRQBNNZ128F92D4F35,SONSXHN12A58A7B790,ARNQKXK1187B99EFDA,Jazmine Sullivan,Switch!,r&b/soul,Lauryn Hill - Interlude 5,7500.0,Beastie Boys - B-Boy Bouillabaisse: A.W.O.L. (2009 Digital Remaster),6752.0,Twista - I'm A Winner (Amended Album Version),6002.0,Lauryn Hill - Interlude 5,6822.880000000127,Beastie Boys - B-Boy Bouillabaisse: A.W.O.L. (2009 Digital Remaster),6185.7400000001535,Mario Vazquez - Everytime I...,5650.999999999975,Bouncing Souls_ The - Pervert,595.606832034099,Mario Vazquez - Everytime I...,583.1090866436606,Common - Book Of Life,582.4645640851456,Bouncing Souls_ The - Pervert,0.7533107702265562,Common - Book Of Life,0.739390136438965,Mario Vazquez - Everytime I...,0.7336267272708022,Lauryn Hill - Interlude 5,417.69009455444103,The Simpsons - Do The Bartman,312.26730118108475,Beastie Boys - B-Boy Bouillabaisse: A.W.O.L. (2009 Digital Remaster),289.9459171628703,Lauryn Hill - Interlude 5,227.31151404644203,The Simpsons - Do The Bartman,202.44993853189527,DMX - Bring Your Whole Crew,169.54657302617738,Wisdom In Chains - I Don't Care,252.98364092407132,Nickel Creek - Best Of Luck,239.91098808204896,Paul Westerberg - Best Thing That Never Happened,229.05866663680442,Nickel Creek - Best Of Luck,0.3572213122160021,Wisdom In Chains - I Don't Care,0.35401940422671757,Judge Dread - The Winkle Man,0.3422248559435739
TRTYGWW128E0794FA2,SOXJKGU12A67ADA1C9,ARIPLUN1187B99B9F9,The Police,One World (Not Three),reggae,Ja Rule - One of Us,4884.0,Black Eyed Peas - One Tribe,4671.0,Lauryn Hill - Interlude 5,2866.0,Ja Rule - One of Us,4592.525000000025,Black Eyed Peas - One Tribe,4483.669999999976,Lauryn Hill - Interlude 5,2383.919999999992,The Derek Trucks Band - Revolution,488.643557803768,Tracie Spencer - Imagine,459.32807334774566,Black Eyed Peas - One Tribe,429.7848969253373,The Derek Trucks Band - Revolution,0.6192408513348493,Tracie Spencer - Imagine,0.5850610981640372,Black Eyed Peas - One Tribe,0.5472927257242414,Eminem - 8 Mile,206.93492858913154,Lauryn Hill - Interlude 5,186.08398876296104,Recoil - Curse,161.32144221629338,Eminem - 8 Mile,115.19748372304565,Jonathan Coulton - Mandlebrot Set,105.03625682328376,Eminem - If I Had,103.84102194123231,Shamen - Lightspan,266.8453960242466,Dwarves - Throw That World Away,201.87612587892562,Tracie Spencer - Imagine,201.0782718758119,Shamen - Lightspan,0.34217233499052213,Tracie Spencer - Imagine,0.28931380557331776,The Flatliners - This Respirator,0.2874282450582722
TRKHTKI128F92EA339,SOSDIHQ12A8C13C23F,AR6J3X81187FB59A7B,Matisyahu,Close My Eyes,reggae,Lauryn Hill - Interlude 5,12297.0,Beastie Boys - B-Boy Bouillabaisse: A.W.O.L. (2009 Digital Remaster),9562.0,Twista - I'm A Winner (Amended Album Version),8267.0,Lauryn Hill - Interlude 5,11143.32000000006,Beastie Boys - B-Boy Bouillabaisse: A.W.O.L. (2009 Digital Remaster),8597.203749999977,Twista - I'm A Winner (Amended Album Version),7513.032499999997,Blackalicious - Just What Can Happen,610.1284973356363,The Cat Empire - Days Like These,597.0157852488219,Swollen Members - Switchblade,595.4156398932555,Blackalicious - Just What Can Happen,0.7743506735143175,The Cat Empire - Days Like These,0.7647720683248902,Swollen Members - Switchblade,0.7573573764806034,Beastie Boys - B-Boy Bouillabaisse: A.W.O.L. (2009 Digital Remaster),697.3150897477746,Lauryn Hill - Interlude 5,565.0741513090493,Eminem - 8 Mile,508.15944173308395,Beastie Boys - B-Boy Bouillabaisse: A.W.O.L. (2009 Digital Remaster),314.301862429772,The Cat Empire - Days Like These,216.33784611484097,Organized Konfusion - Walk Into The Sun,211.0107069104181,Freedom Call - Flying high,248.34272585894487,R.I.O. - After The Love,213.978287371309,The Cat Empire - Days Like These,212.61991218725007,Beastie Boys - B-Boy Bouillabaisse: A.W.O.L. (2009 Digital Remaster),0.43052917223030324,The Cat Empire - Days Like These,0.3969411931313876,Kool Moe Dee - Bad Mutha,0.38453587086272184
TRACTLX128F42A51F6,SOWXKLQ12A8C13C221,AR6J3X81187FB59A7B,Matisyahu,Exaltation,reggae,Lauryn Hill - Interlude 5,2779.0,Beastie Boys - B-Boy Bouillabaisse: A.W.O.L. (2009 Digital Remaster),2489.0,The Pharcyde - Otha Fish,1976.0,Lauryn Hill - Interlude 5,2409.1599999999944,Beastie Boys - B-Boy Bouillabaisse: A.W.O.L. (2009 Digital Remaster),2179.7112500000294,The Pharcyde - Otha Fish,1783.7937499999905,Opera IX - Immortal Chant,507.5765674506501,Lizzy Borden - There Will Be Blood Tonight,493.24855974184857,Frank Sinatra - The Girl That I Marry,493.24799058455886,Opera IX - Immortal Chant,0.6482811147271351,Lizzy Borden - There Will Be Blood Tonight,0.6315517213772517,Frank Sinatra - The Girl That I Marry,0.6257602441707965,Savatage - The Hourglass,210.19308060058032,Ja Rule - One of Us,179.2167496887176,Recoil - Curse,177.95426624491907,Tree63 - All Over The World,133.18243579993347,Savatage - The Hourglass,117.94985016438515,Paul Potts - O Holy Night,117.6317385287298,Andrew Peterson - Holy Is The Lord,259.4961685512998,Enigma - Prism Of Life,255.59384101694408,Paul Potts - O Holy Night,252.9656965316163,Enigma - Prism Of Life,0.3663502415425995,Paul Potts - O Holy Night,0.36362592209774774,Tree63 - All Over The World,0.35297145243405176
TRHQAPS128F42A51F4,SOSWVVV12A8C13C21C,AR6J3X81187FB59A7B,Matisyahu,Fire and Heights,reggae,Lauryn Hill - Interlude 5,11299.0,Beastie Boys - B-Boy Bouillabaisse: A.W.O.L. (2009 Digital Remaster),8616.0,Twista - I'm A Winner (Amended Album Version),8327.0,Lauryn Hill - Interlude 5,10426.839999999927,Beastie Boys - B-Boy Bouillabaisse: A.W.O.L. (2009 Digital Remaster),7886.632500000059,Twista - I'm A Winner (Amended Album Version),7757.015000000033,Sage Francis - Clickety Clack,660.2259727276274,Fat Joe - Preacher On A Sunday Morning,648.769560755399,Snoop Dogg - Snoopafella (Edited),635.4067694174499,Sage Francis - Clickety Clack,0.8349061150317288,Fat Joe - Preacher On A Sunday Morning,0.8211194488995367,Snoop Dogg - Snoopafella (Edited),0.8061986240280945,Lauryn Hill - Interlude 5,379.3383109361796,Beastie Boys - B-Boy Bouillabaisse: A.W.O.L. (2009 Digital Remaster),370.3650595993255,Savatage - The Hourglass,331.32956998318,Matisyahu - Close My Eyes,165.46476896042026,Michael Jackson - Man In The Mirror,162.95554369455002,Ja Rule - One of Us,162.6915230480951,Dominici - So Help Me God,259.4557389946745,Shania Twain - All Fired Up_ No Place To Go,234.2930340916382,Taproot - Poem (Precision Version),231.05244287592296,Dominici - So Help Me God,0.38216454627973406,Common - Book Of Life,0.37524339311872656,Shania Twain - All Fired Up_ No Place To Go,0.3523219407112027
TRWMHCZ128F42AE295,SOPJZCC12A8C13FF7B,AR6J3X81187FB59A7B,Matisyahu,Jerusalem,reggae,Lauryn Hill - Interlude 5,7300.0,Twista - I'm A Winner (Amended Album Version),6014.0,Beastie Boys - B-Boy Bouillabaisse: A.W.O.L. (2009 Digital Remaster),5989.0,Lauryn Hill - Interlude 5,6621.040000000009,Twista - I'm A Winner (Amended Album Version),5570.277500000065,Beastie Boys - B-Boy Bouillabaisse: A.W.O.L. (2009 Digital Remaster),5421.20124999996,Freshman 15 - When Cheating Had Feeling,530.3626807412248,A Tribe Called Quest - Rap Promoter,512.2287517269327,Mutya Buena - Not Your Baby,507.3073977918927,Freshman 15 - When Cheating Had Feeling,0.6779036498379287,A Tribe Called Quest - Rap Promoter,0.6582037292552875,Mutya Buena - Not Your Baby,0.6498772107150411,Beastie Boys - B-Boy Bouillabaisse: A.W.O.L. (2009 Digital Remaster),308.2866958581811,Lauryn Hill - Interlude 5,307.91036962726685,Black Eyed Peas - One Tribe,233.16501136430196,Black Eyed Peas - One Tribe,171.03257307326217,Lauryn Hill - Interlude 5,131.41249212555138,Javine - Touch My Fire,129.9185670009653,Matthew Ryan - Autopilot,234.31968565288668,Black Eyed Peas - One Tribe,231.1327457090556,Sara Gazarek - Yours (Live),228.54863670158358,Black Eyed Peas - One Tribe,0.3562236896909971,Matthew Ryan - Autopilot,0.3453996945592241,Sara Gazarek - Yours (Live),0.33778838088908253
TRMMTKA128F42A51E7,SOSCMSY12A8C13C1E9,AR6J3X81187FB59A7B,Matisyahu,Warrior,reggae,Lauryn Hill - Interlude 5,3969.0,Beastie Boys - B-Boy Bouillabaisse: A.W.O.L. (2009 Digital Remaster),2558.0,Twista - I'm A Winner (Amended Album Version),2487.0,Lauryn Hill - Interlude 5,3556.840000000022,Twista - I'm A Winner (Amended Album Version),2217.63999999998,Beastie Boys - B-Boy Bouillabaisse: A.W.O.L. (2009 Digital Remaster),2213.319999999987,Damien Dempsey - Colony,526.3327230352173,Sage Francis - Clickety Clack,525.6296552839824,Buffy Sainte-Marie - Now That the Buffalo's Gone,520.0460117914761,Damien Dempsey - Colony,0.6788518822081462,Sage Francis - Clickety Clack,0.6777147490239745,Buffy Sainte-Marie - Now That the Buffalo's Gone,0.6705528630030871,Beastie Boys - B-Boy Bouillabaisse: A.W.O.L. (2009 Digital Remaster),280.2944647522853,Savatage - The Hourglass,202.40216680895023,Lauryn Hill - Interlude 5,197.2361857820006,Matisyahu - Fire and Heights,115.92703263951017,Beastie Boys - B-Boy Bouillabaisse: A.W.O.L. (2009 Digital Remaster),102.27364323056442,Matisyahu - Jerusalem,100.85307991670422,Matisyahu - Fire and Heights,187.75330031403848,Dean Martin - Memories Are Made Of This,186.70993399017138,Matisyahu - Jerusalem,182.76311292452246,Matisyahu - Fire and Heights,0.32886092508580894,Matisyahu - Jerusalem,0.3016826545406076,Lauryn Hill - Adam Lives In Theory,0.2925357342559462
TRPPHPV128F92F0750,SOMITIJ12AB017CAFA,ARW8F4B1187FB45EB4,Sublime,Don't Push,reggae,Lauryn Hill - Interlude 5,8052.0,Beastie Boys - B-Boy Bouillabaisse: A.W.O.L. (2009 Digital Remaster),6833.0,Twista - I'm A Winner (Amended Album Version),6016.0,Lauryn Hill - Interlude 5,7216.640000000085,Beastie Boys - B-Boy Bouillabaisse: A.W.O.L. (2009 Digital Remaster),6134.40750000005,Twista - I'm A Winner (Amended Album Version),5470.065000000034,King Tee - Guitar Playin',622.889752093783,St. Lunatics - Time,619.9588384121629,Kool Moe Dee - Bad Mutha,619.5341161144403,King Tee - Guitar Playin',0.7944454779654736,St. Lunatics - Time,0.7896355095968679,Kool Moe Dee - Bad Mutha,0.7892664591418733,Beastie Boys - B-Boy Bouillabaisse: A.W.O.L. (2009 Digital Remaster),570.8619740817198,Lauryn Hill - Interlude 5,466.9042370470876,Twista - Overdose (Album Version),427.513004614793,Beastie Boys - B-Boy Bouillabaisse: A.W.O.L. (2009 Digital Remaster),256.6547059259176,Biz Markie - Make the Music With Your Mouth_ Biz,233.41537329270378,Wu-Tang Clan - Da Mystery Of Chessboxin',198.7439613986416,Biz Markie - Make the Music With Your Mouth_ Biz,220.73201520157454,Beastie Boys - Oh Word?,208.16242764705459,Brooks & Dunn - Boot Scootin' Boogie,199.01231437289584,Beastie Boys - B-Boy Bouillabaisse: A.W.O.L. (2009 Digital Remaster),0.4031814022870201,Biz Markie - Make the Music With Your Mouth_ Biz,0.3802800727000721,Murs - The Dance,0.3615988104336631
TRZDKCU128F1456899,SOVEQJB12D0219AE54,ARW8F4B1187FB45EB4,Sublime,Pawn Shop,reggae,Lauryn Hill - Interlude 5,2012.0,Vanilla Ice - Ice Is Workin' It,1897.0,Beastie Boys - B-Boy Bouillabaisse: A.W.O.L. (2009 Digital Remaster),1739.0,Vanilla Ice - Ice Is Workin' It,1761.2800000000198,Lauryn Hill - Interlude 5,1724.959999999991,UGK (Underground Kingz) - She Luv It,1601.6800000000003,Atom And His Package - Upside Down From Here,435.8864835503271,Architecture In Helsinki - Underwater,426.2378055488815,ANJA GARBAREK - Something Written,368.89436202800647,Atom And His Package - Upside Down From Here,0.5581581428906076,Architecture In Helsinki - Underwater,0.5420594861518362,ANJA GARBAREK - Something Written,0.4747024126725687,G-Unit - Beg For Mercy,158.30565009285039,Ginuwine - Do You Remember,142.1657707256545,EPMD - Knick Knack Patty Wack,113.79051884872713,G-Unit - Beg For Mercy,125.303846005943,Ginuwine - Do You Remember,124.22995915786902,Alisha's Attic - The House That We Built,93.4078314394013,Ginuwine - Do You Remember,269.14920457733473,Jimmy Barnes - Stone Cold,236.07402619878312,General Surgery - Viva ! blunt force trauma,227.88132198696505,Ginuwine - Do You Remember,0.36541325760170534,Jimmy Barnes - Stone Cold,0.3216034222671164,Alisha's Attic - The House That We Built,0.3092877893870647
TRQCFKA128F148A0D5,SOUEAIV12A6D4F9FC2,ARRYZN01187FB45757,Michael Franti & Spearhead,See you in the Light,reggae,Lauryn Hill - Interlude 5,6730.0,Beastie Boys - B-Boy Bouillabaisse: A.W.O.L. (2009 Digital Remaster),6249.0,Twista - I'm A Winner (Amended Album Version),6026.0,Lauryn Hill - Interlude 5,6238.719999999941,Beastie Boys - B-Boy Bouillabaisse: A.W.O.L. (2009 Digital Remaster),5838.153750000028,Twista - I'm A Winner (Amended Album Version),5704.932500000046,Thomas Dolby - I Live In A Suitcase,565.3157255726229,RKL - Heavily Sedated,550.1756268801435,The Streets - The Irony Of It All (Album Version),550.1431354980003,Thomas Dolby - I Live In A Suitcase,0.7136166981196651,RKL - Heavily Sedated,0.6973063563915288,The Streets - The Irony Of It All (Album Version),0.6966218494342558,Lauryn Hill - Interlude 5,208.5326922188868,Beastie Boys - B-Boy Bouillabaisse: A.W.O.L. (2009 Digital Remaster),198.0735220372882,Technicolour - At The Spot,195.32529972768606,Technicolour - At The Spot,164.3787397505651,Classified - All About U,134.16464077415387,Tyrese - Morning After,131.28893945402905,Technicolour - At The Spot,290.50686298637174,Lisa Stansfield - You Know How to Love Me,268.51670953596897,Björk - Hyper-Ballad,241.01912751537432,Technicolour - At The Spot,0.40388595441449016,Lisa Stansfield - You Know How to Love Me,0.3760844800013028,Björk - Hyper-Ballad,0.34603348510077997
TRPPATZ128F428BA6E,SOFOGTV12A6D4F9FBE,ARRYZN01187FB45757,Michael Franti & Spearhead,Sweet Little Lies,reggae,Lauryn Hill - Interlude 5,4315.0,Danity Kane - Hold Me Down (Album Version),4271.0,Five - That's What You Told Me,4170.0,Danity Kane - Hold Me Down (Album Version),4019.512500000031,Five - That's What You Told Me,3962.0250000000337,Lauryn Hill - Interlude 5,3772.199999999989,Faithless - Salva Mea,477.9426564666431,Sharon Jones & The Dap-Kings - Tell Me,462.2207267588885,Albert King - I Get Evil,457.92498550067415,Faithless - Salva Mea,0.6077593606066267,Sharon Jones & The Dap-Kings - Tell Me,0.5887365300446227,Albert King - I Get Evil,0.5846867866317716,Lauryn Hill - Interlude 5,234.78142139857232,Beastie Boys - B-Boy Bouillabaisse: A.W.O.L. (2009 Digital Remaster),204.31752489691434,Michael Jackson - Man In The Mirror,201.66798861366797,Suicidal Tendencies - Where's The Truth,148.03929284920923,Michael Jackson - Man In The Mirror,127.68139479172456,UB40 - Red Red Wine (Edit),123.96960858210686,Suicidal Tendencies - Where's The Truth,228.14414880114396,Funker Vogt - Blind Rage,217.2431640851502,Berlin - Masquerade,215.84746807187807,Suicidal Tendencies - Where's The Truth,0.3308761640244327,Berlin - Masquerade,0.31630048059522925,Funker Vogt - Blind Rage,0.3152855685053166
TRMVVWQ128F422BB64,SOLMWNS12A81C209CB,AR9NG3Y1187B9895EE,McFly,The Way You Make Me Feel,reggae,Lauryn Hill - Interlude 5,4823.0,Twista - I'm A Winner (Amended Album Version),4702.0,Erykah Badu - I Want You,4143.0,Twista - I'm A Winner (Amended Album Version),4425.424999999938,Lauryn Hill - Interlude 5,4399.800000000001,Erykah Badu - I Want You,3987.4625,Sunscreem - Pressure,650.6377585356528,Anastacia - Club Megamix,587.4481895189856,Lemar - Time To Grow,584.2214392796327,Sunscreem - Pressure,0.8196535539325371,Anastacia - Club Megamix,0.7463166783175269,Lemar - Time To Grow,0.7413644709285913,Lauryn Hill - Interlude 5,250.42308551171013,Beastie Boys - B-Boy Bouillabaisse: A.W.O.L. (2009 Digital Remaster),243.33227125639857,Young Jeezy - By The Way,189.26958078687102,Young Jeezy - By The Way,127.05160782162554,KMD - Plumskinzz (Loose Hoe_ God & Cupid),112.17428456691172,Lauryn Hill - Interlude 5,111.94144652122007,The Partridge Family - There'll Come A Time,218.61010313836792,Charlie Wilson - What You Do To Me,216.85860266984642,Alicia Keys - Piano & I,214.7472357954058,Charlie Wilson - What You Do To Me,0.3378210690399688,Young Jeezy - By The Way,0.3302648575655946,The Partridge Family - There'll Come A Time,0.3292063830517608
TRRATGY12903D138DB,SOQQEZD12AC468BFC3,ARBNXYA1187FB51C50,Daddy Yankee,Grito Mundial,reggae,Abba - Move On,2498.0,Horace Andy - Horse With No Name,2336.0,Violadores del Verso - Dale tiempo al rumor,2324.0,Abba - Move On,2406.4862500000027,Horace Andy - Horse With No Name,2253.660000000052,Violadores del Verso - Dale tiempo al rumor,2210.5587499999747,Inti Illimani - El Arado,533.4420084501414,Atahualpa Yupanqui - Milonga Del Solitario,524.7048048161552,Sebastien Tellier - League Chicanos,508.14525547456776,Inti Illimani - El Arado,0.6730167366088002,Atahualpa Yupanqui - Milonga Del Solitario,0.6647227490770447,Sebastien Tellier - League Chicanos,0.6418097705432854,Violadores del Verso - Dale tiempo al rumor,710.7839927481538,Violadores del Verso - La ciudad nunca duerme,631.132506613819,Cartel De Santa - La Ranfla Del Cartel,615.2864577530161,Violadores del Verso - Dale tiempo al rumor,643.0801823462123,Violadores del Verso - La ciudad nunca duerme,573.8349717757073,Cartel De Santa - La Ranfla Del Cartel,573.3416921231998,Thievery Corporation - Exilio,466.73086373928754,El sueño de Morfeo - Ven,452.93234493636214,Cartel De Santa - La Ranfla Del Cartel,440.76512605887484,Thievery Corporation - Exilio,0.5879265904436154,El sueño de Morfeo - Ven,0.5787407149741132,Cartel De Santa - La Ranfla Del Cartel,0.5680084526879466
TRPSKLI128F425E42C,SOAUWMK12A8C136F49,ARD66TF1187B9A1670,tobyMac,Get This Party Started: Ghost Remix,reggae,Vanilla Ice - It's A Party,3509.0,Lauryn Hill - Interlude 5,3469.0,Beastie Boys - B-Boy Bouillabaisse: A.W.O.L. (2009 Digital Remaster),3403.0,Vanilla Ice - It's A Party,3267.202500000012,Beastie Boys - B-Boy Bouillabaisse: A.W.O.L. (2009 Digital Remaster),2961.3787500000217,Lauryn Hill - Interlude 5,2940.9200000000315,Four Year Strong - Catastrophe,456.6166262878863,Vanilla Ice - It's A Party,404.284427439334,Nick Cave & The Bad Seeds - Midnight Man,402.6041536179249,Four Year Strong - Catastrophe,0.5902008669866663,Nick Cave & The Bad Seeds - Midnight Man,0.5266624795541381,Vanilla Ice - It's A Party,0.5227263087660752,Lauryn Hill - Interlude 5,251.87376980285958,George Clinton - Flashlight,229.91238616659902,Beastie Boys - B-Boy Bouillabaisse: A.W.O.L. (2009 Digital Remaster),226.28864742540085,Black Box - Everybody Everybody,173.64646550373806,George Clinton - Flashlight,165.32167057078004,Nina Hagen - Where's The Party,150.62702500716773,Black Box - Everybody Everybody,270.37789070982086,The Planet Smashers - Life Of The Party,232.24388894483593,Hooverphonic - Everytime We Live Together We Die A Bit More,222.0697047389115,Black Box - Everybody Everybody,0.36986952835798054,The Planet Smashers - Life Of The Party,0.32188494202834766,Nina Hagen - Where's The Party,0.3168095702973002
TRWQMVZ128E078F1F7,SOBPURX12D021B0F0F,ARAZCWP129462A97F1,Bob Marley & The Wailers,Africa Unite,reggae,Lauryn Hill - Interlude 5,2306.0,Daft Punk - Touch It / Technologic,1770.0,Vanilla Ice - Ice Is Workin' It,1766.0,Lauryn Hill - Interlude 5,2059.4399999999937,Daft Punk - Touch It / Technologic,1672.6824999999656,Vanilla Ice - Ice Is Workin' It,1649.4200000000349,Gamma Ray - Heavy Metal Universe (live),523.3307669522109,Zeigeist - Black Milk,510.7693760159328,Buck-O-Nine - New Generation,494.06596267515545,Gamma Ray - Heavy Metal Universe (live),0.6664420183371625,Zeigeist - Black Milk,0.6506219199675038,Immortal Technique - The 4th Branch,0.6322380497843354,Lauryn Hill - Interlude 5,160.8816668024107,Jah Cure - Sticky,153.41551038285223,Michael Jackson - Man In The Mirror,151.38924698794972,Jah Cure - Sticky,135.72128151065726,Michael Jackson - Man In The Mirror,110.16171003966554,Damien Dempsey - Colony,89.96703195970531,Jah Cure - Sticky,277.536796074621,Pedro The Lion - Progress,240.39676809136105,Faithless - To All New Arrivals,237.1821595685831,Jah Cure - Sticky,0.37517902968139494,Pedro The Lion - Progress,0.3360891677520376,Faithless - To All New Arrivals,0.3284868440777364
TRHDTPQ128F147733A,SOLWOXW12D021B2450,ARAZCWP129462A97F1,Bob Marley & The Wailers,Could You Be Loved,reggae,Lauryn Hill - Interlude 5,8724.0,Twista - I'm A Winner (Amended Album Version),6834.0,Michael Jackson - Man In The Mirror,5406.0,Lauryn Hill - Interlude 5,8034.000000000037,Twista - I'm A Winner (Amended Album Version),6383.062499999982,Michael Jackson - Man In The Mirror,4814.437499999979,Boyz II Men - Could It Be I'm Falling In Love,501.17908570148745,The Enemy - It's Not OK [Live From London],487.64840419142666,Lisa Stansfield - I Will Be Waiting,461.4373809669336,Boyz II Men - Could It Be I'm Falling In Love,0.6356417799374943,The Enemy - It's Not OK [Live From London],0.6203436981239911,Lisa Stansfield - I Will Be Waiting,0.5877594595436703,Lauryn Hill - Interlude 5,323.88950288834735,Eminem - 8 Mile,243.74532903413376,Beastie Boys - B-Boy Bouillabaisse: A.W.O.L. (2009 Digital Remaster),241.41217681299997,Lauryn Hill - Interlude 5,172.10822592635452,Michael Jackson - Man In The Mirror,129.54906442957986,Alicia Keys - Tell You Something (Nana's Reprise),126.51815471997647,João Gilberto - You Do Something To Me,246.89476829111626,Dope - I Am Nothing,228.33666066239658,Missing Persons - Destination Unknown,226.03159596180618,Missing Persons - Destination Unknown,0.33302193515165074,João Gilberto - You Do Something To Me,0.33236356021762914,Mc Chris - Rollercoaster,0.3283405243660707
TRUVZTN128F424B846,SOLIWAK12D021B0CFA,ARAZCWP129462A97F1,Bob Marley,No Water,reggae,Lauryn Hill - Interlude 5,1905.0,Twista - I'm A Winner (Amended Album Version),1729.0,Beastie Boys - B-Boy Bouillabaisse: A.W.O.L. (2009 Digital Remaster),1711.0,Lauryn Hill - Interlude 5,1700.7600000000075,Twista - I'm A Winner (Amended Album Version),1595.5225000000128,Beastie Boys - B-Boy Bouillabaisse: A.W.O.L. (2009 Digital Remaster),1540.1987499999825,Bob Marley - Rebels Hop,794.5853720000966,Phil Collins - A Groovy Kind Of Love (Live),562.752010910911,Amel Larrieux - Sweet Misery,548.5815029232107,Bob Marley - Rebels Hop,0.9935022053948106,Phil Collins - A Groovy Kind Of Love (Live),0.7150501294849967,Amel Larrieux - Sweet Misery,0.6979503950069523,Bob Marley - Rebels Hop,204.7993059559812,R. Kelly - I Mean (I Don't Mean It),124.85090340581345,LL Cool J - Lollipop,111.3145014491798,Bob Marley - Rebels Hop,195.4018924097058,R. Kelly - I Mean (I Don't Mean It),92.49488462589656,Duran Duran - All Along The Water,88.17042718212079,Bob Marley - Rebels Hop,759.2337027500764,Cat Stevens - Rubylove,233.76864733164592,Duran Duran - All Along The Water,226.16605954213492,Bob Marley - Rebels Hop,0.9512575878871904,Duran Duran - All Along The Water,0.31019944369671565,Gabriella Cilmi - Don't Wanna Go To Bed Now,0.3099104181220976
TRGPDHJ128F14527D5,SOVKUMU12D0219A271,ARAZCWP129462A97F1,Bob Marley & The Wailers,One Love / People Get Ready,reggae,Black Eyed Peas - One Tribe,2810.0,Lauryn Hill - Interlude 5,2710.0,Ja Rule - One of Us,2318.0,Black Eyed Peas - One Tribe,2671.2899999999945,Lauryn Hill - Interlude 5,2353.0400000000027,Ja Rule - One of Us,2102.17500000002,Black Eyed Peas - One Tribe,469.5710874481928,Tanya Tucker - One Love At A Time,418.68646673725647,Roxette - From One Heart To Another,385.193715111392,Black Eyed Peas - One Tribe,0.598910012511148,Tanya Tucker - One Love At A Time,0.5414275967664436,Dr. Alban - One Love,0.5001897006171544,Lauryn Hill - Interlude 5,236.13157905086564,Yellowcard - Believe,203.34718203514345,OutKast - Hey Ya!,175.59438241774845,Yellowcard - Believe,170.16332607184506,OutKast - Hey Ya!,136.16346441646567,Anouk - Alright,121.98304528969179,Yellowcard - Believe,282.47331930417823,Anouk - Alright,247.6232927692921,Andrew Peterson - Holy Is The Lord,241.22012612189428,Yellowcard - Believe,0.3941847799267135,Anouk - Alright,0.35220705840969824,Useless I.D. - It's Alright,0.31993777893319014
TRHKHHL128F4251E2A,SOFLXLZ12D021B24CD,ARAZCWP129462A97F1,Bob Marley,Try Me,reggae,Danity Kane - Hold Me Down (Album Version),4652.0,Five - That's What You Told Me,4357.0,Lauryn Hill - Interlude 5,3318.0,Danity Kane - Hold Me Down (Album Version),4515.600000000059,Five - That's What You Told Me,4244.200000000027,Lauryn Hill - Interlude 5,3023.5999999999904,Trisha Yearwood - Try Me Again,644.2063246348515,Bizzy Bone - I Need You,585.4966304934234,Diana Krall - Peel Me A Grape,551.4186495968268,Trisha Yearwood - Try Me Again,0.8066094439377955,Bizzy Bone - I Need You,0.7314952430700974,Diana Krall - Peel Me A Grape,0.6925061394834546,Lauryn Hill - Interlude 5,140.2632496316609,Beastie Boys - B-Boy Bouillabaisse: A.W.O.L. (2009 Digital Remaster),107.14404090675944,Frankie J - Without You,95.85017999688587,Lauryn Hill - Interlude 5,78.99755983298378,Frankie J - Without You,76.43626513502696,Slightly Stoopid - Everything You Need,73.54112062014012,Twenty 4 Seven - Take Me Away,243.84160573163842,Trisha Yearwood - Try Me Again,226.87618532690152,Venus Hum - Go To Sleep,217.0965859503315,Twenty 4 Seven - Take Me Away,0.32826009503305914,Trisha Yearwood - Try Me Again,0.3162854872069006,Frankie J - Without You,0.3014966524504117
TRAMTEH128F930D496,SOKVEKX12CF530D5AF,ARAZCWP129462A97F1,Bob Marley & The Wailers,Baby We've Got A Date (Rock It Baby),reggae,Daft Punk - Touch It / Technologic,4353.0,Vanilla Ice - Ice Is Workin' It,3983.0,The Prodigy - We Gonna Rock,3978.0,Daft Punk - Touch It / Technologic,4138.756249999954,The Prodigy - We Gonna Rock,3865.89999999998,Vanilla Ice - Ice Is Workin' It,3726.3500000000345,Ringo Starr - Where Did Our Love Go,448.2320900021916,Floetry - Getting Late,443.9851796291281,Sarah Connor - French Kissing,409.9507255418705,Ringo Starr - Where Did Our Love Go,0.5667986375091559,Floetry - Getting Late,0.5657115574628778,Sarah Connor - French Kissing,0.5241286365579738,Ashanti - Rock Wit U (Awww Baby),271.21514746916245,Ryan Leslie - Just Right,216.49234802777045,Afroman - Let's All Get Drunk,211.8125223886665,Ashanti - Rock Wit U (Awww Baby),245.04813526333209,Ryan Leslie - Just Right,180.6427425460992,The Prodigy - We Gonna Rock,173.4690315513926,The Prodigy - We Gonna Rock,323.3549494163558,Ashanti - Rock Wit U (Awww Baby),317.6516472083739,T.Rex - The Street And Babe Shadow,292.6427878998472,Ashanti - Rock Wit U (Awww Baby),0.4211301134370646,The Prodigy - We Gonna Rock,0.41114532763898065,T.Rex - The Street And Babe Shadow,0.3829843158360519
TRCGRJV128F1477322,SOJPUXZ12CF5F8899E,ARAZCWP129462A97F1,Bob Marley & The Wailers,Johnny Was,reggae,Lauryn Hill - Interlude 5,2088.0,Beastie Boys - B-Boy Bouillabaisse: A.W.O.L. (2009 Digital Remaster),1679.0,Michael Jackson - Man In The Mirror,1600.0,Lauryn Hill - Interlude 5,1745.7599999999948,Beastie Boys - B-Boy Bouillabaisse: A.W.O.L. (2009 Digital Remaster),1392.7924999999698,Michael Jackson - Man In The Mirror,1306.5849999999737,Etta James - W.O.M.A.N.,470.4513351204899,Little Anthony & The Imperials - Shimmy_ Shimmy_ Ko-Ko-Bop (Single Version),412.8861636470371,John Legend - Stereo,400.2731979559346,Etta James - W.O.M.A.N.,0.5981221005231611,Little Anthony & The Imperials - Shimmy_ Shimmy_ Ko-Ko-Bop (Single Version),0.5365117497382341,John Legend - Stereo,0.5195669820234049,Gyptian - Take My Money,227.25056339870574,Lauryn Hill - Interlude 5,221.70829361037167,Beastie Boys - B-Boy Bouillabaisse: A.W.O.L. (2009 Digital Remaster),211.46937749168285,Gyptian - Take My Money,171.2630810885957,Janie Fricke - She's Single Again,134.62457664884175,Shaggy - Luv Me Up,125.66376513629864,Janie Fricke - She's Single Again,263.3583329941274,Etta James - W.O.M.A.N.,255.93415119161955,Ronnie Milsap - A Woman In Love,236.4570912603146,Janie Fricke - She's Single Again,0.3818882739160466,Etta James - W.O.M.A.N.,0.3542420019472972,Gyptian - Take My Money,0.3404321633460106
TRRVJJF128F9309F02,SOECMGI12CF530E4F3,ARAZCWP129462A97F1,Bob Marley,Riding High,reggae,Lauryn Hill - Interlude 5,4582.0,Twista - I'm A Winner (Amended Album Version),4519.0,Beastie Boys - B-Boy Bouillabaisse: A.W.O.L. (2009 Digital Remaster),3630.0,Twista - I'm A Winner (Amended Album Version),4238.817500000025,Lauryn Hill - Interlude 5,4153.280000000025,Britney Spears - Radar,3375.151249999983,Belleruche - Northern Girls,513.5073534201636,Brian McKnight - Holdin' On [Missin' U] (Album Version),508.7873902206941,Johnny Winter - Prodigal Son,508.2310703131282,Belleruche - Northern Girls,0.6519932272217385,Johnny Winter - Prodigal Son,0.6470601251896345,Brian McKnight - Holdin' On [Missin' U] (Album Version),0.6454026287529029,Beastie Boys - B-Boy Bouillabaisse: A.W.O.L. (2009 Digital Remaster),227.97489741978654,Lauryn Hill - Interlude 5,183.75208308936627,Kurupt - It Ain't About You,182.55047309240695,The Roots - Quills,128.9933614984355,Kid Sister - Get Fresh,126.13098469874494,Jeremih - My Ride,125.627210541921,Kid Sister - Get Fresh,240.14529896317865,Skip James - Cherry Ball Blues,198.7297669674561,Dropkick Murphys - Sunshine Highway (Album Version),192.6916091949296,Kid Sister - Get Fresh,0.34579501039819555,The Roots - Quills,0.29551350788944813,Jeremih - My Ride,0.2931126284424411
TRDXHIR128F930E030,SOZKMVA12CF5F87636,ARAZCWP129462A97F1,Bob Marley,Soul Shakedown,reggae,Lauryn Hill - Interlude 5,2678.0,Danity Kane - Hold Me Down (Album Version),2272.0,Eminem - My Darling,2077.0,Lauryn Hill - Interlude 5,2407.519999999989,Danity Kane - Hold Me Down (Album Version),2146.682499999992,Eminem - My Darling,1911.441250000004,Banaroo - Ringa Ding Ding,480.4980300224116,Mutya Buena - Not Your Baby,436.9504845512111,Muse - Pink Ego Box,435.8609134415173,Banaroo - Ringa Ding Ding,0.6164113028235356,Mutya Buena - Not Your Baby,0.5643912701866034,Muse - Pink Ego Box,0.5601927958235988,Vanilla Ice - It's A Party,169.40927107823222,The Cool Kids - Bassment Party,149.39404118725577,Afroman - Let's All Get Drunk,148.2912977034503,Vanilla Ice - It's A Party,135.8295333849662,Doris Day - (Why Did I Tell You I Was Going To) Shanghai,119.33609494456107,Andrew W.K. - Long Live The Party,115.21057763209265,Banaroo - Ringa Ding Ding,310.1240812269847,Doris Day - (Why Did I Tell You I Was Going To) Shanghai,293.3232620061786,Andrew W.K. - Long Live The Party,276.88249582662564,Banaroo - Ringa Ding Ding,0.4108169323864264,Doris Day - (Why Did I Tell You I Was Going To) Shanghai,0.3908204509939402,Andrew W.K. - Long Live The Party,0.3655766971019383
TRDTEUX12903CB4AD7,SOQJCXI12CF5F883FC,ARAZCWP129462A97F1,Bob Marley & The Wailers,Trenchtown Rock,reggae,Lauryn Hill - Interlude 5,6045.0,Twista - I'm A Winner (Amended Album Version),4927.0,Erykah Badu - I Want You,4284.0,Lauryn Hill - Interlude 5,5527.959999999976,Twista - I'm A Winner (Amended Album Version),4589.097500000006,Erykah Badu - I Want You,4093.9737499999696,Natalie Cole - I'm Catching Hell (Living Here Alone) (Digitally Remastered 02),520.780813768362,Mississippi Fred McDowell - Bull Dog Blues,516.8304239472765,Murs - You & I,499.8124797973471,Natalie Cole - I'm Catching Hell (Living Here Alone) (Digitally Remastered 02),0.6683205443231683,Mississippi Fred McDowell - Bull Dog Blues,0.6594102908830897,Murs - You & I,0.6436963108871904,Lauryn Hill - Interlude 5,294.13148511727644,Twista - Overdose (Album Version),244.71088255861136,Onyx - Slam Harder,234.46818083661915,Steel Pulse - Sound Check,195.6274598979656,Onyx - Slam,169.53600425004177,Onyx - Slam Harder,169.53600425004177,Steel Pulse - Sound Check,305.04240157690646,The Prodigy - We Gonna Rock,302.7302635008392,Sammy Hagar - Turn Up The Music,297.35761604235495,Steel Pulse - Sound Check,0.4038489305633368,Sammy Hagar - Turn Up The Music,0.4035438065265971,The Prodigy - We Gonna Rock,0.3859321936042091
TRVTZTY128E0781E22,SOQUOKX12A6310D863,ARNF13I1187FB562A5,Massive Attack,Eternal Feedback (Sly),reggae,Lauryn Hill - Interlude 5,2040.0,Eminem - 8 Mile,1918.0,Beastie Boys - B-Boy Bouillabaisse: A.W.O.L. (2009 Digital Remaster),1910.0,Lauryn Hill - Interlude 5,1813.6799999999776,Eminem - 8 Mile,1775.1662499999843,Beastie Boys - B-Boy Bouillabaisse: A.W.O.L. (2009 Digital Remaster),1720.73375000002,Scooter - She's The Sun,551.2132030099398,Plan B - Stay Too Long,547.6217861428163,Ben Folds Five - Don't Change Your Plans,547.3858197184585,Scooter - She's The Sun,0.7032499873591423,Plan B - Stay Too Long,0.6988777445436104,Ben Folds Five - Don't Change Your Plans,0.6971662373840478,Lauryn Hill - Interlude 5,200.66566736412273,Beastie Boys - B-Boy Bouillabaisse: A.W.O.L. (2009 Digital Remaster),129.02316153644162,Prince - I Love U In Me ( LP Version),123.07752568804298,Lauryn Hill - Interlude 5,102.65875078488946,Keyshia Cole - Heaven Sent,75.8470643344157,Lyrics Born - L-I-F-E,70.28433988716998,Dead Kennedys - Your Emotions,238.46542107550715,Billy Dean - Down To Your Last One More,195.86633963428454,Project 86 - From December,181.6940736042534,Dead Kennedys - Your Emotions,0.33220962388631964,Billy Dean - Down To Your Last One More,0.2881603621703784,Project 86 - From December,0.27751446975062044
TRORKSH128F9320C21,SOOLUCH12A6310E8B5,ARAZCWP129462A97F1,Bob Marley & The Wailers,Black Progress,reggae,Lauryn Hill - Interlude 5,2085.0,Beastie Boys - B-Boy Bouillabaisse: A.W.O.L. (2009 Digital Remaster),1651.0,Twista - I'm A Winner (Amended Album Version),1446.0,Lauryn Hill - Interlude 5,1832.920000000001,Beastie Boys - B-Boy Bouillabaisse: A.W.O.L. (2009 Digital Remaster),1440.1912500000146,Erykah Badu - I Want You,1306.3537499999795,Public Image Ltd - Bags,491.2627281325212,Digable Planets - Slowes' Comb/The May 4th Movement starring Doodlebug,414.8028270525491,Lightnin' Hopkins - Big Black Cadillac Blues,413.6857490788953,Public Image Ltd - Bags,0.619534727222212,Digable Planets - Slowes' Comb/The May 4th Movement starring Doodlebug,0.5395077534562611,Lightnin' Hopkins - Big Black Cadillac Blues,0.5385160672422936,Public Enemy - Fight The Power,204.0061119283388,Big Brovaz - Find A Way,196.68361238846862,Twista - No Remorse (Album Version),177.05885340478144,Public Enemy - Fight The Power,169.96781756847034,Big Brovaz - Find A Way,148.92356364661265,Fats Domino - I'm Ready,142.96235338208166,Steel Pulse - Handsworth Revolution,292.12857002549066,Public Enemy - Fight The Power,268.3121835266522,Fats Domino - I'm Ready,248.85987286601738,Steel Pulse - Handsworth Revolution,0.40293647824880613,Public Enemy - Fight The Power,0.37641266125638256,Fats Domino - I'm Ready,0.33937651838955846
TRGEMSN128E07944A8,SOKCEXR12A6701C3EB,ARAZCWP129462A97F1,Bob Marley & The Wailers,Reggae On Broadway,reggae,Vanilla Ice - It's A Party,5402.0,Beastie Boys - B-Boy Bouillabaisse: A.W.O.L. (2009 Digital Remaster),4712.0,Lauryn Hill - Interlude 5,4479.0,Vanilla Ice - It's A Party,5206.539999999887,Beastie Boys - B-Boy Bouillabaisse: A.W.O.L. (2009 Digital Remaster),4355.009999999937,Britney Spears - Radar,4194.730000000041,Scandinavian Music Group - Näin minä vihellän matkallani,521.0576832435376,Groove Armada - Groove Is On,516.3822110543675,The Replacements - Love You Till Friday,486.7981688131534,Groove Armada - Groove Is On,0.6518492981410509,Scandinavian Music Group - Näin minä vihellän matkallani,0.651080807036413,Judee Sill - There's A Rugged Road,0.6160108581287157,The Isley Brothers - Touch Me,173.94010080727455,Marques Houston - Naked,154.37805379632323,Lauryn Hill - Interlude 5,153.65533759957665,The Isley Brothers - Touch Me,129.57842821435432,Marques Houston - Naked,125.99520998028113,The Simpsons - Do The Bartman,107.14949364674172,Keith Sweat - Give Me What I Want (LP Version),287.5907212693207,Grand Puba - Alamo,281.5609492128729,Corona - Baby I Need Your Love,277.41372069433726,Keith Sweat - Give Me What I Want (LP Version),0.39221600716803096,Corona - Baby I Need Your Love,0.37567331660444575,Marques Houston - Naked,0.370409273193204
TRQMVYN128F4250E38,SOPYZTH12A8C135090,ARAZCWP129462A97F1,Bob Marley,Rebels Hop,reggae,Lauryn Hill - Interlude 5,1908.0,Twista - I'm A Winner (Amended Album Version),1729.0,Beastie Boys - B-Boy Bouillabaisse: A.W.O.L. (2009 Digital Remaster),1718.0,Lauryn Hill - Interlude 5,1698.2399999999914,Twista - I'm A Winner (Amended Album Version),1591.915000000012,Beastie Boys - B-Boy Bouillabaisse: A.W.O.L. (2009 Digital Remaster),1542.5825000000054,Bob Marley - No Water,794.5853720000966,Phil Collins - A Groovy Kind Of Love (Live),558.7031662181987,Amel Larrieux - Sweet Misery,544.6181118454347,Bob Marley - No Water,0.9935022053948106,Phil Collins - A Groovy Kind Of Love (Live),0.7104038806111893,Amel Larrieux - Sweet Misery,0.6934152566955865,Bob Marley - No Water,204.7993059559812,R. Kelly - I Mean (I Don't Mean It),124.85090340581345,Lauryn Hill - Interlude 5,122.59489261422604,Bob Marley - No Water,195.4018924097058,R. Kelly - I Mean (I Don't Mean It),90.14361045002488,Duran Duran - All Along The Water,87.26471482851757,Bob Marley - No Water,759.2337027500764,Cat Stevens - Rubylove,221.373786097056,Duran Duran - All Along The Water,213.12839724726098,Bob Marley - No Water,0.9512575878871904,Buck-O-Nine - Silence,0.29737428186643305,Vonda Shepard - Sweet Inspiration,0.2962609435280053
TRDJCNG128F9339544,SOKMGXA12A8C1447B6,ARAZCWP129462A97F1,Bob Marley,Stop The Train,reggae,Rufio - Over It (Acoustic),3033.0,Eminem - 8 Mile,3023.0,Beastie Boys - B-Boy Bouillabaisse: A.W.O.L. (2009 Digital Remaster),2830.0,Rufio - Over It (Acoustic),2930.081250000022,Eminem - 8 Mile,2831.393750000019,Beastie Boys - B-Boy Bouillabaisse: A.W.O.L. (2009 Digital Remaster),2576.10625000005,Björk - Hunter,560.138920900302,Lucky Dube - Slave,546.4796751533964,Little Walter - Key To The Highway,546.130486203145,Björk - Hunter,0.7053637150042182,Little Walter - Key To The Highway,0.6918250411879877,Lucky Dube - Slave,0.6886253612165252,Beastie Boys - B-Boy Bouillabaisse: A.W.O.L. (2009 Digital Remaster),188.44046802813463,Lauryn Hill - Interlude 5,160.11688836106578,Mobb Deep - Trife Life,157.00893694521454,Pete Droge - Northern Bound Train,121.33651914014081,Cat Stevens - Peace Train,114.47545366563844,Pepper - Tradewinds (LP Version),110.02853132508132,Bob Marley & The Wailers - This Train,275.54015965596153,Pete Droge - Northern Bound Train,257.49329799187376,J.J. Cale - Ridin Home,250.97551485382016,Bob Marley & The Wailers - This Train,0.3588167008084633,Pete Droge - Northern Bound Train,0.3529736780045486,J.J. Cale - Ridin Home,0.33140632010307824
TRVSWGN12903CB4A44,SOIVBAC12AB0186BFF,ARAZCWP129462A97F1,Bob Marley & The Wailers,This Train,reggae,The Roots - Mellow My Man,922.0,C-Block - My Life,772.0,Lauryn Hill - Interlude 5,704.0,The Roots - Mellow My Man,865.3337500000116,C-Block - My Life,735.2575000000132,2Pac - Strictly 4 My N.I.G.G.A.Z.,585.4874999999953,bathory - Psychopath,382.9357791657616,Agonoize - C.O.A.,372.9549787774501,J.J. Cale - Ridin Home,371.8341880418769,bathory - Psychopath,0.4854652363496997,J.J. Cale - Ridin Home,0.4729423261260961,Agonoize - C.O.A.,0.4724215712163083,Gerry Rafferty - City To City,143.0849020035077,Beastie Boys - B-Boy Bouillabaisse: A.W.O.L. (2009 Digital Remaster),125.50741823998298,Cat Stevens - Peace Train,123.67312763516767,Gerry Rafferty - City To City,131.29413509437174,Cat Stevens - Peace Train,111.97865835946018,Bob Marley - Stop The Train,101.74246739010451,J.J. Cale - Ridin Home,329.27696965451514,Gerry Rafferty - City To City,305.1385548328383,Bukka White - Black Train Blues,277.98564041319054,J.J. Cale - Ridin Home,0.42136681416990734,Gerry Rafferty - City To City,0.3972889854386289,Bukka White - Black Train Blues,0.36221012892136917
TRNJPBY128F92F621A,SOZQGAL12AB01856DB,ARLSC551187B99C55C,N-Dubz,Defeat You,reggae,Twista - I'm A Winner (Amended Album Version),6490.0,Beastie Boys - B-Boy Bouillabaisse: A.W.O.L. (2009 Digital Remaster),5913.0,Erykah Badu - I Want You,5877.0,Twista - I'm A Winner (Amended Album Version),6103.997500000088,Erykah Badu - I Want You,5659.923749999916,Mario Vazquez - Everytime I...,5485.437500000056,Mario Vazquez - Everytime I...,579.397860038969,Habakuk - Mury,574.523245635542,Wild Strawberries - Heroine,564.0824382185164,Mario Vazquez - Everytime I...,0.729452448407703,Habakuk - Mury,0.7167654147531861,Wild Strawberries - Heroine,0.7140989729480632,N-Dubz - Feva Las Vegas,554.842895509812,Young Jeezy - Still On It,480.6859926958758,Fabrizio De Andrè - Sinan Capudan Pascià,414.71148698032033,N-Dubz - Feva Las Vegas,435.15923002003177,Young Jeezy - Still On It,374.27841904223567,Fabrizio De Andrè - Sinan Capudan Pascià,355.9335877503033,N-Dubz - Feva Las Vegas,299.6124486940805,Habakuk - Mury,280.40862619061096,Tanya Stephens - Saturday Morning,267.9190322887694,N-Dubz - Feva Las Vegas,0.43203569264213826,Young Jeezy - Still On It,0.3901524138204099,Tanya Stephens - Saturday Morning,0.3898514864181078
TRINMBD128F92F6211,SOBUZCT12AB0181786,ARLSC551187B99C55C,N-Dubz,Don't Get Nine,reggae,Lauryn Hill - Interlude 5,13592.0,Twista - I'm A Winner (Amended Album Version),12944.0,Beastie Boys - B-Boy Bouillabaisse: A.W.O.L. (2009 Digital Remaster),10955.0,Lauryn Hill - Interlude 5,12464.079999999934,Twista - I'm A Winner (Amended Album Version),12206.867500000004,Erykah Badu - I Want You,10298.45875000005,Jane Child - Don't Let It Get To You (Album Version),599.6995777771151,Edith Piaf - Dont Cry,580.6593883595335,Kanye West - Graduation Day,569.9731966881242,Jane Child - Don't Let It Get To You (Album Version),0.7561976194626711,Edith Piaf - Dont Cry,0.7335861472286953,Kanye West - Graduation Day,0.724341901952453,Lauryn Hill - Interlude 5,477.21476325487964,Beastie Boys - B-Boy Bouillabaisse: A.W.O.L. (2009 Digital Remaster),397.08733537402134,Eminem - 8 Mile,345.64453859174694,Lauryn Hill - Interlude 5,225.27481818478512,Gang Starr - The Illest Brother,189.9957508199054,Esmée Denters - Getting Over You,186.1220049437287,Esmée Denters - Getting Over You,236.53677824458734,Sammie - I Like It (Remix),223.00082060246018,JayMay - You Are The Only One I Love,220.5001015940815,Esmée Denters - Getting Over You,0.3744184397066812,Gang Starr - The Illest Brother,0.35936387596721564,Anastacia - Club Megamix,0.3521919477444488
TRRKBRB128EF35E2DA,SOPZQDB12A6D4F5D62,ARLSC551187B99C55C,N-Dubz,Feva Las Vegas,reggae,Lauryn Hill - Interlude 5,7573.0,Beastie Boys - B-Boy Bouillabaisse: A.W.O.L. (2009 Digital Remaster),6842.0,Eminem - 8 Mile,6239.0,Lauryn Hill - Interlude 5,6557.319999999929,Beastie Boys - B-Boy Bouillabaisse: A.W.O.L. (2009 Digital Remaster),5992.610000000041,Eminem - 8 Mile,5597.990000000023,Swollen Members - Concerto,500.9274705980406,Redman - Soopaman Luva 3,496.5196492866347,OutKast - Claimin' True,492.6346977591095,Swollen Members - Concerto,0.6515055361527528,Redman - Soopaman Luva 3,0.6456009807566715,OutKast - Claimin' True,0.6397067808543373,Lauryn Hill - Interlude 5,559.100989944484,N-Dubz - Defeat You,554.842895509812,Young Jeezy - Still On It,513.7354972171232,N-Dubz - Defeat You,435.15923002003177,Young Jeezy - Still On It,364.31035268661844,Fabrizio De Andrè - Sinan Capudan Pascià,320.0722781247917,Oxide And Neutrino - N Digga Dee,303.6033705187775,N-Dubz - Defeat You,299.6124486940805,Jewel - Leave The Lights On (Album Version),235.36460436538277,N-Dubz - Defeat You,0.43203569264213826,Oxide And Neutrino - N Digga Dee,0.37216977034265536,Young Jeezy - Still On It,0.3625632986678345
TRYPJXU128F92F621C,SOQPAPP12AB01856E3,ARLSC551187B99C55C,N-Dubz,Secrets,reggae,Lauryn Hill - Interlude 5,6656.0,Beastie Boys - B-Boy Bouillabaisse: A.W.O.L. (2009 Digital Remaster),6212.0,Twista - I'm A Winner (Amended Album Version),5848.0,Lauryn Hill - Interlude 5,5877.680000000025,Beastie Boys - B-Boy Bouillabaisse: A.W.O.L. (2009 Digital Remaster),5561.10875000003,Twista - I'm A Winner (Amended Album Version),5339.342500000047,Anastacia - Club Megamix,637.7537183920482,Classified - Freezin In The Cold,629.5511230954492,Common - Book Of Life,627.2426092723126,Anastacia - Club Megamix,0.8103825781285219,Classified - Freezin In The Cold,0.7988456064628982,Sage Francis - Keep Moving,0.7965843346099727,Lauryn Hill - Interlude 5,502.1481159322982,Beastie Boys - B-Boy Bouillabaisse: A.W.O.L. (2009 Digital Remaster),443.9962909802845,Eminem - 8 Mile,364.02583198662154,Lauryn Hill - Interlude 5,191.96594118576837,Big Brovaz - Find A Way,171.92989099147206,N-Dubz - Work Work,164.2285504686108,Heidi Montag - Blackout,195.24543790215083,No Use For A Name - Why Doesn't Anybody Like Me?,189.84794092625688,Faithless - The Man In You,185.1195005585504,Lauryn Hill - Interlude 5,0.3511943615445117,Faithless - The Man In You,0.35113785145002796,No Use For A Name - Why Doesn't Anybody Like Me?,0.34131478752378197
TRGNBCC128F92F6218,SOYFJUA12AB01856D2,ARLSC551187B99C55C,N-Dubz,Work Work,reggae,Lauryn Hill - Interlude 5,11505.0,Twista - I'm A Winner (Amended Album Version),10897.0,Beastie Boys - B-Boy Bouillabaisse: A.W.O.L. (2009 Digital Remaster),9802.0,Lauryn Hill - Interlude 5,10356.839999999978,Twista - I'm A Winner (Amended Album Version),10146.63999999984,Erykah Badu - I Want You,9069.019999999966,Jonny Lang - Breakin Me,600.1696658553262,Babyface - Seven Seas,600.0244813725362,Blues Traveler - Hook,597.9224370013482,Jonny Lang - Breakin Me,0.7639274271923284,Blues Traveler - Hook,0.7608740278481594,Michael Jackson - Call On Me,0.7571903437041304,Lauryn Hill - Interlude 5,545.1998300722199,Vanilla Ice - Ice Is Workin' It,403.6963404081788,Beastie Boys - B-Boy Bouillabaisse: A.W.O.L. (2009 Digital Remaster),397.5035457812679,Vanilla Ice - Ice Is Workin' It,257.9765359682021,Lauryn Hill - Interlude 5,250.79936963935822,The Pharcyde - Passin' Me By,194.2712621833237,Ricky Van Shelton - Don't We All Have the Right,225.04031638406192,Vanilla Ice - Ice Is Workin' It,223.23722257976087,The Seahorses - I Want You To Know,213.41331729160495,Vanilla Ice - Ice Is Workin' It,0.3770832505036232,The Pharcyde - Passin' Me By,0.3518716790406187,Lauryn Hill - Interlude 5,0.34801553757370135
TRDNAVT128F428A246,SOSCPLZ12A8C1394B1,ARD2NDU1187B99B615,Dropkick Murphys,Good Rats (Live),reggae,Lauryn Hill - Interlude 5,2195.0,Michael Jackson - Man In The Mirror,1431.0,Beastie Boys - B-Boy Bouillabaisse: A.W.O.L. (2009 Digital Remaster),1338.0,Lauryn Hill - Interlude 5,1941.080000000004,Michael Jackson - Man In The Mirror,1213.3050000000017,Beastie Boys - B-Boy Bouillabaisse: A.W.O.L. (2009 Digital Remaster),1125.6525000000106,Billy Currington - That's How Country Boys Roll,512.9132516498369,The Dubliners - The Molly Maguires,501.9584951287322,Fiddler's Green - Sporting Day,488.86152908262807,Billy Currington - That's How Country Boys Roll,0.657535505639407,The Dubliners - The Molly Maguires,0.6432944513954494,Fad Gadget - Plain Clothes,0.6290135716103537,Beastie Boys - B-Boy Bouillabaisse: A.W.O.L. (2009 Digital Remaster),217.8072512747864,Lauryn Hill - Interlude 5,205.2427306223572,Snoop Dogg - Snoopafella (Edited),196.977866301114,Snoop Dogg - Snoopafella (Edited),114.47209861261338,Bellamy Brothers - Old Hippie,107.4427985443763,Moe Bandy - The Strawberry Roan,93.84368648761934,Rosanne Cash - Tennessee Flat Top Box,218.97554143676192,Tony Joe White - Roosevelt And Ira Lee,218.26694079026012,Bellamy Brothers - Old Hippie,215.1779381531294,Bellamy Brothers - Old Hippie,0.33864243276531386,Tony Joe White - Roosevelt And Ira Lee,0.33453118257541825,Snoop Dogg - Snoopafella (Edited),0.3310972995691688
TRRHCOS128F4248193,SOCUAWC12A8C1310A4,ARPK4HR1187B9A289D,Tito El Bambino,Sol_ Playa Y Arena,reggae,Violadores del Verso - Dale tiempo al rumor,2235.0,Abba - Move On,2188.0,Horace Andy - Horse With No Name,2053.0,Violadores del Verso - Dale tiempo al rumor,2155.147500000009,Abba - Move On,2123.582500000059,Horace Andy - Horse With No Name,1995.039999999961,Joan Manuel Serrat - La Aristocracia del Barrio,672.5897662828187,Inti Illimani - El Arado,646.4804727581135,Panteón Rococó - La Carencia,640.5655931751022,Joan Manuel Serrat - La Aristocracia del Barrio,0.8433432581377369,Inti Illimani - El Arado,0.8110985297468967,Panteón Rococó - La Carencia,0.8038636516652001,Violadores del Verso - Dale tiempo al rumor,527.3817911252643,Violadores del Verso - Cantando,491.052816446029,Violadores del Verso - La ciudad nunca duerme,474.0229956910574,Violadores del Verso - Dale tiempo al rumor,483.0308951752709,Violadores del Verso - Cantando,447.84365200543715,Violadores del Verso - La ciudad nunca duerme,436.4889634008661,Panteón Rococó - La Carencia,547.4962889940196,Ricardo Arjona - Ayudame Freud,545.6249826928122,Inti Illimani - El Arado,539.3908674104931,Panteón Rococó - La Carencia,0.6944424179063705,Ricardo Arjona - Ayudame Freud,0.6926906419026801,Inti Illimani - El Arado,0.682725985910779
TRFGOUF128F9348838,SONUORR12AB018724D,AR1WWVL1187B9B0306,UB40,I Don't Want To See You Cry,reggae,Lauryn Hill - Interlude 5,3817.0,Eminem - My Darling,3186.0,Beastie Boys - B-Boy Bouillabaisse: A.W.O.L. (2009 Digital Remaster),3168.0,Lauryn Hill - Interlude 5,3463.7200000000403,Eminem - My Darling,2969.759999999968,Twista - I'm A Winner (Amended Album Version),2927.120000000035,Edith Piaf - Dont Cry,627.5668800322746,Magic Affair - Give Me All Your Love,604.7403123361581,Mutya Buena - Not Your Baby,604.7401099641456,Edith Piaf - Dont Cry,0.790234069658965,Magic Affair - Give Me All Your Love,0.7687326152611303,Mutya Buena - Not Your Baby,0.7672056400262521,Tech N9ne - One Good Time,200.1361094886025,Beastie Boys - B-Boy Bouillabaisse: A.W.O.L. (2009 Digital Remaster),198.1219735716517,Lauryn Hill - Interlude 5,167.9066378975428,Tech N9ne - One Good Time,135.40511003630186,Miami Sound Machine - Words Get In The Way,124.5549547462365,Lionel Richie - Just For You,97.47113784885327,Lionel Richie - Just For You,263.5825748552832,Miami Sound Machine - Words Get In The Way,253.04016025688892,Nina Simone - After You've Gone (live),237.62720278708304,Lionel Richie - Just For You,0.3769886539969388,Miami Sound Machine - Words Get In The Way,0.36943077757185455,Tech N9ne - One Good Time,0.36171538701517797
TRQLICG12903CBFAFD,SOGXHTF12A58A7C7E8,AR1WWVL1187B9B0306,UB40,Come Back Darling,reggae,Lauryn Hill - Interlude 5,2963.0,Twista - I'm A Winner (Amended Album Version),2877.0,Eminem - My Darling,2360.0,Lauryn Hill - Interlude 5,2716.4399999999814,Twista - I'm A Winner (Amended Album Version),2715.86499999997,Danity Kane - Hold Me Down (Album Version),2213.765000000002,Gerry Rafferty - Waiting For The Day,530.436562845077,Bizzy Bone - I Need You,512.0636841567093,Tift Merritt - Your Love Made A U Turn,480.2166871015953,Gerry Rafferty - Waiting For The Day,0.6728692587949101,Bizzy Bone - I Need You,0.6513328013771283,Tift Merritt - Your Love Made A U Turn,0.612880444924604,Eminem - My Darling,182.22274598018186,Keri Noble - Piece Of My Heart,136.28218366141817,Dionne Warwick - This Empty Place,126.0198863772553,Eminem - My Darling,136.1759164975264,Dionne Warwick - This Empty Place,112.19408190405935,Keri Noble - Piece Of My Heart,110.16673486609177,Percy Sledge - My Special Prayer,317.35972481944685,Etta James - My Dearest Darling,310.5997110814889,Johnny Nash - Stir It Up,307.6339287315223,Percy Sledge - My Special Prayer,0.41675382079356826,Etta James - My Dearest Darling,0.4076260866728643,Johnny Nash - Stir It Up,0.4049864397425945
TREKDZI128F146A972,SOLFMIZ12A6D4F8330,AR1WWVL1187B9B0306,UB40,Here I Am (Come And Take Me),reggae,Lauryn Hill - Interlude 5,5488.0,Danity Kane - Hold Me Down (Album Version),4568.0,Five - That's What You Told Me,4255.0,Lauryn Hill - Interlude 5,5027.999999999934,Danity Kane - Hold Me Down (Album Version),4354.874999999938,Five - That's What You Told Me,4078.7500000000255,Death In Vegas - Girls,619.9505029207618,Michael Penn - Comfort,603.8267140193386,Robbie Williams - Come Take Me Over,597.4317700566418,Death In Vegas - Girls,0.7854551562363201,Michael Penn - Comfort,0.7626239386627091,Robbie Williams - Come Take Me Over,0.7564987115415288,Lauryn Hill - Interlude 5,194.7211486229674,Beastie Boys - B-Boy Bouillabaisse: A.W.O.L. (2009 Digital Remaster),183.5268865288602,Danity Kane - Hold Me Down (Album Version),170.5456537707462,Danity Kane - Hold Me Down (Album Version),119.48470749914978,Will.I.Am - Fantastic,110.81395894236934,Róisín Murphy - Checkin' On Me,109.64777923733146,R. Kelly - Hump Bounce,224.88468297394863,Dr Feelgood - You Shouldn't Call The Doctor (If You Can't Afford The Bills),216.3662334350797,Ringo Starr - Where Did Our Love Go,215.57242971878372,R. Kelly - Hump Bounce,0.3313970699904889,Dr Feelgood - You Shouldn't Call The Doctor (If You Can't Afford The Bills),0.3263468247254336,Will.I.Am - Fantastic,0.32185252509107937
TRJDXEG128E07820DB,SOZPNNF12A6310D8B1,AR1WWVL1187B9B0306,UB40,Light My Fire,reggae,Lauryn Hill - Interlude 5,2535.0,Vanilla Ice - It's A Party,2189.0,Britney Spears - Radar,2163.0,Lauryn Hill - Interlude 5,2235.080000000004,Britney Spears - Radar,2068.663750000004,Vanilla Ice - It's A Party,2051.6724999999965,The Replacements - Love You Till Friday,462.519698440436,Britney Spears - Radar,435.38711926453567,Ray Charles - Don't You Know,429.0645163409805,The Replacements - Love You Till Friday,0.5880806944021267,Britney Spears - Radar,0.554978867028928,Ray Charles - Don't You Know,0.551834497937665,Beastie Boys - B-Boy Bouillabaisse: A.W.O.L. (2009 Digital Remaster),140.25476193103606,Thousand Foot Krutch - Set It Off,125.71378939664868,Anastacia - Club Megamix,119.48027610319457,Thousand Foot Krutch - Set It Off,100.1663771151053,Alphaville - Ariana,97.68057834687234,Peter Tosh - Buk-In-Hamm Palace (2002 Digital Remaster),96.2212003996279,Bic Runga - Say After Me,296.4072583027935,Peter Tosh - Buk-In-Hamm Palace (2002 Digital Remaster),255.96059928754806,Alphaville - Ariana,240.4632414737862,Bic Runga - Say After Me,0.3984362253519866,Peter Tosh - Buk-In-Hamm Palace (2002 Digital Remaster),0.349443518783483,Alphaville - Ariana,0.32405407404840153
TRKHYKB128E0789D42,SOHQEMS12A6701C57C,ARJ7KF01187B98D717,Coldplay,Til Kingdom Come,rock,Lauryn Hill - Interlude 5,4973.0,Twista - I'm A Winner (Amended Album Version),3977.0,Beastie Boys - B-Boy Bouillabaisse: A.W.O.L. (2009 Digital Remaster),3941.0,Lauryn Hill - Interlude 5,4592.11999999995,Twista - I'm A Winner (Amended Album Version),3728.082500000032,Beastie Boys - B-Boy Bouillabaisse: A.W.O.L. (2009 Digital Remaster),3622.478750000029,Dusty Springfield - Meditation,615.0308632556666,Vashti Bunyan - Hidden,610.6440653828927,Babyface - Seven Seas,598.1000472578215,Dusty Springfield - Meditation,0.7784636791500714,Vashti Bunyan - Hidden,0.77258069039817,Babyface - Seven Seas,0.754821056135441,Lauryn Hill - Interlude 5,211.94465623097366,Beastie Boys - B-Boy Bouillabaisse: A.W.O.L. (2009 Digital Remaster),153.7747806104696,Eric B. & Rakim - I Know You Got Soul,151.9469941663279,Alicia Keys - Tell You Something (Nana's Reprise),103.33942781733282,Suicidal Tendencies - Which Way To Free?,101.98005855886827,RBD - Wanna Play,100.40524111789401,Suicidal Tendencies - Which Way To Free?,254.10124934603598,Al Jarreau - Look What You've Done For Me,231.54417876941608,Jack Greene - Until My Dreams Come True,229.09186181655744,Suicidal Tendencies - Which Way To Free?,0.3484527872996233,Al Jarreau - Look What You've Done For Me,0.3350577531255037,Jack Greene - Until My Dreams Come True,0.3132452574519866
TRDVELE128F932810A,SOIHOTW12A8C142198,AR91C8S1187B990901,Bruce Springsteen,Brothers Under The Bridges ('83),rock,Lauryn Hill - Interlude 5,2450.0,Beastie Boys - B-Boy Bouillabaisse: A.W.O.L. (2009 Digital Remaster),2066.0,The Pharcyde - Otha Fish,1452.0,Lauryn Hill - Interlude 5,2098.5600000000063,Beastie Boys - B-Boy Bouillabaisse: A.W.O.L. (2009 Digital Remaster),1772.0987500000206,The Pharcyde - Otha Fish,1269.35625,Johnny Cash - Daddy Sang Bass,469.9451601929653,Opera IX - Immortal Chant,461.46279980981336,Johnny Horton - The Battle Of New Orleans,455.7376375415182,Johnny Cash - Daddy Sang Bass,0.6116343519536278,Opera IX - Immortal Chant,0.5962167831877467,Chris De Burgh - Last Night,0.5930172769734592,Beastie Boys - B-Boy Bouillabaisse: A.W.O.L. (2009 Digital Remaster),291.49915554773094,Snoop Dogg - Snoopafella (Edited),253.5806504423578,Lauryn Hill - Interlude 5,228.10960562346847,Snoop Dogg - Snoopafella (Edited),146.60957916578053,Us3 - Just Another Brother,131.4316625838343,Dar Williams - Mortal City,129.93921853066288,Dave Alvin - Ashgrove,199.00962516430036,Savoy Brown - Savoy Brown Boogie,197.38310377404744,Snoop Dogg - Snoopafella (Edited),193.79593630380842,Snoop Dogg - Snoopafella (Edited),0.35117143462214406,Dave Alvin - Ashgrove,0.3253746046175679,John Denver - El Paso,0.3202767399182631
TRCONIY128F932A7DA,SOEFSBZ12A8C1359C4,AR91C8S1187B990901,Bruce Springsteen,The Big Payback,rock,Lauryn Hill - Interlude 5,5271.0,Beastie Boys - B-Boy Bouillabaisse: A.W.O.L. (2009 Digital Remaster),4785.0,Twista - I'm A Winner (Amended Album Version),3872.0,Lauryn Hill - Interlude 5,4888.279999999993,Beastie Boys - B-Boy Bouillabaisse: A.W.O.L. (2009 Digital Remaster),4464.939999999969,Eminem - 8 Mile,3626.460000000057,Beastie Boys - B-Boy Bouillabaisse: A.W.O.L. (2009 Digital Remaster),635.2708881082823,Big L - Lifestylez Ov Da Poor & Dangerous,634.4690801642762,Us3 - It's Like That,631.6418343186771,Beastie Boys - B-Boy Bouillabaisse: A.W.O.L. (2009 Digital Remaster),0.8014098433669898,Big L - Lifestylez Ov Da Poor & Dangerous,0.8009351075131131,Us3 - It's Like That,0.7979321421748253,Beastie Boys - B-Boy Bouillabaisse: A.W.O.L. (2009 Digital Remaster),211.23711852180935,Lauryn Hill - Interlude 5,184.39767452744385,Twista - Overdose (Album Version),174.42818306878928,Shaggy - Luv Me Up,115.76358323826815,Beastie Boys - B-Boy Bouillabaisse: A.W.O.L. (2009 Digital Remaster),98.84364983526501,Vanilla Ice - Ice Is Workin' It,98.73702095640748,The Brian Setzer Orchestra - Nosey Joe,249.92881233753695,The Replacements - God Damn Job,236.11017463099196,Bob Marley - Stop The Train,211.4854071311662,The Brian Setzer Orchestra - Nosey Joe,0.3510737631613514,The Replacements - God Damn Job,0.30743141189780065,Andrew Jackson Jihad - Survival Song,0.29890500557096944
TRWULBB128F42670A3,SOFVHKR12A8C1325B4,AR91C8S1187B990901,Bruce Springsteen,The Ties That Bind,rock,Lauryn Hill - Interlude 5,4341.0,Twista - I'm A Winner (Amended Album Version),3105.0,Eminem - My Darling,2922.0,Lauryn Hill - Interlude 5,4020.840000000017,Twista - I'm A Winner (Amended Album Version),2895.764999999996,Eminem - My Darling,2726.0325000000034,Harry Belafonte - Angelina,629.035273335712,Kevin Devine - It's Only Your Life,617.7864671833784,"Brand New Heavies_ The - You Are The Universe (Roger's Universal 7"" Edit)",604.4761172867229,Harry Belafonte - Angelina,0.7944302817928415,Kevin Devine - It's Only Your Life,0.7804209889691062,Lynyrd Skynyrd - That Smell,0.7612256605901778,Beastie Boys - B-Boy Bouillabaisse: A.W.O.L. (2009 Digital Remaster),171.6754043162,Lauryn Hill - Interlude 5,160.81109765324553,DMX - Keep Your Shit The Hardest,146.7499938519748,Floetry - Getting Late,109.69601442314021,Brownstone - 5 Miles To Empty,98.3254315439564,Paula Abdul - Crazy Cool,86.03092358572628,Willie Dixon - That's My Baby,247.1165952151338,David Bisbal - Cry For Me,214.78546008207667,Joe Bonamassa - Walk In My Shadow,209.67683862412977,Willie Dixon - That's My Baby,0.3502561814223953,David Bisbal - Cry For Me,0.321433603072285,Floetry - Getting Late,0.31671292102201914
TROQFYY128F429DBA0,SOBNUTR12A8C140BE8,ARVG4OK1187B9B6BD3,The Killers,Sam's Town,rock,Lauryn Hill - Interlude 5,4587.0,Beastie Boys - B-Boy Bouillabaisse: A.W.O.L. (2009 Digital Remaster),4306.0,Eminem - 8 Mile,3493.0,Lauryn Hill - Interlude 5,4158.279999999961,Beastie Boys - B-Boy Bouillabaisse: A.W.O.L. (2009 Digital Remaster),3947.471249999935,Nelly - Splurge,3269.513749999973,Beastie Boys - B-Boy Bouillabaisse: A.W.O.L. (2009 Digital Remaster),647.5845594778458,Common - Book Of Life,630.9644671136085,King Tee - Act A Fool,630.818709259688,Beastie Boys - B-Boy Bouillabaisse: A.W.O.L. (2009 Digital Remaster),0.8217607082764979,King Tee - Act A Fool,0.8015094165955842,Common - Book Of Life,0.7984623757492492,Beastie Boys - B-Boy Bouillabaisse: A.W.O.L. (2009 Digital Remaster),346.99305117853675,Lauryn Hill - Interlude 5,244.50318121265198,Eminem - My Darling,218.3758250521759,Beastie Boys - B-Boy Bouillabaisse: A.W.O.L. (2009 Digital Remaster),181.85288297856613,Willie Nelson - Remember Me,111.36659923041029,Michael Jackson - Man In The Mirror,109.80477904238818,Joss Stone - You Had Me (Live),207.9623425057777,Beastie Boys - B-Boy Bouillabaisse: A.W.O.L. (2009 Digital Remaster),195.2969832181541,Rosanne Cash - This World,178.72884995267842,Beastie Boys - B-Boy Bouillabaisse: A.W.O.L. (2009 Digital Remaster),0.36709339286069853,Joss Stone - You Had Me (Live),0.33016742719862846,Bobbie Gentry - Fancy,0.3118916902678039
TRHFADH128F92E2BE3,SOKCLGX12A67ADD6BF,ARR3ONV1187B9A2F59,Muse,Pink Ego Box,rock,Lauryn Hill - Interlude 5,2509.0,Twista - I'm A Winner (Amended Album Version),2423.0,Beastie Boys - B-Boy Bouillabaisse: A.W.O.L. (2009 Digital Remaster),2104.0,Lauryn Hill - Interlude 5,2308.4400000000146,Twista - I'm A Winner (Amended Album Version),2291.9274999999675,Eminem - My Darling,1938.2387500000352,Jonny Lang - Breakin Me,590.4904431044026,Scars Of Life - Descending,573.8464146664138,Fats Domino - Blue Monday,567.0299879185613,Jonny Lang - Breakin Me,0.7476291582548186,Scars Of Life - Descending,0.7271239409724597,Fats Domino - Blue Monday,0.7173548088939216,Beastie Boys - B-Boy Bouillabaisse: A.W.O.L. (2009 Digital Remaster),102.4101157685192,Aaron Carter - That's How I Beat Shaq,94.54485739345975,Lauryn Hill - Interlude 5,88.76150463766542,Aaron Carter - That's How I Beat Shaq,65.62079838005077,The Chi-Lites - Have You Seen Her,65.4781353868281,Jon B. - Inside,62.812885784161516,Vangelis - Albedo 0.39,221.72349265630078,Josh Groban - Un Giorno Per Noi (Album Version),187.75381613205334,Darude - Feel The Beat,187.04184746445011,Vangelis - Albedo 0.39,0.2944773835006182,Jon B. - Inside,0.2668552175775101,Incognito - Get Into My Groove,0.2631080160935279
TROAQBZ128F9326213,SONYKOW12AB01849C9,AR73S4G1187B9A03C2,OneRepublic,Secrets,rock,Beastie Boys - B-Boy Bouillabaisse: A.W.O.L. (2009 Digital Remaster),4649.0,Lauryn Hill - Interlude 5,4646.0,Eminem - 8 Mile,4144.0,Beastie Boys - B-Boy Bouillabaisse: A.W.O.L. (2009 Digital Remaster),4161.216249999995,Lauryn Hill - Interlude 5,4062.7199999999984,Eminem - 8 Mile,3775.88375000003,DUNCAN SHEIK - House Full Of Riches (LP Version),514.9187740278297,Wayne Hancock - Johnson City,514.6752883347625,A Tribe Called Quest - Hot Sex,513.2562658844931,A Tribe Called Quest - Hot Sex,0.6615110333655913,Wayne Hancock - Johnson City,0.6610239550759045,DUNCAN SHEIK - House Full Of Riches (LP Version),0.6587729878647447,Beastie Boys - B-Boy Bouillabaisse: A.W.O.L. (2009 Digital Remaster),271.0653632873345,Lauryn Hill - Interlude 5,254.6676783877678,Eminem - 8 Mile,230.83041311739836,N-Dubz - Shoulda Put Something On,133.69237488787422,Anastacia - Club Megamix,133.48380608209885,Set Your Goals - like you to me,130.66167566455303,Harry Connick_ Jr. - I'm Gonna Be The First One,214.9409203005552,Soft Cell - Secret Life,197.34823938476399,Katie Melua - In My Secret Life,176.89486884811663,Harry Connick_ Jr. - I'm Gonna Be The First One,0.31373785516137775,Soft Cell - Secret Life,0.3042954010134691,Anastacia - Club Megamix,0.28795539940005543
TRVZCTL128E078F0BE,SOMBDFC12A67FFB370,ARDVZTE1187FB5A0A1,Bon Jovi,Come Back,rock,Lauryn Hill - Interlude 5,5431.0,The Simpsons - Do The Bartman,4639.0,Eminem - My Darling,4343.0,Lauryn Hill - Interlude 5,4858.759999999977,The Simpsons - Do The Bartman,4330.332499999916,K-Ci & JoJo - Baby Come Back,4096.568749999944,Dionne Warwick - This Empty Place,566.2499952832126,Public Enemy - Hit The Road Jack,492.3296211061516,Gerry Rafferty - Waiting For The Day,486.5422984332714,Dionne Warwick - This Empty Place,0.7176919689742273,Public Enemy - Hit The Road Jack,0.627924595508214,Gotye - Coming Back,0.6207378400836331,Beastie Boys - B-Boy Bouillabaisse: A.W.O.L. (2009 Digital Remaster),201.5426151824211,Lauryn Hill - Interlude 5,175.29892870459494,Eminem - My Darling,170.29327336124425,Jodeci - I'm Still Waiting,120.55521781839538,Keith Sweat - Whatever You Want (LP Version),115.19031559880166,Anastacia - Club Megamix,110.94287954449817,Slim Harpo - One More Day,270.9222259857304,Janet Jackson - It All Comes Down To Love (Interlude),270.77688266045396,Ginuwine - Only When ur Lonely,252.9622011995633,Ginuwine - Only When ur Lonely,0.37032918696298256,Slim Harpo - One More Day,0.3687422606021652,Keith Sweat - Whatever You Want (LP Version),0.35525814894943936
TRAERPT128F931103E,SODLKUO12A8C13CA35,ARFCUN31187B9AD578,The Rolling Stones,Time Is On My Side,rock,Lauryn Hill - Interlude 5,5512.0,Beastie Boys - B-Boy Bouillabaisse: A.W.O.L. (2009 Digital Remaster),4177.0,Twista - I'm A Winner (Amended Album Version),4150.0,Lauryn Hill - Interlude 5,5004.159999999953,Twista - I'm A Winner (Amended Album Version),3818.110000000008,Beastie Boys - B-Boy Bouillabaisse: A.W.O.L. (2009 Digital Remaster),3752.3050000000194,Rebelution - Bump,493.9961866687233,Emiliana Torrini - Sunny Road,486.63711307123305,Pete Murray - My Time,483.7595391223927,Rebelution - Bump,0.6317245601863423,Emiliana Torrini - Sunny Road,0.6220350993992969,Pete Murray - My Time,0.6179537643526559,Lauryn Hill - Interlude 5,214.6208393311095,Matisyahu - Close My Eyes,168.65677196373127,Beastie Boys - B-Boy Bouillabaisse: A.W.O.L. (2009 Digital Remaster),165.67780179929264,Boyz II Men - A Song For Mama,125.28892536231399,K-Ci & JoJo - Baby Come Back,123.87971336180655,Robin Trower - Day Of The Eagle,122.7235197920311,Kelly Clarkson - Anytime,260.4996409605096,K-Ci & JoJo - Baby Come Back,241.47757949145384,Boyz II Men - A Song For Mama,233.1193052025026,Kelly Clarkson - Anytime,0.3710027060439447,K-Ci & JoJo - Baby Come Back,0.3469099092669185,Boyz II Men - A Song For Mama,0.3386671725872323
TRQXTQT128E0781DA7,SOOPTNE12A58A7A9C2,ARFCUN31187B9AD578,The Rolling Stones,Fight (1994 Digital Remaster),rock,Twista - I'm A Winner (Amended Album Version),2633.0,Beastie Boys - B-Boy Bouillabaisse: A.W.O.L. (2009 Digital Remaster),2473.0,Lauryn Hill - Interlude 5,2374.0,Twista - I'm A Winner (Amended Album Version),2404.5250000000306,Beastie Boys - B-Boy Bouillabaisse: A.W.O.L. (2009 Digital Remaster),2180.6374999999825,N-Dubz - Don't Get Nine,2057.412499999983,Slick Rick - Let's Get Crazy,460.1172469608526,Black Eyed Peas - Boom Boom Guetta,457.5723531491032,Us3 - Knowledge Of Self,436.6231804234667,Slick Rick - Let's Get Crazy,0.5869260451657785,Black Eyed Peas - Boom Boom Guetta,0.5821427032702406,Us3 - Knowledge Of Self,0.5641824284529502,Public Enemy - Fight The Power,196.20071875185616,Beastie Boys - B-Boy Bouillabaisse: A.W.O.L. (2009 Digital Remaster),194.5416732548719,Eminem - 8 Mile,180.49878615497374,Public Enemy - Fight The Power,159.49857137280307,Ke$ha - TiK ToK,110.59430698322306,Robin Thicke - Shadow of Doubt,107.96638852108937,Public Enemy - Fight The Power,239.78268007891967,Adequate Seven - Protest Beat,220.4183551518622,Robin McKelle - Something's Gotta Give,214.47337814181498,Public Enemy - Fight The Power,0.34429651111524195,Adequate Seven - Protest Beat,0.30982097721786406,Robin McKelle - Something's Gotta Give,0.3055071868079065
TRAUYZG12903CDA4E9,SOFZXTF12AB018D64B,ARDVZTE1187FB5A0A1,Bon Jovi,This Ain't A Love Song,rock,Lauryn Hill - Interlude 5,7508.0,Beastie Boys - B-Boy Bouillabaisse: A.W.O.L. (2009 Digital Remaster),6756.0,Twista - I'm A Winner (Amended Album Version),6284.0,Lauryn Hill - Interlude 5,6852.960000000011,Beastie Boys - B-Boy Bouillabaisse: A.W.O.L. (2009 Digital Remaster),6208.205000000045,Twista - I'm A Winner (Amended Album Version),5855.9100000000535,Less Than Jake - I Think I Love You,644.1485863274789,Shai - Waiting For The Day,630.9623987210773,A Tribe Called Quest - Hot Sex,624.6569360170291,Less Than Jake - I Think I Love You,0.811090689424452,Shai - Waiting For The Day,0.7967035442383458,A Tribe Called Quest - Hot Sex,0.7912724714500076,Lauryn Hill - Interlude 5,288.4863481339311,Tech N9ne - One Good Time,226.69557573769484,Beastie Boys - B-Boy Bouillabaisse: A.W.O.L. (2009 Digital Remaster),221.04041914268106,Common - I Want You,141.07543495539534,N-Dubz - Work Work,132.9452335731251,Tech N9ne - One Good Time,127.95578896896124,As I Lay Dying - The Innocence Spilled,214.8765259254086,Common - I Want You,212.24888580004412,K-Ci & JoJo - Fee Fie Foe Fum,210.27849932832606,Common - I Want You,0.3469059117531473,K-Ci & JoJo - Fee Fie Foe Fum,0.32738056314916103,Matthew Ryan - They Were Wrong,0.320896153928784
TRGESLP12903CE31C8,SORXQLX12AB018DCD0,ARDVZTE1187FB5A0A1,Bon Jovi,Superman Tonight,rock,Lauryn Hill - Interlude 5,6716.0,Twista - I'm A Winner (Amended Album Version),6492.0,Eminem - My Darling,4885.0,Lauryn Hill - Interlude 5,6210.00000000008,Twista - I'm A Winner (Amended Album Version),6161.3124999999445,Erykah Badu - I Want You,4660.031250000016,Harry Belafonte - Angelina,595.2981678741857,Clawfinger - Revenge,590.2742947552829,Tom T. Hall - I Care,573.4959989741077,Harry Belafonte - Angelina,0.7536153983852064,Clawfinger - Revenge,0.7473253085125915,Tom T. Hall - I Care,0.7251740232902367,Beastie Boys - B-Boy Bouillabaisse: A.W.O.L. (2009 Digital Remaster),217.96399879387747,Lauryn Hill - Interlude 5,211.7983066816239,Eminem - 8 Mile,205.6497376055973,Afroman - Let's All Get Drunk,137.84111608535596,Aaron Neville - Don't Fall Apart On Me Tonight,126.08376668797663,Aesop Rock - Night Light,118.16272539530723,Edge Of Dawn - Beauty Lies Within,251.44853177228197,Bebo Norman - Other Side of Day,212.68735952791204,Lunascape - Praise Me,210.49568151770913,Edge Of Dawn - Beauty Lies Within,0.35695410967711794,Bebo Norman - Other Side of Day,0.3208432283231859,Aaron Neville - Don't Fall Apart On Me Tonight,0.31149683455591703
TRPAYRK128E0792986,SOINXHP12AF729AF64,ARM7EDF1187B9B3FA1,Guns N' Roses,Bad Obsession,rock,Lauryn Hill - Interlude 5,4959.0,Vanilla Ice - Ice Is Workin' It,4298.0,Daft Punk - Touch It / Technologic,4243.0,Lauryn Hill - Interlude 5,4482.4399999999405,Vanilla Ice - Ice Is Workin' It,4072.670000000015,Daft Punk - Touch It / Technologic,4054.901250000032,Robbie Williams - It's De-Lovely,548.5793625592137,Eric B. & Rakim - I Know You Got Soul,534.9199321105274,Tanya Tucker - Complicated,534.864377521399,Robbie Williams - It's De-Lovely,0.6938261070099185,Eric B. & Rakim - I Know You Got Soul,0.6816632591373338,Tanya Tucker - Complicated,0.6806678579502222,Lauryn Hill - Interlude 5,220.30824589571276,Twista - Overdose (Album Version),219.52012204574984,Beastie Boys - B-Boy Bouillabaisse: A.W.O.L. (2009 Digital Remaster),206.9533764704095,Joss Stone - Killing Time,129.95730789650065,KMD - Plumskinzz (Loose Hoe_ God & Cupid),121.06070616477025,Twista - Overdose (Album Version),118.11818568424917,Empty Trash - Last Man In The Bar,254.40072600458268,Joss Stone - Killing Time,234.83290843788117,Sophie Zelmani - Foolish,209.13111606527983,Empty Trash - Last Man In The Bar,0.3526212131816878,Joss Stone - Killing Time,0.3413954463335779,Fiddler's Green - Kma Goodbye,0.29823634342328476
TRKMXIA128F4299423,SOEOSFP12A8C137912,ARULZ741187B9AD2EF,Elvis Presley,Anything That's Part Of You,rock,Lauryn Hill - Interlude 5,2391.0,Twista - I'm A Winner (Amended Album Version),2099.0,Erykah Badu - I Want You,1814.0,Lauryn Hill - Interlude 5,2219.8799999999887,Twista - I'm A Winner (Amended Album Version),1987.1675000000173,Erykah Badu - I Want You,1751.1087500000158,Syleena Johnson - All Of Me,597.1086309601365,Angela Bofill - I Try,589.1196995472818,Rachael Yamagata - Even So,583.9572880768812,Syleena Johnson - All Of Me,0.7539599172690951,Angela Bofill - I Try,0.7443406805485832,Rachael Yamagata - Even So,0.7396256980430455,Lauryn Hill - Interlude 5,116.1694125063013,N-Dubz - Work Work,83.89587812150121,Atmosphere - Hair,82.22789580015245,Jessica Simpson - For Your Love,64.43313882669285,Onelinedrawing - Smile,62.5289212818345,Van Hunt - Highlights,59.80285852739056,Ladyhawke - Love Don't Live Here,219.56968417268922,City And Colour - Love Don't Live Here Anymore,214.71338874465346,Onelinedrawing - Smile,209.93807523446208,Ladyhawke - Love Don't Live Here,0.3067375770714575,City And Colour - Love Don't Live Here Anymore,0.29587284037487227,Onelinedrawing - Smile,0.29306405227337134
TRTQRHY128F4241AFD,SORQYLM12A8C132BCF,ARCVKG01187B9B3273,Flyleaf,So I Thought,rock,Lauryn Hill - Interlude 5,5229.0,Beastie Boys - B-Boy Bouillabaisse: A.W.O.L. (2009 Digital Remaster),4046.0,Nelly - Splurge,3444.0,Lauryn Hill - Interlude 5,4724.840000000028,Beastie Boys - B-Boy Bouillabaisse: A.W.O.L. (2009 Digital Remaster),3624.382500000028,Nelly - Splurge,3192.947500000052,The Streets - The Irony Of It All (Album Version),542.8408829519104,Manafest - Runaway,534.2412179665846,Jeffrey Lewis - Gold,532.1062243928151,The Streets - The Irony Of It All (Album Version),0.6995095732471781,Jeffrey Lewis - Gold,0.6827983773603467,Manafest - Runaway,0.6821591001210576,Lauryn Hill - Interlude 5,297.1820211326169,Beastie Boys - B-Boy Bouillabaisse: A.W.O.L. (2009 Digital Remaster),283.87411716621716,KRS-One - The Truth,193.49081524605572,KRS-One - The Truth,120.8209519716564,Maroon 5 - Nothing Lasts Forever,120.21345448315529,Lauryn Hill - Interlude 5,116.453410043467,Bayside - Don't Call Me Peanut,199.73185100592747,Gary Moore - With Love (Remember),194.07538803609526,Tristan Prettyman - Song For The Rich,193.5646882028888,Bayside - Don't Call Me Peanut,0.30510264553929917,Tristan Prettyman - Song For The Rich,0.30492043236405975,Gary Moore - With Love (Remember),0.2925568950997795
TRXIEYZ128E078891B,SOQQWFI12A67020F95,ARN5NHX1187FB4F755,The Smashing Pumpkins,You're All I've Got Tonight,rock,Lauryn Hill - Interlude 5,4719.0,Twista - I'm A Winner (Amended Album Version),4640.0,Erykah Badu - I Want You,4321.0,Twista - I'm A Winner (Amended Album Version),4460.827499999957,Lauryn Hill - Interlude 5,4444.839999999974,Erykah Badu - I Want You,4220.238750000061,Faithless - Flowerstand Man,632.2521615798059,Edith Piaf - Dont Cry,629.3135199645462,Gabrielle - Don't Need The Sun To Shine (To Make Me Smile),626.7068571512671,Faithless - Flowerstand Man,0.7947222995250784,Edith Piaf - Dont Cry,0.7910766026911562,Gabrielle - Don't Need The Sun To Shine (To Make Me Smile),0.7877065265735056,Lloyd Cole - I Didn't Know That You Cared,102.44242251896485,Afroman - Let's All Get Drunk,100.66777959591333,Avant - Out of Character,93.89782576016322,Lloyd Cole - I Didn't Know That You Cared,91.40959695781746,Modern Lovers - Someone i care about,79.57949047935845,Ledisi - Alright,79.31347478024503,Lloyd Cole - I Didn't Know That You Cared,308.30704705059895,Modern Lovers - Someone i care about,288.16137992986984,Tony Bennett - Who Cares (So Long As You Care For Me),251.16466027909323,Lloyd Cole - I Didn't Know That You Cared,0.41072733163090114,Modern Lovers - Someone i care about,0.3841206571628474,Useless I.D. - It's Alright,0.3405485902399533
TRTGMIX128EF35E2B9,SOBEQEO12A6D4F6589,ARVN9FZ1187FB393F1,Snow Patrol,Signal Fire,rock,Lauryn Hill - Interlude 5,4296.0,Danity Kane - Hold Me Down (Album Version),3898.0,Twista - I'm A Winner (Amended Album Version),3534.0,Lauryn Hill - Interlude 5,3922.479999999976,Danity Kane - Hold Me Down (Album Version),3724.942500000053,Twista - I'm A Winner (Amended Album Version),3289.892500000029,Voxtrot - Kid Gloves,604.9059801291012,Willie Nelson - There You Are,550.4773826429442,Cephalic Carnage - Eradicate Authority,546.5748368490409,Voxtrot - Kid Gloves,0.7653227497600648,Willie Nelson - There You Are,0.7006864206843921,Cephalic Carnage - Eradicate Authority,0.6970056264866659,Kanye West - Diamonds From Sierra Leone,154.52471869048895,Lauryn Hill - Interlude 5,152.34778900942345,Mobb Deep - Trife Life,142.65345293503458,Next - I Still Love You,97.64804971803534,Kanye West - Diamonds From Sierra Leone,93.79084799821825,STRATOVARIUS - Elements,93.55165300198952,Willie Nelson - There You Are,238.88585761108024,Cracker - Forever,238.00406396068027,Watchout! Theres Ghosts - Remember Me_ Oh God_ For Good,226.70172580136438,Willie Nelson - There You Are,0.3415864999955494,Cracker - Forever,0.32933202966418107,Watchout! Theres Ghosts - Remember Me_ Oh God_ For Good,0.327584359367888
TRHPKWO128F92E01D5,SOSRIAT12AB017A92E,ARVN9FZ1187FB393F1,Snow Patrol,The Lightning Strike,rock,Lauryn Hill - Interlude 5,9419.0,Beastie Boys - B-Boy Bouillabaisse: A.W.O.L. (2009 Digital Remaster),6572.0,Twista - I'm A Winner (Amended Album Version),6061.0,Lauryn Hill - Interlude 5,8618.600000000039,Beastie Boys - B-Boy Bouillabaisse: A.W.O.L. (2009 Digital Remaster),5902.643749999935,Twista - I'm A Winner (Amended Album Version),5537.91250000004,Jeffrey Lewis - Gold,634.6916454466995,Momus - Closer To You,633.7160011101795,OutKast - ATLiens,626.0270778905132,Momus - Closer To You,0.8061828556434271,Jeffrey Lewis - Gold,0.804429407966123,OutKast - ATLiens,0.7972870340363347,Lauryn Hill - Interlude 5,423.9230178354112,Eminem - 8 Mile,412.59072517091306,Savatage - The Hourglass,379.21328618766285,Savatage - The Hourglass,162.30392817792605,Ja Rule - One of Us,160.87712557315245,Eminem - 8 Mile,160.63600042608655,The Flatliners - This Respirator,238.5621667166226,Supreme Majesty - Towards The Northern Star,190.9396674404972,The Flatliners - Mastering The World's Smallest Violin,187.4104321836058,The Flatliners - This Respirator,0.37628015898896555,The Flatliners - Mastering The World's Smallest Violin,0.3245185941547025,Savatage - The Hourglass,0.3231135054865335
TRDMUWU128E078EDDB,SOSXSMM12B0B808B45,ARH3S5S1187FB4F76B,Nirvana,Dumb,rock,Eminem - 8 Mile,5761.0,Mario Vazquez - Everytime I...,5532.0,Rufio - Over It (Acoustic),5293.0,Eminem - 8 Mile,5542.684999999879,Mario Vazquez - Everytime I...,5426.250000000128,Rufio - Over It (Acoustic),5175.735000000044,Lucky Dube - Slave,681.7999419116356,Björk - Hunter,654.1813095661036,MNEMIC - Liquid,651.9568724068022,Lucky Dube - Slave,0.854320402942529,Björk - Hunter,0.8202833315542979,MNEMIC - Liquid,0.8176680877007546,Aqua - Happy Boys & Girls,142.38900708251722,Classified - All About U,125.17750510831897,Edwin Starr - H.A.P.P.Y. Radio,119.29956563019947,Aqua - Happy Boys & Girls,120.51991092101052,Edwin Starr - H.A.P.P.Y. Radio,99.36224788127953,Neil Sedaka - That's When The Music Takes Me,92.66630493591433,Neil Sedaka - That's When The Music Takes Me,255.58103393130298,Toni Braxton - Snowflakes Of Love,236.25542479390606,Aqua - Happy Boys & Girls,231.59099271205358,Neil Sedaka - That's When The Music Takes Me,0.3490258060153254,Toni Braxton - Snowflakes Of Love,0.33112767084481226,Aqua - Happy Boys & Girls,0.32478711829288587
TRXEAZB128E078EDCE,SOCUARC12A6701E94D,ARH3S5S1187FB4F76B,Nirvana,Something In The Way,rock,Beastie Boys - B-Boy Bouillabaisse: A.W.O.L. (2009 Digital Remaster),1654.0,The Pharcyde - Otha Fish,1620.0,Lauryn Hill - Interlude 5,1569.0,The Pharcyde - Otha Fish,1515.7687499999845,Beastie Boys - B-Boy Bouillabaisse: A.W.O.L. (2009 Digital Remaster),1486.2762499999992,Lauryn Hill - Interlude 5,1368.4400000000287,The Mighty Mighty Bosstones - 1-2-8,428.09816383803366,Thomas Dolby - I Live In A Suitcase,394.9928099242773,Sophie Milman - Something In The Air Between Us,393.53100995493855,The Mighty Mighty Bosstones - 1-2-8,0.5449923084908624,Sophie Milman - Something In The Air Between Us,0.5030027606581198,Thomas Dolby - I Live In A Suitcase,0.502848558997199,Whitney Houston - Thinking About You,162.70602691447817,Kurupt - It Ain't About You,149.04111699627452,Mos Def - The Easy Spell,148.9996968624534,Whitney Houston - Thinking About You,149.54692554267567,Mos Def - The Easy Spell,127.44544055777271,Javier - Slow Motion,124.05355158884578,Rory Gallagher - Out On The Western Plain,335.15374337348953,Reel Big Fish - I'm Cool,331.5825659336833,T.Rex - London Boys,326.29395113962636,Rory Gallagher - Out On The Western Plain,0.4289492249151803,Reel Big Fish - I'm Cool,0.42753047382327286,T.Rex - London Boys,0.4185292448046304
TRLKNKC128F42BC213,SOBDDMF12A8C142F73,ART3U3E1187B99B1B8,Switchfoot,Oh! Gravity.,rock,Abba - Move On,3476.0,Horace Andy - Horse With No Name,3220.0,Daft Punk - Touch It / Technologic,1979.0,Abba - Move On,3380.9075000000494,Horace Andy - Horse With No Name,3134.439999999948,Daft Punk - Touch It / Technologic,1843.9174999999825,Salif Keita - Tu Vas Me Manquer,469.16586122589865,Blur - This Is A Low,430.7203251994963,Horace Andy - Horse With No Name,430.3049446414476,Salif Keita - Tu Vas Me Manquer,0.5984292252518563,Sanctus Real - Dear Heart,0.5492418123628318,Blur - This Is A Low,0.5465566391201769,Beastie Boys - B-Boy Bouillabaisse: A.W.O.L. (2009 Digital Remaster),176.576924009299,Lauryn Hill - Interlude 5,144.7436881953949,Bran Van 3000 - Carry On,144.0695971103457,Bran Van 3000 - Carry On,108.38468349770787,Ray Davies - Next Door Neighbour,101.61956509020987,Petey Pablo - La Di Da Da Da,98.90982341404332,Bachman-Turner Overdrive - Can We All Come Together,214.1864372463892,Deana Carter - Brand New Key,205.4328592948522,Ray Davies - Next Door Neighbour,203.7895814665536,Bachman-Turner Overdrive - Can We All Come Together,0.29932103236840996,Ray Davies - Next Door Neighbour,0.2976949243976112,Deana Carter - Brand New Key,0.29398840267381016
TRVQBRZ128F423EEDC,SOLTQZY12A8C13262F,AR8V1WA1187B9AD9E9,The White Stripes,Hotel Yorba,rock,Lauryn Hill - Interlude 5,3474.0,Beastie Boys - B-Boy Bouillabaisse: A.W.O.L. (2009 Digital Remaster),3262.0,Twista - I'm A Winner (Amended Album Version),2985.0,Lauryn Hill - Interlude 5,3133.599999999972,Beastie Boys - B-Boy Bouillabaisse: A.W.O.L. (2009 Digital Remaster),2977.3312500000334,Twista - I'm A Winner (Amended Album Version),2762.5375000000217,RODNEY CROWELL - Preachin' To The Choir,606.5864696285863,Eminem - Rabbit Run,604.9777531657508,Us3 - It's Like That,603.9690898344016,RODNEY CROWELL - Preachin' To The Choir,0.7702018377557985,Eminem - Rabbit Run,0.7697022889326173,OutKast - Claimin' True,0.7676113742511766,Lauryn Hill - Interlude 5,264.3781450692848,Beastie Boys - B-Boy Bouillabaisse: A.W.O.L. (2009 Digital Remaster),209.5434401497894,The Simpsons - Do The Bartman,180.66547951701543,Lauryn Hill - Interlude 5,130.8485004807068,Clipse - Dirty Money,104.20578295249382,The Simpsons - Do The Bartman,103.64067260295766,Calvin Harris - Merrymaking At My Place,230.07408069397664,The Mavericks - I've Got This Feeling,213.7998859200263,Joss Stone - Dirty Man,196.96348358258922,Biz Markie - Albee Square Mall,0.3258205458310727,Lauryn Hill - Interlude 5,0.324482152817397,Calvin Harris - Merrymaking At My Place,0.32146837063344796
TRBNXZS12903D0A686,SOECMVP12AB018584E,AR8V1WA1187B9AD9E9,The White Stripes,Prickly Thorn_ But Sweetly Worn (Live),rock,Electrelane - Cut And Run,2005.0,Tryo - Yakamonéyé,2000.0,Fonky Family - Sans Rémission,1840.0,Electrelane - Cut And Run,1951.9899999999989,Tryo - Yakamonéyé,1926.5300000000632,The Darkness - Givin' Up (Clean Version),1807.085000000026,Emilie Simon - Dame De Lotus,555.4640338852673,Clannad - Newgrange,493.0770481231481,Desorden Público - Cachos De Vaca,490.6127625738727,Emilie Simon - Dame De Lotus,0.696014386308457,Clannad - Newgrange,0.6197551352362225,Desorden Público - Cachos De Vaca,0.6164114922991636,Prince - I Love U In Me ( LP Version),83.79730184552692,Momus - Closer To You,81.1703874161026,Lauryn Hill - Interlude 5,81.11178433128131,Terranova - Burbujas De Amor,60.46213430436952,Richie Spice - Empress,59.78985676493936,Patsy Cline - I Can See An Angel,56.535655702780666,Cirque du Soleil - Aureus,234.18248480680847,Veronica Maggio - Gammal sång,198.74399676652158,Brooks & Dunn - You're My Angel,193.5821271552314,Cirque du Soleil - Aureus,0.3102906675389302,Brooks & Dunn - You're My Angel,0.2649470575356275,Veronica Maggio - Gammal sång,0.25856912948032007
TRGGBKA128F428E461,SOUOWLT12B0B8090EE,AR8V1WA1187B9AD9E9,The White Stripes,St. Andrew (This Battle Is In The Air),rock,Beastie Boys - B-Boy Bouillabaisse: A.W.O.L. (2009 Digital Remaster),1264.0,R. Kelly - I Mean (I Don't Mean It),1222.0,Eminem - 8 Mile,1219.0,R. Kelly - I Mean (I Don't Mean It),1177.6112499999829,Beastie Boys - B-Boy Bouillabaisse: A.W.O.L. (2009 Digital Remaster),1176.2912499999711,Eminem - 8 Mile,1152.8087499999915,Johnny Cash - I Don't Know Where I'm Bound,579.5312632383107,Nancy Sinatra - Flowers On The Wall,572.8779159313327,K'Naan - Soobax,566.3564283439498,Johnny Cash - I Don't Know Where I'm Bound,0.7305466957501099,Nancy Sinatra - Flowers On The Wall,0.7234409976117012,K'Naan - Soobax,0.7154168297111289,Prince - I Love U In Me ( LP Version),66.4349952915838,All-4-One - When I Needed an Angel,56.53697506436717,Andrew Lloyd Webber - Wandering Child,56.142830607619175,All-4-One - When I Needed an Angel,49.46658427129254,Andrew Lloyd Webber - Wandering Child,49.25038307862443,Steel Pulse - Sound Check,49.01467728636339,All-4-One - When I Needed an Angel,258.29552250307927,Andrew Lloyd Webber - Wandering Child,238.7729961579601,Brooks & Dunn - You're My Angel,229.90392149729192,All-4-One - When I Needed an Angel,0.3500052399973628,Andrew Lloyd Webber - Wandering Child,0.3249942827587003,Brooks & Dunn - You're My Angel,0.30818643838821613
TRICQHX128F93269FC,SOCBJHG12AB018221C,ARHWR8B1187FB557D3,The Decemberists,I Was Meant For the Stage,rock,Lauryn Hill - Interlude 5,3248.0,Beastie Boys - B-Boy Bouillabaisse: A.W.O.L. (2009 Digital Remaster),2799.0,Eminem - My Darling,2409.0,Lauryn Hill - Interlude 5,2968.3199999999983,Beastie Boys - B-Boy Bouillabaisse: A.W.O.L. (2009 Digital Remaster),2565.109999999965,Eminem - My Darling,2237.8100000000004,On Thorns I Lay - Unsung Songs,542.3081383149312,Snoop Dogg - Snoopafella (Edited),539.7041938054612,Stephanie McIntosh - Overcome,527.8077813118878,On Thorns I Lay - Unsung Songs,0.6896120792620495,Snoop Dogg - Snoopafella (Edited),0.68744313583429,Stephanie McIntosh - Overcome,0.6718526262720028,Eminem - My Darling,171.038395677466,Mobb Deep - Trife Life,160.10712042640915,The Maine - You Left Me,152.26869540570866,The Maine - You Left Me,128.39591786294335,Kelly Clarkson - Cry,109.97153592255243,Mary J. Blige - Can't Get You Off My Mind,105.89177087017329,The Beautiful Mistake - Stavesail,234.77824155572094,Alphaville - 20th Century,233.34261342948912,Sia - Lentil (Live),214.59596783127023,Alphaville - 20th Century,0.32690647470676215,The Beautiful Mistake - Stavesail,0.31275264745318765,Sia - Lentil (Live),0.30880126872952374
TRAFWEV128F428D391,SOLUABP12AF72A2CD2,ARQRQRA12131B4B5A8,Cake,Alpha Beta Parking Lot,rock,Public Enemy - Go Cat Go,1168.0,Bowling For Soup - Here We Go,932.0,Jill Scott - Watching ME,909.0,Public Enemy - Go Cat Go,1114.0599999999804,Bowling For Soup - Here We Go,881.5400000000121,Jill Scott - Watching ME,861.149999999999,Allure - When The Shades Go Down,395.03482412612806,Memphis Minnie - Down In The Alley,324.752637011459,Status Quo - Going Down Town Tonight,317.9193621831931,Allure - When The Shades Go Down,0.5072720027291517,Memphis Minnie - Down In The Alley,0.4217757702746407,Status Quo - Going Down Town Tonight,0.4132216074206019,Atmosphere - Breathing,123.1073907876425,Kurupt - It Ain't About You,120.78723568455844,Dilated Peoples - Expansion Team Theme,111.24979590364873,Atmosphere - Breathing,85.94227396953971,Lupe Fiasco - I Gotcha (Amended Album Version),76.24731532635302,Melanie - Baby Day,76.1885315251495,Disco - Enemmän,228.39415162242747,Juha Tapio - Sitä jotakin,208.04897968674337,The Black Keys - When The Lights Go Out,207.87678412958897,Disco - Enemmän,0.2899222336297087,The Black Keys - When The Lights Go Out,0.28710156381688884,Juha Tapio - Sitä jotakin,0.2654071157477848
TRJRIBM128E0788E18,SODMWLI12AF72A4B62,ARN5NHX1187FB4F755,The Smashing Pumpkins,An Ode To No One,rock,Lauryn Hill - Interlude 5,5496.0,Twista - I'm A Winner (Amended Album Version),4564.0,Beastie Boys - B-Boy Bouillabaisse: A.W.O.L. (2009 Digital Remaster),4194.0,Lauryn Hill - Interlude 5,5113.2799999999925,Twista - I'm A Winner (Amended Album Version),4313.879999999955,Beastie Boys - B-Boy Bouillabaisse: A.W.O.L. (2009 Digital Remaster),3873.9399999999896,Blues Traveler - Hook,636.1583047969114,Anastacia - Club Megamix,617.8956422802407,Eminem - My Darling,613.6707668029842,Blues Traveler - Hook,0.8039964189580877,Anastacia - Club Megamix,0.7826352889810418,Eminem - My Darling,0.7773461322803495,Eminem - My Darling,180.59359843536154,Beastie Boys - B-Boy Bouillabaisse: A.W.O.L. (2009 Digital Remaster),168.1217382789589,Lauryn Hill - Interlude 5,151.74766735840075,Eminem - My Darling,103.67432005942204,Black Eyed Peas - A8,90.72585481071111,Lee Ryan - Real Love,89.32327993255977,Iggy Pop - Sixteen,242.1065666729505,Bon Jovi - Come Back,230.00150999179633,Kelly Clarkson - Anytime,215.82287742554095,Iggy Pop - Sixteen,0.3407964155459448,Bon Jovi - Come Back,0.3374242766942529,Kelly Clarkson - Anytime,0.32678090305799623
TRIVTJA128F92C1E80,SOITHUR12D021B2253,AR4EQ231187B99368F,The Fray,Over My Head (Cable Car),rock,Beastie Boys - B-Boy Bouillabaisse: A.W.O.L. (2009 Digital Remaster),5072.0,Lauryn Hill - Interlude 5,4981.0,Eminem - 8 Mile,3802.0,Beastie Boys - B-Boy Bouillabaisse: A.W.O.L. (2009 Digital Remaster),4618.068750000001,Lauryn Hill - Interlude 5,4438.199999999989,Rufio - Over It (Acoustic),3577.993749999989,A Tribe Called Quest - Baby Phife's Return,535.0137745811439,Aztec Camera - Over My Head,533.3349853981053,Aceyalone - Impact,530.2316162817457,A Tribe Called Quest - Baby Phife's Return,0.6872381079484433,Aceyalone - Impact,0.6811183880332392,Beastie Boys - B-Boy Bouillabaisse: A.W.O.L. (2009 Digital Remaster),0.6807915148652416,Beastie Boys - B-Boy Bouillabaisse: A.W.O.L. (2009 Digital Remaster),277.92667765937495,Lauryn Hill - Interlude 5,217.11182780416365,N-Dubz - Sex,210.00375227761825,N-Dubz - Sex,136.93323569877876,Amy Studt - Seconds Away,129.47365576967186,The Arrogant Sons Of Bitches - Kill The President,118.34550919673825,Thursday - Beyond The Visible Spectrum,219.241867143239,Amy Studt - Seconds Away,217.20058748170248,Strapping Young Lad - Detox,213.03564244499356,N-Dubz - Sex,0.32514909593966324,Thursday - Beyond The Visible Spectrum,0.31993276805138277,The Charlie Daniels Band - Sweetwater Texas,0.3197311966414819
TRFLRXQ128F4280CCC,SOSUBHV12AF72A4220,ARNBMT71187B993523,Interpol,No I In Threesome,rock,Lauryn Hill - Interlude 5,3523.0,Beastie Boys - B-Boy Bouillabaisse: A.W.O.L. (2009 Digital Remaster),2279.0,The Pharcyde - Otha Fish,1809.0,Lauryn Hill - Interlude 5,3147.6399999999867,Beastie Boys - B-Boy Bouillabaisse: A.W.O.L. (2009 Digital Remaster),1965.0949999999928,The Pharcyde - Otha Fish,1613.924999999993,Digable Planets - Time & Space (A New Refutation Of),539.333960945079,Jamiroquai - Virtual Insanity,490.0259481620951,KRS ONE - I'm On The Mic,482.0625047596433,Digable Planets - Time & Space (A New Refutation Of),0.6941691458972855,Jamiroquai - Virtual Insanity,0.6360508790162288,KRS ONE - I'm On The Mic,0.6276982836863315,Lauryn Hill - Interlude 5,205.9539438366789,Ryan Leslie - Just Right,187.58490474069114,Beastie Boys - B-Boy Bouillabaisse: A.W.O.L. (2009 Digital Remaster),181.86958714618086,Bob Marley & The Wailers - Baby We've Got A Date (Rock It Baby),144.30797889715913,Ryan Leslie - Just Right,143.5786010052857,Billie Piper - Day And Night,125.6544703066355,T.Rex - The Street And Babe Shadow,247.4815866284489,Bob Marley & The Wailers - Baby We've Got A Date (Rock It Baby),243.22781300128062,Billie Piper - Day And Night,236.41199945670178,Billie Piper - Day And Night,0.33586684608589795,Bob Marley & The Wailers - Baby We've Got A Date (Rock It Baby),0.33555657579203935,T.Rex - The Street And Babe Shadow,0.3346984703563309
TRYBPGK128F4255BE3,SOMZRXL12A81C224B9,ARNBMT71187B993523,Interpol,Pace Is The Trick,rock,Lauryn Hill - Interlude 5,7670.0,Twista - I'm A Winner (Amended Album Version),6745.0,Erykah Badu - I Want You,6282.0,Lauryn Hill - Interlude 5,7263.360000000086,Twista - I'm A Winner (Amended Album Version),6479.247499999938,Erykah Badu - I Want You,6132.548750000067,Hello Saferide - Get Sick Soon,651.9543447399587,The Puppini Sisters - I Will Survive,651.8017523514459,Next - I Still Love You,650.2688461439317,Hello Saferide - Get Sick Soon,0.8193274341404784,The Puppini Sisters - I Will Survive,0.8188116606805397,Next - I Still Love You,0.817231008371945,UGK (Underground Kingz) - She Luv It,141.12281677311742,Collie Buddz - Mamacita,136.41648554920948,Beastie Boys - B-Boy Bouillabaisse: A.W.O.L. (2009 Digital Remaster),133.9063174198266,Collie Buddz - Mamacita,116.1158296923088,UGK (Underground Kingz) - She Luv It,106.0874942995506,Boyz II Men - I'll Make Love To You,88.90040437563654,Junkie XL - Today,239.33730711346863,Collie Buddz - Mamacita,228.73718942768147,Massive Attack - Saturday Come Slow,205.18217241758072,Junkie XL - Today,0.3295784382183359,Collie Buddz - Mamacita,0.3198544655362285,Jon B. - Love Don't Do,0.28808374585232194
TRGXNCJ128F425FB1C,SOMUPLQ12A8C137A19,ARD4C1I1187FB4B0C3,Pink Floyd,Embryo,rock,Beastie Boys - B-Boy Bouillabaisse: A.W.O.L. (2009 Digital Remaster),570.0,Eminem - 8 Mile,522.0,The Roots - Mellow My Man,477.0,Beastie Boys - B-Boy Bouillabaisse: A.W.O.L. (2009 Digital Remaster),520.7600000000052,Eminem - 8 Mile,484.8399999999963,The Roots - Mellow My Man,450.71999999999787,Jazzamor - a piece of my heart,507.0969722716395,Mos Def - Life Is Real,464.0499113366708,Z-RO - Pain,451.06606224084544,Jazzamor - a piece of my heart,0.644044563029919,Mos Def - Life Is Real,0.5921780421560326,Z-RO - Pain,0.5784299846612481,Marques Houston - Cancel (Album Version),56.85558563186577,Organized Konfusion - Releasing Hypnotical Gases,54.16555721752364,Eminem - 8 Mile,48.01866708090246,Marques Houston - Cancel (Album Version),47.19901692651085,Organized Konfusion - Releasing Hypnotical Gases,39.42127753268595,Midnite - Bak Bone,38.77514283995873,Puppetmastaz - Re-Evolute,199.5990805486711,General Surgery - Viva ! blunt force trauma,196.94778356765016,Marques Houston - Cancel (Album Version),173.64273889609535,Puppetmastaz - Re-Evolute,0.26676783768516676,General Surgery - Viva ! blunt force trauma,0.2559140682024051,Marques Houston - Cancel (Album Version),0.24843192478837733
TRFNRGN128E0791E0E,SOWIUZN12AF72A8206,AROAILX1187FB3F858,Buckcherry,Borderline,rock,Lauryn Hill - Interlude 5,4443.0,Twista - I'm A Winner (Amended Album Version),3252.0,Beastie Boys - B-Boy Bouillabaisse: A.W.O.L. (2009 Digital Remaster),3012.0,Lauryn Hill - Interlude 5,4052.9199999999705,Twista - I'm A Winner (Amended Album Version),2997.070000000005,Beastie Boys - B-Boy Bouillabaisse: A.W.O.L. (2009 Digital Remaster),2685.784999999983,Blondie - Bang A Gong/Funtime (Live),505.8345099227805,Omarion - Slow Dancin',503.8631390479637,Del Amitri - Driving With The Brakes On,490.0144362709012,Omarion - Slow Dancin',0.6478263358315635,Blondie - Bang A Gong/Funtime (Live),0.6445612454740545,Del Amitri - Driving With The Brakes On,0.6304138813128498,Mos Def - The Easy Spell,287.670595132757,Kurupt - It Ain't About You,263.6405342481546,Beastie Boys - B-Boy Bouillabaisse: A.W.O.L. (2009 Digital Remaster),244.5475657580165,Mos Def - The Easy Spell,231.97398288659937,Whitney Houston - Thinking About You,203.80756329281826,TLC - Shock Dat Monkey,191.20240791422773,Rory Gallagher - Out On The Western Plain,359.93456205149795,T.Rex - London Boys,350.23905349763527,Dwight Yoakam - My Bucket's Got a Hole In It (2006 Remastered Live Version),320.034987924356,Rory Gallagher - Out On The Western Plain,0.46515414541999806,T.Rex - London Boys,0.4546274756807271,Dwight Yoakam - My Bucket's Got a Hole In It (2006 Remastered Live Version),0.4251838263537402
TROLTZX128E0791C1A,SOJMWLO12CF5CFD711,ARK9TRQ1187B99C095,Nine Inch Nails,March Of The Pigs,rock,Lauryn Hill - Interlude 5,3227.0,Daft Punk - Touch It / Technologic,3205.0,Vanilla Ice - Ice Is Workin' It,3145.0,Daft Punk - Touch It / Technologic,3084.4424999999974,Vanilla Ice - Ice Is Workin' It,3000.5800000000586,Lauryn Hill - Interlude 5,2921.5600000000345,Kosheen - I Want It All,644.2345963874966,Incognito - Givin' It Up,570.1049932519552,Utada - The Workout,569.9332393077073,Kosheen - I Want It All,0.8101077396977312,Utada - The Workout,0.721850688965359,Incognito - Givin' It Up,0.7214450813240924,Twiztid - She Ain't Afraid,168.76403710595486,Lauryn Hill - Interlude 5,140.4352630696693,Set Your Goals - like you to me,138.5704572094769,Twiztid - She Ain't Afraid,106.44508528583762,Set Your Goals - like you to me,95.73442255307197,Korn - Let's Do This Now,95.16377075397318,Bad Boys Blue - Do What You Do,228.4887318212809,Korn - Let's Do This Now,223.36852370271387,Jonny Lang - Back For A Taste Of Your Love,212.1601603716694,Bad Boys Blue - Do What You Do,0.32753588338044926,Korn - Let's Do This Now,0.32561546217782694,Set Your Goals - like you to me,0.30432794722246426
TRJZZCN128E07938C5,SOCKPDE12A8C142F18,ARK9TRQ1187B99C095,Nine Inch Nails,Burn,rock,Lauryn Hill - Interlude 5,7001.0,Twista - I'm A Winner (Amended Album Version),6435.0,Erykah Badu - I Want You,5628.0,Lauryn Hill - Interlude 5,6495.000000000068,Twista - I'm A Winner (Amended Album Version),6104.312499999914,Erykah Badu - I Want You,5442.031250000018,Leonard Cohen - Iodine,547.5183095994105,Dawn of Relic - The Awakening,538.4069080177452,KATAKLYSM - Beyond Salvation,535.8444094997366,Leonard Cohen - Iodine,0.6934422098783025,Dawn of Relic - The Awakening,0.6826999556404979,Brian McKnight - The Biggest Part Of Me,0.6781740625850733,Lauryn Hill - Interlude 5,217.88503077001866,Eminem - 8 Mile,177.14766409123047,Recoil - Curse,173.18502070978016,Ill Niño - Re-Birth,122.38878625011478,Ladyhawke - Crazy World,121.64679769329663,Seventh Day Slumber - Burning Bridges,108.81078835986882,Shadows Fall - A Fire In Babylon,251.03833574461908,Ladyhawke - Crazy World,247.23179141613355,Morcheeba - Part Of The Process,244.3623392742858,Shadows Fall - A Fire In Babylon,0.34660816841290354,Ladyhawke - Crazy World,0.33680073039527303,Morcheeba - Part Of The Process,0.33621684335833607
TRCZLLQ128E0792778,SOQQTFV12A6701C5F6,ARK9TRQ1187B99C095,Nine Inch Nails,Something I Can Never Have,rock,Lauryn Hill - Interlude 5,5843.0,Twista - I'm A Winner (Amended Album Version),5555.0,Erykah Badu - I Want You,4630.0,Lauryn Hill - Interlude 5,5382.999999999938,Twista - I'm A Winner (Amended Album Version),5254.374999999919,Erykah Badu - I Want You,4460.937499999963,Bouncing Souls_ The - Pervert,567.775430345964,Eminem - Rabbit Run,561.5433040622762,Alexandra Burke - Overcome,556.3967817333488,Bouncing Souls_ The - Pervert,0.7191572913316754,Eminem - Rabbit Run,0.7142202978242902,Scars Of Life - Descending,0.7064460518795056,Lauryn Hill - Interlude 5,225.7761115544357,Eminem - 8 Mile,185.04805956399974,Beastie Boys - B-Boy Bouillabaisse: A.W.O.L. (2009 Digital Remaster),173.83920565049195,Lauryn Hill - Interlude 5,110.35660139063654,Amber Pacific - The Right to Write Me Off,102.98381520530693,Alexandra Burke - Overcome,100.83922688041534,Field Music - You're Not Supposed To,245.61187720184444,The Offspring - Get It Right (Album Version),239.75893354799723,Alexandra Burke - Overcome,234.676232635542,The Offspring - Get It Right (Album Version),0.34977862876956956,Alexandra Burke - Overcome,0.3444831792545253,Field Music - You're Not Supposed To,0.3347328997010867
TRUIAKW128F428C787,SOKFHMY12A8C13EB40,AR16GSC1187B9A6291,Eagles,It's Your World Now,rock,Lauryn Hill - Interlude 5,2221.0,Beastie Boys - B-Boy Bouillabaisse: A.W.O.L. (2009 Digital Remaster),1948.0,Vanilla Ice - Ice Is Workin' It,1874.0,Lauryn Hill - Interlude 5,1917.4000000000065,Vanilla Ice - Ice Is Workin' It,1730.4499999999855,Beastie Boys - B-Boy Bouillabaisse: A.W.O.L. (2009 Digital Remaster),1694.106249999985,M People - It's Your World,519.8406963766741,Dungeon Family - Trans DF Express,506.7369938994254,Jeru The Damaja - Physical Stamina,503.653646967724,M People - It's Your World,0.6596681150755037,Dungeon Family - Trans DF Express,0.6553116452402609,Jeru The Damaja - Physical Stamina,0.6538628246021678,Beastie Boys - B-Boy Bouillabaisse: A.W.O.L. (2009 Digital Remaster),183.7721458284369,Lauryn Hill - Interlude 5,178.28464862977103,Anastacia - Club Megamix,155.59717040785748,Sia - Lentil (Live),99.28682974290558,Anastacia - Club Megamix,88.29673953345154,The Pharcyde - Passin' Me By,80.78242309614518,Sia - Lentil (Live),226.15399833889103,Marty Robbins - Ribbon Of Darkness,204.00184904774048,Nightwish - Beauty And The Beast,198.18909594323608,Sia - Lentil (Live),0.33851567562030105,Nightwish - Beauty And The Beast,0.3156802658110083,Marty Robbins - Ribbon Of Darkness,0.3148420177864743
TRCRHFK128F427FD8F,SOLBZDL12CF5F88BE5,AR5FP401187FB523C9,Bob Dylan,Something There Is About You,rock,Lauryn Hill - Interlude 5,3707.0,Beastie Boys - B-Boy Bouillabaisse: A.W.O.L. (2009 Digital Remaster),2735.0,Twista - I'm A Winner (Amended Album Version),2468.0,Lauryn Hill - Interlude 5,3419.959999999985,Beastie Boys - B-Boy Bouillabaisse: A.W.O.L. (2009 Digital Remaster),2494.954999999992,Twista - I'm A Winner (Amended Album Version),2280.409999999955,Momus - Closer To You,594.8935521593102,Bobby Bare - Numbers,584.140318338068,AZ - Rebirth,579.3024827747462,Momus - Closer To You,0.7577498803644956,Bobby Bare - Numbers,0.7458850623957862,AZ - Rebirth,0.7401553649414182,Beastie Boys - B-Boy Bouillabaisse: A.W.O.L. (2009 Digital Remaster),189.50465507593367,Lauryn Hill - Interlude 5,169.70168944369354,Savatage - The Hourglass,144.1905618600006,Kero One - My Story,84.70701361584258,Beastie Boys - B-Boy Bouillabaisse: A.W.O.L. (2009 Digital Remaster),77.75103017771951,KRS-One - The Truth,70.81044547677428,B.B. King - All Over Again,173.04609890694798,The Statler Brothers - How Great Thou Art,164.8275888004012,Blind Pilot - Paint or Pollen,164.65304988390537,Kero One - My Story,0.29575181554392177,Blues Traveler - Hook,0.2833028852246933,Mac Lethal - Rotten Apple Pie,0.27931955230834976
TRMOUUU128F14ADE16,SOJFEHH12A6BD546BE,ART1UFU1187FB4C9B6,Hawk Nelson,From Underneath,rock,Lauryn Hill - Interlude 5,5271.0,Twista - I'm A Winner (Amended Album Version),4153.0,Beastie Boys - B-Boy Bouillabaisse: A.W.O.L. (2009 Digital Remaster),3679.0,Lauryn Hill - Interlude 5,4915.8800000000665,Twista - I'm A Winner (Amended Album Version),3920.917500000032,Erykah Badu - I Want You,3471.483750000039,Clawfinger - Revenge,640.7218513153066,Angela Bofill - I Try,632.3524175530687,Rachael Yamagata - Even So,630.3614566184415,Clawfinger - Revenge,0.8082816309693984,Angela Bofill - I Try,0.7967210771082904,Rachael Yamagata - Even So,0.796042228096731,Lauryn Hill - Interlude 5,216.8876534274578,Beastie Boys - B-Boy Bouillabaisse: A.W.O.L. (2009 Digital Remaster),171.26667589756943,Eminem - 8 Mile,164.51182305143635,Lauryn Hill - Interlude 5,93.43492560284098,Amerie - Can't Let Go,88.26039709313373,Classified - Freezin In The Cold,88.08399702470278,Buck-O-Nine - New Generation,218.50160565229316,The Slackers - Dave's Friend,212.54633659832083,Gil Scott-Heron - Me And The Devil,203.4511434738776,Gil Scott-Heron - Me And The Devil,0.321884101747899,Buck-O-Nine - New Generation,0.3163261231531191,The Slackers - Dave's Friend,0.314846452586858
TRCURQD128F427C75B,SORFOFF12A8C13B65E,ART1UFU1187FB4C9B6,Hawk Nelson,Turn It On,rock,Daft Punk - Touch It / Technologic,5163.0,Vanilla Ice - Ice Is Workin' It,4137.0,Lauryn Hill - Interlude 5,3732.0,Daft Punk - Touch It / Technologic,4960.376250000096,Vanilla Ice - Ice Is Workin' It,3894.269999999964,Vanilla Ice - It's A Party,3466.942500000013,7 Seconds - Still On It,495.90475244933606,Gregory Isaac - Soon Forward,487.7737039284138,Daft Punk - Touch It / Technologic,485.4670189469017,7 Seconds - Still On It,0.628830735698054,Gregory Isaac - Soon Forward,0.6196653660624779,Daft Punk - Touch It / Technologic,0.6156384251057921,Lauryn Hill - Interlude 5,267.10631992102026,Alicia Keys - Tell You Something (Nana's Reprise),230.1172762160297,Beastie Boys - B-Boy Bouillabaisse: A.W.O.L. (2009 Digital Remaster),211.51589746994094,Alicia Keys - Tell You Something (Nana's Reprise),177.591933665802,RBD - Wanna Play,131.34937772928092,Lauryn Hill - Oh Jerusalem,125.59854300095768,Travis - Turn,230.70453584001393,Alicia Keys - Tell You Something (Nana's Reprise),206.72617259290135,Gregory Isaac - Soon Forward,190.59939565846622,Travis - Turn,0.32639157106792405,Alicia Keys - Tell You Something (Nana's Reprise),0.31083137924476933,Crystal Waters - 100% Pure Love,0.2853046956524085
TRRKJGZ128F148128F,SOAQCXS12D02191FC1,ART1UFU1187FB4C9B6,Hawk Nelson,Something On My Mind,rock,Lauryn Hill - Interlude 5,5348.0,Beastie Boys - B-Boy Bouillabaisse: A.W.O.L. (2009 Digital Remaster),5240.0,Eminem - 8 Mile,4451.0,Lauryn Hill - Interlude 5,4783.119999999978,Beastie Boys - B-Boy Bouillabaisse: A.W.O.L. (2009 Digital Remaster),4767.603750000023,Eminem - 8 Mile,4094.496250000016,Violent Femmes - Add It Up,555.3129056343198,2Pac - Strictly 4 My N.I.G.G.A.Z.,553.9372399867834,Bad Cash Quartet - Valentine,546.05330818866,Violent Femmes - Add It Up,0.7084196530693658,2Pac - Strictly 4 My N.I.G.G.A.Z.,0.7072370898212105,Aesop Rock - Battery,0.6977719503390314,Beastie Boys - B-Boy Bouillabaisse: A.W.O.L. (2009 Digital Remaster),282.122351749661,Lauryn Hill - Interlude 5,248.36073773464767,Eminem - 8 Mile,216.34241249595237,Beastie Boys - B-Boy Bouillabaisse: A.W.O.L. (2009 Digital Remaster),139.37643422281675,Michael Jackson - Man In The Mirror,138.91416673248403,Kanye West - Diamonds From Sierra Leone,132.54042321496533,Ferry Corsten - On My Mind,270.11199275343245,Bad Cash Quartet - Valentine,246.7244038295105,Sammie - I Like It (Remix),227.0035734488245,Ferry Corsten - On My Mind,0.356688430480602,Bad Cash Quartet - Valentine,0.3519111176959091,Sammie - I Like It (Remix),0.33546167128735876
